,star_ID,ra_star,dec_star,V_mag,nearby_hst_obs,num_nearby_obs,exposure_name_list
0,* alf Eri,24.42852283,-57.23675281,0.46," obsID   obs_collection dataproduct_type   obs_id  ...    size   parent_obsid dataRights calib_level
-------- -------------- ---------------- --------- ... --------- ------------ ---------- -----------
24576373            HST            image u3au0401t ...  10307520     24576373     PUBLIC           2
24576373            HST            image u3au0401t ...  10307520    207141154     PUBLIC           2
24576373            HST            image u3au0401t ...  10307520    207329831     PUBLIC           2
24576373            HST            image u3au0401t ...   5178240     24576373     PUBLIC           2
24576373            HST            image u3au0401t ...   5178240    207141154     PUBLIC           2
24576373            HST            image u3au0401t ...   5178240    207329831     PUBLIC           2
24576373            HST            image u3au0401t ...  10307520     24576373     PUBLIC           2
24576373            HST            image u3au0401t ...  10307520    207141154     PUBLIC           2
24576373            HST            image u3au0401t ...  10307520    207329831     PUBLIC           2
24576373            HST            image u3au0401t ...   5184000     24576373     PUBLIC           2
24576373            HST            image u3au0401t ...   5184000    207141154     PUBLIC           2
24576373            HST            image u3au0401t ...   5184000    207329831     PUBLIC           2
24576373            HST            image u3au0401t ...  25920000     24576373     PUBLIC           2
24576373            HST            image u3au0401t ...  25920000    207141154     PUBLIC           2
24576373            HST            image u3au0401t ...  25920000    207329831     PUBLIC           2
24576374            HST            image u3au0402t ...  10307520     24576374     PUBLIC           2
24576374            HST            image u3au0402t ...  10307520    207141154     PUBLIC           2
     ...            ...              ...       ... ...       ...          ...        ...         ...
24576375            HST            image u3au0403t ...  25920000    207329831     PUBLIC           2
24679096            HST            image u8u88g01m ...  10293120     24679096     PUBLIC           2
24679096            HST            image u8u88g01m ...   5178240     24679096     PUBLIC           2
24679096            HST            image u8u88g01m ...  10304640     24679096     PUBLIC           2
24679096            HST            image u8u88g01m ...   5184000     24679096     PUBLIC           2
26724880            HST            image jdrz2lhaq ... 168318720     26724885     PUBLIC           2
26724880            HST            image jdrz2lhaq ... 168318720     26724917     PUBLIC           2
26724880            HST            image jdrz2lhaq ... 168318720     26724921     PUBLIC           2
26724880            HST            image jdrz2lhaq ... 168431040     26724885     PUBLIC           2
26724880            HST            image jdrz2lhaq ... 168431040     26724917     PUBLIC           2
26724880            HST            image jdrz2lhaq ... 168431040     26724921     PUBLIC           2
26724883            HST            image jdrz2lhbq ... 168318720     26724885     PUBLIC           2
26724883            HST            image jdrz2lhbq ... 168318720     26724917     PUBLIC           2
26724883            HST            image jdrz2lhbq ... 168318720     26724921     PUBLIC           2
26724883            HST            image jdrz2lhbq ... 168431040     26724885     PUBLIC           2
26724883            HST            image jdrz2lhbq ... 168431040     26724917     PUBLIC           2
26724883            HST            image jdrz2lhbq ... 168431040     26724921     PUBLIC           2
Length = 61 rows",61,"[['mastDownload/HST/u3au0401t/u3au0401t_c0f.fits'], ['mastDownload/HST/u3au0401t/u3au0401t_c0f.fits'], ['mastDownload/HST/u3au0401t/u3au0401t_c0f.fits'], ['mastDownload/HST/u3au0401t/u3au0401t_c0f.fits'], ['mastDownload/HST/u3au0401t/u3au0401t_c0f.fits'], ['mastDownload/HST/u3au0401t/u3au0401t_c0f.fits'], ['mastDownload/HST/u3au0401t/u3au0401t_c0f.fits'], ['mastDownload/HST/u3au0401t/u3au0401t_c0f.fits'], ['mastDownload/HST/u3au0401t/u3au0401t_c0f.fits'], ['mastDownload/HST/u3au0401t/u3au0401t_c0f.fits'], ['mastDownload/HST/u3au0401t/u3au0401t_c0f.fits'], ['mastDownload/HST/u3au0401t/u3au0401t_c0f.fits'], ['mastDownload/HST/u3au0401t/u3au0401t_c0f.fits'], ['mastDownload/HST/u3au0401t/u3au0401t_c0f.fits'], ['mastDownload/HST/u3au0401t/u3au0401t_c0f.fits'], ['mastDownload/HST/u3au0402t/u3au0402t_c0f.fits'], ['mastDownload/HST/u3au0402t/u3au0402t_c0f.fits'], ['mastDownload/HST/u3au0402t/u3au0402t_c0f.fits'], ['mastDownload/HST/u3au0402t/u3au0402t_c0f.fits'], ['mastDownload/HST/u3au0402t/u3au0402t_c0f.fits'], ['mastDownload/HST/u3au0402t/u3au0402t_c0f.fits'], ['mastDownload/HST/u3au0402t/u3au0402t_c0f.fits'], ['mastDownload/HST/u3au0402t/u3au0402t_c0f.fits'], ['mastDownload/HST/u3au0402t/u3au0402t_c0f.fits'], ['mastDownload/HST/u3au0402t/u3au0402t_c0f.fits'], ['mastDownload/HST/u3au0402t/u3au0402t_c0f.fits'], ['mastDownload/HST/u3au0402t/u3au0402t_c0f.fits'], ['mastDownload/HST/u3au0402t/u3au0402t_c0f.fits'], ['mastDownload/HST/u3au0402t/u3au0402t_c0f.fits'], ['mastDownload/HST/u3au0402t/u3au0402t_c0f.fits'], ['mastDownload/HST/u3au0403t/u3au0403t_c0f.fits'], ['mastDownload/HST/u3au0403t/u3au0403t_c0f.fits'], ['mastDownload/HST/u3au0403t/u3au0403t_c0f.fits'], ['mastDownload/HST/u3au0403t/u3au0403t_c0f.fits'], ['mastDownload/HST/u3au0403t/u3au0403t_c0f.fits'], ['mastDownload/HST/u3au0403t/u3au0403t_c0f.fits'], ['mastDownload/HST/u3au0403t/u3au0403t_c0f.fits'], ['mastDownload/HST/u3au0403t/u3au0403t_c0f.fits'], ['mastDownload/HST/u3au0403t/u3au0403t_c0f.fits'], ['mastDownload/HST/u3au0403t/u3au0403t_c0f.fits'], ['mastDownload/HST/u3au0403t/u3au0403t_c0f.fits'], ['mastDownload/HST/u3au0403t/u3au0403t_c0f.fits'], ['mastDownload/HST/u3au0403t/u3au0403t_c0f.fits'], ['mastDownload/HST/u3au0403t/u3au0403t_c0f.fits'], ['mastDownload/HST/u3au0403t/u3au0403t_c0f.fits'], ['mastDownload/HST/u8u88g01m/u8u88g01m_c0f.fits'], ['mastDownload/HST/u8u88g01m/u8u88g01m_c0f.fits'], ['mastDownload/HST/u8u88g01m/u8u88g01m_c0f.fits'], ['mastDownload/HST/u8u88g01m/u8u88g01m_c0f.fits'], ['mastDownload/HST/jdrz2lhaq/jdrz2lhaq_flc.fits'], ['mastDownload/HST/jdrz2lhaq/jdrz2lhaq_flc.fits'], ['mastDownload/HST/jdrz2lhaq/jdrz2lhaq_flc.fits'], ['mastDownload/HST/jdrz2lhaq/jdrz2lhaq_flc.fits'], ['mastDownload/HST/jdrz2lhaq/jdrz2lhaq_flc.fits'], ['mastDownload/HST/jdrz2lhaq/jdrz2lhaq_flc.fits'], ['mastDownload/HST/jdrz2lhbq/jdrz2lhbq_flc.fits'], ['mastDownload/HST/jdrz2lhbq/jdrz2lhbq_flc.fits'], ['mastDownload/HST/jdrz2lhbq/jdrz2lhbq_flc.fits'], ['mastDownload/HST/jdrz2lhbq/jdrz2lhbq_flc.fits'], ['mastDownload/HST/jdrz2lhbq/jdrz2lhbq_flc.fits'], ['mastDownload/HST/jdrz2lhbq/jdrz2lhbq_flc.fits']]"
1,* eta UMa,206.88515734,49.31326673,1.86," obsID   obs_collection dataproduct_type   obs_id  ...    size   parent_obsid dataRights calib_level
-------- -------------- ---------------- --------- ... --------- ------------ ---------- -----------
23975686            HST            image j8ek56c0q ...  10817280     26098298     PUBLIC           2
23975686            HST            image j8ek56c0q ...  10817280     26325957     PUBLIC           2
23975686            HST            image j8ek56c0q ...  10817280     26325964     PUBLIC           2
23975687            HST            image j8ek56c1q ...  10817280     26098298     PUBLIC           2
23975687            HST            image j8ek56c1q ...  10817280     26325957     PUBLIC           2
23975687            HST            image j8ek56c1q ...  10817280     26325964     PUBLIC           2
24050039            HST            image j9cv48xwq ... 168327360     24826335     PUBLIC           2
24050039            HST            image j9cv48xwq ... 168327360     26429119     PUBLIC           2
24050039            HST            image j9cv48xwq ... 168327360     26429151     PUBLIC           2
24050039            HST            image j9cv48xwq ... 168442560     24826335     PUBLIC           2
24050039            HST            image j9cv48xwq ... 168442560     26429119     PUBLIC           2
24050039            HST            image j9cv48xwq ... 168442560     26429151     PUBLIC           2
24050040            HST            image j9cv48xxq ... 168327360     24826335     PUBLIC           2
24050040            HST            image j9cv48xxq ... 168327360     26429119     PUBLIC           2
24050040            HST            image j9cv48xxq ... 168327360     26429151     PUBLIC           2
24050040            HST            image j9cv48xxq ... 168442560     24826335     PUBLIC           2
24050040            HST            image j9cv48xxq ... 168442560     26429119     PUBLIC           2
     ...            ...              ...       ... ...       ...          ...        ...         ...
24710184            HST            image u9zv1o03m ...  10307520     24710184     PUBLIC           2
24710184            HST            image u9zv1o03m ...  10307520    208054089     PUBLIC           2
24710184            HST            image u9zv1o03m ...  10307520    208054114     PUBLIC           2
24710184            HST            image u9zv1o03m ...   5178240     24710184     PUBLIC           2
24710184            HST            image u9zv1o03m ...   5178240    208054089     PUBLIC           2
24710184            HST            image u9zv1o03m ...   5178240    208054114     PUBLIC           2
24710184            HST            image u9zv1o03m ...  10307520     24710184     PUBLIC           2
24710184            HST            image u9zv1o03m ...  10307520    208054089     PUBLIC           2
24710184            HST            image u9zv1o03m ...  10307520    208054114     PUBLIC           2
24710184            HST            image u9zv1o03m ...   5184000     24710184     PUBLIC           2
24710184            HST            image u9zv1o03m ...   5184000    208054089     PUBLIC           2
24710184            HST            image u9zv1o03m ...   5184000    208054114     PUBLIC           2
24710184            HST            image u9zv1o03m ...  25920000     24710184     PUBLIC           2
24710184            HST            image u9zv1o03m ...  25920000    208054089     PUBLIC           2
24710184            HST            image u9zv1o03m ...  25920000    208054114     PUBLIC           2
24733768            HST            image w0z10801t ...  10275840     24733768     PUBLIC           2
24733768            HST            image w0z10801t ...   5155200     24733768     PUBLIC           2
Length = 551 rows",551,"[['mastDownload/HST/j8ek56c0q/j8ek56c0q_flt.fits'], ['mastDownload/HST/j8ek56c0q/j8ek56c0q_flt.fits'], ['mastDownload/HST/j8ek56c0q/j8ek56c0q_flt.fits'], ['mastDownload/HST/j8ek56c1q/j8ek56c1q_flt.fits'], ['mastDownload/HST/j8ek56c1q/j8ek56c1q_flt.fits'], ['mastDownload/HST/j8ek56c1q/j8ek56c1q_flt.fits'], ['mastDownload/HST/j9cv48xwq/j9cv48xwq_flc.fits'], ['mastDownload/HST/j9cv48xwq/j9cv48xwq_flc.fits'], ['mastDownload/HST/j9cv48xwq/j9cv48xwq_flc.fits'], ['mastDownload/HST/j9cv48xwq/j9cv48xwq_flc.fits'], ['mastDownload/HST/j9cv48xwq/j9cv48xwq_flc.fits'], ['mastDownload/HST/j9cv48xwq/j9cv48xwq_flc.fits'], ['mastDownload/HST/j9cv48xxq/j9cv48xxq_flc.fits'], ['mastDownload/HST/j9cv48xxq/j9cv48xxq_flc.fits'], ['mastDownload/HST/j9cv48xxq/j9cv48xxq_flc.fits'], ['mastDownload/HST/j9cv48xxq/j9cv48xxq_flc.fits'], ['mastDownload/HST/j9cv48xxq/j9cv48xxq_flc.fits'], ['mastDownload/HST/j9cv48xxq/j9cv48xxq_flc.fits'], ['mastDownload/HST/j9cv48xzq/j9cv48xzq_flc.fits'], ['mastDownload/HST/j9cv48xzq/j9cv48xzq_flc.fits'], ['mastDownload/HST/j9cv48xzq/j9cv48xzq_flc.fits'], ['mastDownload/HST/j9cv48xzq/j9cv48xzq_flc.fits'], ['mastDownload/HST/j9cv48xzq/j9cv48xzq_flc.fits'], ['mastDownload/HST/j9cv48xzq/j9cv48xzq_flc.fits'], ['mastDownload/HST/j9cv48y1q/j9cv48y1q_flc.fits'], ['mastDownload/HST/j9cv48y1q/j9cv48y1q_flc.fits'], ['mastDownload/HST/j9cv48y1q/j9cv48y1q_flc.fits'], ['mastDownload/HST/j9cv48y1q/j9cv48y1q_flc.fits'], ['mastDownload/HST/j9cv48y1q/j9cv48y1q_flc.fits'], ['mastDownload/HST/j9cv48y1q/j9cv48y1q_flc.fits'], ['mastDownload/HST/j9cv48y3q/j9cv48y3q_flc.fits'], ['mastDownload/HST/j9cv48y3q/j9cv48y3q_flc.fits'], ['mastDownload/HST/j9cv48y3q/j9cv48y3q_flc.fits'], ['mastDownload/HST/j9cv48y3q/j9cv48y3q_flc.fits'], ['mastDownload/HST/j9cv48y3q/j9cv48y3q_flc.fits'], ['mastDownload/HST/j9cv48y3q/j9cv48y3q_flc.fits'], ['mastDownload/HST/j9ps14scq/j9ps14scq_flt.fits'], ['mastDownload/HST/j9ps14scq/j9ps14scq_flt.fits'], ['mastDownload/HST/j9ps14scq/j9ps14scq_flt.fits'], ['mastDownload/HST/j9ps14sdq/j9ps14sdq_flt.fits'], ['mastDownload/HST/j9ps14sdq/j9ps14sdq_flt.fits'], ['mastDownload/HST/j9ps14sdq/j9ps14sdq_flt.fits'], ['mastDownload/HST/j9ps14sfq/j9ps14sfq_flt.fits'], ['mastDownload/HST/j9ps14sgq/j9ps14sgq_flc.fits'], ['mastDownload/HST/j9ps14sgq/j9ps14sgq_flc.fits'], ['mastDownload/HST/j9ps14sgq/j9ps14sgq_flc.fits'], ['mastDownload/HST/j9ps14sgq/j9ps14sgq_flc.fits'], ['mastDownload/HST/j9ps14sgq/j9ps14sgq_flc.fits'], ['mastDownload/HST/j9ps14sgq/j9ps14sgq_flc.fits'], ['mastDownload/HST/j9ps14siq/j9ps14siq_flt.fits'], ['mastDownload/HST/j9ps14sjq/j9ps14sjq_flc.fits'], ['mastDownload/HST/j9ps14sjq/j9ps14sjq_flc.fits'], ['mastDownload/HST/j9ps14sjq/j9ps14sjq_flc.fits'], ['mastDownload/HST/j9ps14sjq/j9ps14sjq_flc.fits'], ['mastDownload/HST/j9ps14sjq/j9ps14sjq_flc.fits'], ['mastDownload/HST/j9ps14sjq/j9ps14sjq_flc.fits'], ['mastDownload/HST/j9ps14slq/j9ps14slq_flt.fits'], ['mastDownload/HST/j9ps14smq/j9ps14smq_flc.fits'], ['mastDownload/HST/j9ps14smq/j9ps14smq_flc.fits'], ['mastDownload/HST/j9ps14smq/j9ps14smq_flc.fits'], ['mastDownload/HST/j9ps14smq/j9ps14smq_flc.fits'], ['mastDownload/HST/j9ps14smq/j9ps14smq_flc.fits'], ['mastDownload/HST/j9ps14smq/j9ps14smq_flc.fits'], ['mastDownload/HST/j9zr05ehq/j9zr05ehq_flt.fits'], ['mastDownload/HST/j9zr05ehq/j9zr05ehq_flt.fits'], ['mastDownload/HST/j9zr05ehq/j9zr05ehq_flt.fits'], ['mastDownload/HST/u2ct0a01t/u2ct0a01t_c0f.fits'], ['mastDownload/HST/u2ct0a01t/u2ct0a01t_c0f.fits'], ['mastDownload/HST/u2ct0a01t/u2ct0a01t_c0f.fits'], ['mastDownload/HST/u2ct0a01t/u2ct0a01t_c0f.fits'], ['mastDownload/HST/u2ct0a01t/u2ct0a01t_c0f.fits'], ['mastDownload/HST/u2ct0a01t/u2ct0a01t_c0f.fits'], ['mastDownload/HST/u2ct0a01t/u2ct0a01t_c0f.fits'], ['mastDownload/HST/u2ct0a01t/u2ct0a01t_c0f.fits'], ['mastDownload/HST/u2ct0a01t/u2ct0a01t_c0f.fits'], ['mastDownload/HST/u2ct0a01t/u2ct0a01t_c0f.fits'], ['mastDownload/HST/u2ct0a01t/u2ct0a01t_c0f.fits'], ['mastDownload/HST/u2ct0a01t/u2ct0a01t_c0f.fits'], ['mastDownload/HST/u2ct0a01t/u2ct0a01t_c0f.fits'], ['mastDownload/HST/u2ct0a01t/u2ct0a01t_c0f.fits'], ['mastDownload/HST/u2ct0a01t/u2ct0a01t_c0f.fits'], ['mastDownload/HST/u2ct0a02t/u2ct0a02t_c0f.fits'], ['mastDownload/HST/u2ct0a02t/u2ct0a02t_c0f.fits'], ['mastDownload/HST/u2ct0a02t/u2ct0a02t_c0f.fits'], ['mastDownload/HST/u2ct0a02t/u2ct0a02t_c0f.fits'], ['mastDownload/HST/u2ct0a02t/u2ct0a02t_c0f.fits'], ['mastDownload/HST/u2ct0a02t/u2ct0a02t_c0f.fits'], ['mastDownload/HST/u2ct0a02t/u2ct0a02t_c0f.fits'], ['mastDownload/HST/u2ct0a02t/u2ct0a02t_c0f.fits'], ['mastDownload/HST/u2ct0a02t/u2ct0a02t_c0f.fits'], ['mastDownload/HST/u2ct0a02t/u2ct0a02t_c0f.fits'], ['mastDownload/HST/u2ct0a02t/u2ct0a02t_c0f.fits'], ['mastDownload/HST/u2ct0a02t/u2ct0a02t_c0f.fits'], ['mastDownload/HST/u2ct0a02t/u2ct0a02t_c0f.fits'], ['mastDownload/HST/u2ct0a02t/u2ct0a02t_c0f.fits'], ['mastDownload/HST/u2ct0a02t/u2ct0a02t_c0f.fits'], ['mastDownload/HST/u2ct0a03t/u2ct0a03t_c0f.fits'], ['mastDownload/HST/u2ct0a03t/u2ct0a03t_c0f.fits'], ['mastDownload/HST/u2ct0a03t/u2ct0a03t_c0f.fits'], ['mastDownload/HST/u2ct0a03t/u2ct0a03t_c0f.fits'], ['mastDownload/HST/u2ct0a03t/u2ct0a03t_c0f.fits'], ['mastDownload/HST/u2ct0a03t/u2ct0a03t_c0f.fits'], ['mastDownload/HST/u2ct0a03t/u2ct0a03t_c0f.fits'], ['mastDownload/HST/u2ct0a03t/u2ct0a03t_c0f.fits'], ['mastDownload/HST/u2ct0a03t/u2ct0a03t_c0f.fits'], ['mastDownload/HST/u2ct0a03t/u2ct0a03t_c0f.fits'], ['mastDownload/HST/u2ct0a03t/u2ct0a03t_c0f.fits'], ['mastDownload/HST/u2ct0a03t/u2ct0a03t_c0f.fits'], ['mastDownload/HST/u2ct0a03t/u2ct0a03t_c0f.fits'], ['mastDownload/HST/u2ct0a03t/u2ct0a03t_c0f.fits'], ['mastDownload/HST/u2ct0a03t/u2ct0a03t_c0f.fits'], ['mastDownload/HST/u2ct0a04t/u2ct0a04t_c0f.fits'], ['mastDownload/HST/u2ct0a04t/u2ct0a04t_c0f.fits'], ['mastDownload/HST/u2ct0a04t/u2ct0a04t_c0f.fits'], ['mastDownload/HST/u2ct0a04t/u2ct0a04t_c0f.fits'], ['mastDownload/HST/u2ct0a04t/u2ct0a04t_c0f.fits'], ['mastDownload/HST/u2ct0a04t/u2ct0a04t_c0f.fits'], ['mastDownload/HST/u2ct0a04t/u2ct0a04t_c0f.fits'], ['mastDownload/HST/u2ct0a04t/u2ct0a04t_c0f.fits'], ['mastDownload/HST/u2ct0a04t/u2ct0a04t_c0f.fits'], ['mastDownload/HST/u2ct0a04t/u2ct0a04t_c0f.fits'], ['mastDownload/HST/u2ct0a04t/u2ct0a04t_c0f.fits'], ['mastDownload/HST/u2ct0a04t/u2ct0a04t_c0f.fits'], ['mastDownload/HST/u2ct0a04t/u2ct0a04t_c0f.fits'], ['mastDownload/HST/u2ct0a04t/u2ct0a04t_c0f.fits'], ['mastDownload/HST/u2ct0a04t/u2ct0a04t_c0f.fits'], ['mastDownload/HST/u2e62601p/u2e62601p_c0f.fits'], ['mastDownload/HST/u2e62601p/u2e62601p_c0f.fits'], ['mastDownload/HST/u2e62601p/u2e62601p_c0f.fits'], ['mastDownload/HST/u2e62601p/u2e62601p_c0f.fits'], ['mastDownload/HST/u2e62601p/u2e62601p_c0f.fits'], ['mastDownload/HST/u2e62601p/u2e62601p_c0f.fits'], ['mastDownload/HST/u2e62601p/u2e62601p_c0f.fits'], ['mastDownload/HST/u2e62601p/u2e62601p_c0f.fits'], ['mastDownload/HST/u2e62601p/u2e62601p_c0f.fits'], ['mastDownload/HST/u2e62601p/u2e62601p_c0f.fits'], ['mastDownload/HST/u2e62601p/u2e62601p_c0f.fits'], ['mastDownload/HST/u2e62601p/u2e62601p_c0f.fits'], ['mastDownload/HST/u2e62601p/u2e62601p_c0f.fits'], ['mastDownload/HST/u2e62601p/u2e62601p_c0f.fits'], ['mastDownload/HST/u2e62601p/u2e62601p_c0f.fits'], ['mastDownload/HST/u2gx0901t/u2gx0901t_c0f.fits'], ['mastDownload/HST/u2gx0901t/u2gx0901t_c0f.fits'], ['mastDownload/HST/u2gx0901t/u2gx0901t_c0f.fits'], ['mastDownload/HST/u2gx0901t/u2gx0901t_c0f.fits'], ['mastDownload/HST/u2gx0901t/u2gx0901t_c0f.fits'], ['mastDownload/HST/u2gx0901t/u2gx0901t_c0f.fits'], ['mastDownload/HST/u2gx0901t/u2gx0901t_c0f.fits'], ['mastDownload/HST/u2gx0901t/u2gx0901t_c0f.fits'], ['mastDownload/HST/u2gx0901t/u2gx0901t_c0f.fits'], ['mastDownload/HST/u2gx0901t/u2gx0901t_c0f.fits'], ['mastDownload/HST/u2gx0901t/u2gx0901t_c0f.fits'], ['mastDownload/HST/u2gx0901t/u2gx0901t_c0f.fits'], ['mastDownload/HST/u2gx0901t/u2gx0901t_c0f.fits'], ['mastDownload/HST/u2gx0901t/u2gx0901t_c0f.fits'], ['mastDownload/HST/u2gx0901t/u2gx0901t_c0f.fits'], ['mastDownload/HST/u2gx0902t/u2gx0902t_c0f.fits'], ['mastDownload/HST/u2gx0902t/u2gx0902t_c0f.fits'], ['mastDownload/HST/u2gx0902t/u2gx0902t_c0f.fits'], ['mastDownload/HST/u2gx0902t/u2gx0902t_c0f.fits'], ['mastDownload/HST/u2gx0902t/u2gx0902t_c0f.fits'], ['mastDownload/HST/u2gx0902t/u2gx0902t_c0f.fits'], ['mastDownload/HST/u2gx0902t/u2gx0902t_c0f.fits'], ['mastDownload/HST/u2gx0902t/u2gx0902t_c0f.fits'], ['mastDownload/HST/u2gx0902t/u2gx0902t_c0f.fits'], ['mastDownload/HST/u2gx0902t/u2gx0902t_c0f.fits'], ['mastDownload/HST/u2gx0902t/u2gx0902t_c0f.fits'], ['mastDownload/HST/u2gx0902t/u2gx0902t_c0f.fits'], ['mastDownload/HST/u2gx0902t/u2gx0902t_c0f.fits'], ['mastDownload/HST/u2gx0902t/u2gx0902t_c0f.fits'], ['mastDownload/HST/u2gx0902t/u2gx0902t_c0f.fits'], ['mastDownload/HST/u2gx0903t/u2gx0903t_c0f.fits'], ['mastDownload/HST/u2gx0903t/u2gx0903t_c0f.fits'], ['mastDownload/HST/u2gx0903t/u2gx0903t_c0f.fits'], ['mastDownload/HST/u2gx0903t/u2gx0903t_c0f.fits'], ['mastDownload/HST/u2gx0903t/u2gx0903t_c0f.fits'], ['mastDownload/HST/u2gx0903t/u2gx0903t_c0f.fits'], ['mastDownload/HST/u2gx0903t/u2gx0903t_c0f.fits'], ['mastDownload/HST/u2gx0903t/u2gx0903t_c0f.fits'], ['mastDownload/HST/u2gx0903t/u2gx0903t_c0f.fits'], ['mastDownload/HST/u2gx0903t/u2gx0903t_c0f.fits'], ['mastDownload/HST/u2gx0903t/u2gx0903t_c0f.fits'], ['mastDownload/HST/u2gx0903t/u2gx0903t_c0f.fits'], ['mastDownload/HST/u2gx0903t/u2gx0903t_c0f.fits'], ['mastDownload/HST/u2gx0903t/u2gx0903t_c0f.fits'], ['mastDownload/HST/u2gx0903t/u2gx0903t_c0f.fits'], ['mastDownload/HST/u2gx0904t/u2gx0904t_c0f.fits'], ['mastDownload/HST/u2gx0904t/u2gx0904t_c0f.fits'], ['mastDownload/HST/u2gx0904t/u2gx0904t_c0f.fits'], ['mastDownload/HST/u2gx0904t/u2gx0904t_c0f.fits'], ['mastDownload/HST/u2gx0904t/u2gx0904t_c0f.fits'], ['mastDownload/HST/u2gx0904t/u2gx0904t_c0f.fits'], ['mastDownload/HST/u2gx0904t/u2gx0904t_c0f.fits'], ['mastDownload/HST/u2gx0904t/u2gx0904t_c0f.fits'], ['mastDownload/HST/u2gx0904t/u2gx0904t_c0f.fits'], ['mastDownload/HST/u2gx0904t/u2gx0904t_c0f.fits'], ['mastDownload/HST/u2gx0904t/u2gx0904t_c0f.fits'], ['mastDownload/HST/u2gx0904t/u2gx0904t_c0f.fits'], ['mastDownload/HST/u2gx0904t/u2gx0904t_c0f.fits'], ['mastDownload/HST/u2gx0904t/u2gx0904t_c0f.fits'], ['mastDownload/HST/u2gx0904t/u2gx0904t_c0f.fits'], ['mastDownload/HST/u2gx0905t/u2gx0905t_c0f.fits'], ['mastDownload/HST/u2gx0905t/u2gx0905t_c0f.fits'], ['mastDownload/HST/u2gx0905t/u2gx0905t_c0f.fits'], ['mastDownload/HST/u2gx0905t/u2gx0905t_c0f.fits'], ['mastDownload/HST/u2gx0905t/u2gx0905t_c0f.fits'], ['mastDownload/HST/u2gx0905t/u2gx0905t_c0f.fits'], ['mastDownload/HST/u2gx0905t/u2gx0905t_c0f.fits'], ['mastDownload/HST/u2gx0905t/u2gx0905t_c0f.fits'], ['mastDownload/HST/u2gx0905t/u2gx0905t_c0f.fits'], ['mastDownload/HST/u2gx0905t/u2gx0905t_c0f.fits'], ['mastDownload/HST/u2gx0905t/u2gx0905t_c0f.fits'], ['mastDownload/HST/u2gx0905t/u2gx0905t_c0f.fits'], ['mastDownload/HST/u2gx0905t/u2gx0905t_c0f.fits'], ['mastDownload/HST/u2gx0905t/u2gx0905t_c0f.fits'], ['mastDownload/HST/u2gx0905t/u2gx0905t_c0f.fits'], ['mastDownload/HST/u2gx0906t/u2gx0906t_c0f.fits'], ['mastDownload/HST/u2gx0906t/u2gx0906t_c0f.fits'], ['mastDownload/HST/u2gx0906t/u2gx0906t_c0f.fits'], ['mastDownload/HST/u2gx0906t/u2gx0906t_c0f.fits'], ['mastDownload/HST/u2gx0906t/u2gx0906t_c0f.fits'], ['mastDownload/HST/u2gx0906t/u2gx0906t_c0f.fits'], ['mastDownload/HST/u2gx0906t/u2gx0906t_c0f.fits'], ['mastDownload/HST/u2gx0906t/u2gx0906t_c0f.fits'], ['mastDownload/HST/u2gx0906t/u2gx0906t_c0f.fits'], ['mastDownload/HST/u2gx0906t/u2gx0906t_c0f.fits'], ['mastDownload/HST/u2gx0906t/u2gx0906t_c0f.fits'], ['mastDownload/HST/u2gx0906t/u2gx0906t_c0f.fits'], ['mastDownload/HST/u2gx0906t/u2gx0906t_c0f.fits'], ['mastDownload/HST/u2gx0906t/u2gx0906t_c0f.fits'], ['mastDownload/HST/u2gx0906t/u2gx0906t_c0f.fits'], ['mastDownload/HST/u2gx0907t/u2gx0907t_c0f.fits'], ['mastDownload/HST/u2gx0907t/u2gx0907t_c0f.fits'], ['mastDownload/HST/u2gx0907t/u2gx0907t_c0f.fits'], ['mastDownload/HST/u2gx0907t/u2gx0907t_c0f.fits'], ['mastDownload/HST/u2gx0907t/u2gx0907t_c0f.fits'], ['mastDownload/HST/u2gx0907t/u2gx0907t_c0f.fits'], ['mastDownload/HST/u2gx0907t/u2gx0907t_c0f.fits'], ['mastDownload/HST/u2gx0907t/u2gx0907t_c0f.fits'], ['mastDownload/HST/u2gx0907t/u2gx0907t_c0f.fits'], ['mastDownload/HST/u2gx0907t/u2gx0907t_c0f.fits'], ['mastDownload/HST/u2gx0907t/u2gx0907t_c0f.fits'], ['mastDownload/HST/u2gx0907t/u2gx0907t_c0f.fits'], ['mastDownload/HST/u2gx0907t/u2gx0907t_c0f.fits'], ['mastDownload/HST/u2gx0907t/u2gx0907t_c0f.fits'], ['mastDownload/HST/u2gx0907t/u2gx0907t_c0f.fits'], ['mastDownload/HST/u2gx0908p/u2gx0908p_c0f.fits'], ['mastDownload/HST/u2gx0908p/u2gx0908p_c0f.fits'], ['mastDownload/HST/u2gx0908p/u2gx0908p_c0f.fits'], ['mastDownload/HST/u2gx0908p/u2gx0908p_c0f.fits'], ['mastDownload/HST/u2gx0908p/u2gx0908p_c0f.fits'], ['mastDownload/HST/u2gx0908p/u2gx0908p_c0f.fits'], ['mastDownload/HST/u2gx0908p/u2gx0908p_c0f.fits'], ['mastDownload/HST/u2gx0908p/u2gx0908p_c0f.fits'], ['mastDownload/HST/u2gx0908p/u2gx0908p_c0f.fits'], ['mastDownload/HST/u2gx0908p/u2gx0908p_c0f.fits'], ['mastDownload/HST/u2gx0908p/u2gx0908p_c0f.fits'], ['mastDownload/HST/u2gx0908p/u2gx0908p_c0f.fits'], ['mastDownload/HST/u2gx0908p/u2gx0908p_c0f.fits'], ['mastDownload/HST/u2gx0908p/u2gx0908p_c0f.fits'], ['mastDownload/HST/u2gx0908p/u2gx0908p_c0f.fits'], ['mastDownload/HST/u2ouus01t/u2ouus01t_c0f.fits'], ['mastDownload/HST/u2ouus01t/u2ouus01t_c0f.fits'], ['mastDownload/HST/u2ouus01t/u2ouus01t_c0f.fits'], ['mastDownload/HST/u2ouus01t/u2ouus01t_c0f.fits'], ['mastDownload/HST/u2ouus02t/u2ouus02t_c0f.fits'], ['mastDownload/HST/u2ouus02t/u2ouus02t_c0f.fits'], ['mastDownload/HST/u2ouus02t/u2ouus02t_c0f.fits'], ['mastDownload/HST/u2ouus02t/u2ouus02t_c0f.fits'], ['mastDownload/HST/u2s06301t/u2s06301t_c0f.fits'], ['mastDownload/HST/u2s06301t/u2s06301t_c0f.fits'], ['mastDownload/HST/u2s06301t/u2s06301t_c0f.fits'], ['mastDownload/HST/u2s06301t/u2s06301t_c0f.fits'], ['mastDownload/HST/u2s06301t/u2s06301t_c0f.fits'], ['mastDownload/HST/u2s06302p/u2s06302p_c0f.fits'], ['mastDownload/HST/u2s06302p/u2s06302p_c0f.fits'], ['mastDownload/HST/u2s06302p/u2s06302p_c0f.fits'], ['mastDownload/HST/u2s06302p/u2s06302p_c0f.fits'], ['mastDownload/HST/u2s06302p/u2s06302p_c0f.fits'], ['mastDownload/HST/u2xk0k01t/u2xk0k01t_c0f.fits'], ['mastDownload/HST/u2xk0k01t/u2xk0k01t_c0f.fits'], ['mastDownload/HST/u2xk0k01t/u2xk0k01t_c0f.fits'], ['mastDownload/HST/u2xk0k01t/u2xk0k01t_c0f.fits'], ['mastDownload/HST/u3b81s01t/u3b81s01t_c0f.fits'], ['mastDownload/HST/u3b81s01t/u3b81s01t_c0f.fits'], ['mastDownload/HST/u3b81s01t/u3b81s01t_c0f.fits'], ['mastDownload/HST/u3b81s01t/u3b81s01t_c0f.fits'], ['mastDownload/HST/u3b81s01t/u3b81s01t_c0f.fits'], ['mastDownload/HST/u3b81s01t/u3b81s01t_c0f.fits'], ['mastDownload/HST/u3b81s01t/u3b81s01t_c0f.fits'], ['mastDownload/HST/u3b81s01t/u3b81s01t_c0f.fits'], ['mastDownload/HST/u3b81s01t/u3b81s01t_c0f.fits'], ['mastDownload/HST/u3b81s01t/u3b81s01t_c0f.fits'], ['mastDownload/HST/u3b81s01t/u3b81s01t_c0f.fits'], ['mastDownload/HST/u3b81s01t/u3b81s01t_c0f.fits'], ['mastDownload/HST/u3b81s01t/u3b81s01t_c0f.fits'], ['mastDownload/HST/u3b81s01t/u3b81s01t_c0f.fits'], ['mastDownload/HST/u3b81s01t/u3b81s01t_c0f.fits'], ['mastDownload/HST/u3b81t01t/u3b81t01t_c0f.fits'], ['mastDownload/HST/u3b81t01t/u3b81t01t_c0f.fits'], ['mastDownload/HST/u3b81t01t/u3b81t01t_c0f.fits'], ['mastDownload/HST/u3b81t01t/u3b81t01t_c0f.fits'], ['mastDownload/HST/u3b81t01t/u3b81t01t_c0f.fits'], ['mastDownload/HST/u3b81t01t/u3b81t01t_c0f.fits'], ['mastDownload/HST/u3b81t01t/u3b81t01t_c0f.fits'], ['mastDownload/HST/u3b81t01t/u3b81t01t_c0f.fits'], ['mastDownload/HST/u3b81t01t/u3b81t01t_c0f.fits'], ['mastDownload/HST/u3b81t01t/u3b81t01t_c0f.fits'], ['mastDownload/HST/u3b81t01t/u3b81t01t_c0f.fits'], ['mastDownload/HST/u3b81t01t/u3b81t01t_c0f.fits'], ['mastDownload/HST/u3b81t01t/u3b81t01t_c0f.fits'], ['mastDownload/HST/u3b81t01t/u3b81t01t_c0f.fits'], ['mastDownload/HST/u3b81t01t/u3b81t01t_c0f.fits'], ['mastDownload/HST/u3b81u01t/u3b81u01t_c0f.fits'], ['mastDownload/HST/u3b81u01t/u3b81u01t_c0f.fits'], ['mastDownload/HST/u3b81u01t/u3b81u01t_c0f.fits'], ['mastDownload/HST/u3b81u01t/u3b81u01t_c0f.fits'], ['mastDownload/HST/u3b81u01t/u3b81u01t_c0f.fits'], ['mastDownload/HST/u3b81u01t/u3b81u01t_c0f.fits'], ['mastDownload/HST/u3b81u01t/u3b81u01t_c0f.fits'], ['mastDownload/HST/u3b81u01t/u3b81u01t_c0f.fits'], ['mastDownload/HST/u3b81u01t/u3b81u01t_c0f.fits'], ['mastDownload/HST/u3b81u01t/u3b81u01t_c0f.fits'], ['mastDownload/HST/u3b81u01t/u3b81u01t_c0f.fits'], ['mastDownload/HST/u3b81u01t/u3b81u01t_c0f.fits'], ['mastDownload/HST/u3b81u01t/u3b81u01t_c0f.fits'], ['mastDownload/HST/u3b81u01t/u3b81u01t_c0f.fits'], ['mastDownload/HST/u3b81u01t/u3b81u01t_c0f.fits'], ['mastDownload/HST/u3b81v01t/u3b81v01t_c0f.fits'], ['mastDownload/HST/u3b81v01t/u3b81v01t_c0f.fits'], ['mastDownload/HST/u3b81v01t/u3b81v01t_c0f.fits'], ['mastDownload/HST/u3b81v01t/u3b81v01t_c0f.fits'], ['mastDownload/HST/u3b81v01t/u3b81v01t_c0f.fits'], ['mastDownload/HST/u3b81v01t/u3b81v01t_c0f.fits'], ['mastDownload/HST/u3b81v01t/u3b81v01t_c0f.fits'], ['mastDownload/HST/u3b81v01t/u3b81v01t_c0f.fits'], ['mastDownload/HST/u3b81v01t/u3b81v01t_c0f.fits'], ['mastDownload/HST/u3b81v01t/u3b81v01t_c0f.fits'], ['mastDownload/HST/u3b81v01t/u3b81v01t_c0f.fits'], ['mastDownload/HST/u3b81v01t/u3b81v01t_c0f.fits'], ['mastDownload/HST/u3b81v01t/u3b81v01t_c0f.fits'], ['mastDownload/HST/u3b81v01t/u3b81v01t_c0f.fits'], ['mastDownload/HST/u3b81v01t/u3b81v01t_c0f.fits'], ['mastDownload/HST/u3ef2001t/u3ef2001t_c0f.fits'], ['mastDownload/HST/u3ef2001t/u3ef2001t_c0f.fits'], ['mastDownload/HST/u3ef2001t/u3ef2001t_c0f.fits'], ['mastDownload/HST/u3ef2001t/u3ef2001t_c0f.fits'], ['mastDownload/HST/u3ef2002t/u3ef2002t_c0f.fits'], ['mastDownload/HST/u3ef2002t/u3ef2002t_c0f.fits'], ['mastDownload/HST/u3ef2002t/u3ef2002t_c0f.fits'], ['mastDownload/HST/u3ef2002t/u3ef2002t_c0f.fits'], ['mastDownload/HST/u3ef2003t/u3ef2003t_c0f.fits'], ['mastDownload/HST/u3ef2003t/u3ef2003t_c0f.fits'], ['mastDownload/HST/u3ef2003t/u3ef2003t_c0f.fits'], ['mastDownload/HST/u3ef2003t/u3ef2003t_c0f.fits'], ['mastDownload/HST/u3ef2004t/u3ef2004t_c0f.fits'], ['mastDownload/HST/u3ef2004t/u3ef2004t_c0f.fits'], ['mastDownload/HST/u3ef2004t/u3ef2004t_c0f.fits'], ['mastDownload/HST/u3ef2004t/u3ef2004t_c0f.fits'], ['mastDownload/HST/u3ef2005t/u3ef2005t_c0f.fits'], ['mastDownload/HST/u3ef2005t/u3ef2005t_c0f.fits'], ['mastDownload/HST/u3ef2005t/u3ef2005t_c0f.fits'], ['mastDownload/HST/u3ef2005t/u3ef2005t_c0f.fits'], ['mastDownload/HST/u3ef2006t/u3ef2006t_c0f.fits'], ['mastDownload/HST/u3ef2006t/u3ef2006t_c0f.fits'], ['mastDownload/HST/u3ef2006t/u3ef2006t_c0f.fits'], ['mastDownload/HST/u3ef2006t/u3ef2006t_c0f.fits'], ['mastDownload/HST/u3ef2007t/u3ef2007t_c0f.fits'], ['mastDownload/HST/u3ef2007t/u3ef2007t_c0f.fits'], ['mastDownload/HST/u3ef2007t/u3ef2007t_c0f.fits'], ['mastDownload/HST/u3ef2007t/u3ef2007t_c0f.fits'], ['mastDownload/HST/u3ef2008t/u3ef2008t_c0f.fits'], ['mastDownload/HST/u3ef2008t/u3ef2008t_c0f.fits'], ['mastDownload/HST/u3ef2008t/u3ef2008t_c0f.fits'], ['mastDownload/HST/u3ef2008t/u3ef2008t_c0f.fits'], ['mastDownload/HST/u3ef2009t/u3ef2009t_c0f.fits'], ['mastDownload/HST/u3ef2009t/u3ef2009t_c0f.fits'], ['mastDownload/HST/u3ef2009t/u3ef2009t_c0f.fits'], ['mastDownload/HST/u3ef2009t/u3ef2009t_c0f.fits'], ['mastDownload/HST/u3ef200at/u3ef200at_c0f.fits'], ['mastDownload/HST/u3ef200at/u3ef200at_c0f.fits'], ['mastDownload/HST/u3ef200at/u3ef200at_c0f.fits'], ['mastDownload/HST/u3ef200at/u3ef200at_c0f.fits'], ['mastDownload/HST/u3ef200bt/u3ef200bt_c0f.fits'], ['mastDownload/HST/u3ef200bt/u3ef200bt_c0f.fits'], ['mastDownload/HST/u3ef200bt/u3ef200bt_c0f.fits'], ['mastDownload/HST/u3ef200bt/u3ef200bt_c0f.fits'], ['mastDownload/HST/u3ef200ct/u3ef200ct_c0f.fits'], ['mastDownload/HST/u3ef200ct/u3ef200ct_c0f.fits'], ['mastDownload/HST/u3ef200ct/u3ef200ct_c0f.fits'], ['mastDownload/HST/u3ef200ct/u3ef200ct_c0f.fits'], ['mastDownload/HST/u3lh0401t/u3lh0401t_c0f.fits'], ['mastDownload/HST/u3lh0401t/u3lh0401t_c0f.fits'], ['mastDownload/HST/u3lh0401t/u3lh0401t_c0f.fits'], ['mastDownload/HST/u3lh0401t/u3lh0401t_c0f.fits'], ['mastDownload/HST/u3lh0401t/u3lh0401t_c0f.fits'], ['mastDownload/HST/u3lh0401t/u3lh0401t_c0f.fits'], ['mastDownload/HST/u3lh0401t/u3lh0401t_c0f.fits'], ['mastDownload/HST/u3lh0401t/u3lh0401t_c0f.fits'], ['mastDownload/HST/u3lh0401t/u3lh0401t_c0f.fits'], ['mastDownload/HST/u3lh0401t/u3lh0401t_c0f.fits'], ['mastDownload/HST/u3lh0401t/u3lh0401t_c0f.fits'], ['mastDownload/HST/u3lh0401t/u3lh0401t_c0f.fits'], ['mastDownload/HST/u3lh0401t/u3lh0401t_c0f.fits'], ['mastDownload/HST/u3lh0401t/u3lh0401t_c0f.fits'], ['mastDownload/HST/u3lh0401t/u3lh0401t_c0f.fits'], ['mastDownload/HST/u3lh0402t/u3lh0402t_c0f.fits'], ['mastDownload/HST/u3lh0402t/u3lh0402t_c0f.fits'], ['mastDownload/HST/u3lh0402t/u3lh0402t_c0f.fits'], ['mastDownload/HST/u3lh0402t/u3lh0402t_c0f.fits'], ['mastDownload/HST/u3lh0402t/u3lh0402t_c0f.fits'], ['mastDownload/HST/u3lh0402t/u3lh0402t_c0f.fits'], ['mastDownload/HST/u3lh0402t/u3lh0402t_c0f.fits'], ['mastDownload/HST/u3lh0402t/u3lh0402t_c0f.fits'], ['mastDownload/HST/u3lh0402t/u3lh0402t_c0f.fits'], ['mastDownload/HST/u3lh0402t/u3lh0402t_c0f.fits'], ['mastDownload/HST/u3lh0402t/u3lh0402t_c0f.fits'], ['mastDownload/HST/u3lh0402t/u3lh0402t_c0f.fits'], ['mastDownload/HST/u3lh0402t/u3lh0402t_c0f.fits'], ['mastDownload/HST/u3lh0402t/u3lh0402t_c0f.fits'], ['mastDownload/HST/u3lh0402t/u3lh0402t_c0f.fits'], ['mastDownload/HST/u43i2j01m/u43i2j01m_c0f.fits'], ['mastDownload/HST/u43i2j01m/u43i2j01m_c0f.fits'], ['mastDownload/HST/u43i2j01m/u43i2j01m_c0f.fits'], ['mastDownload/HST/u43i2j01m/u43i2j01m_c0f.fits'], ['mastDownload/HST/u8h02801m/u8h02801m_c0f.fits'], ['mastDownload/HST/u8h02801m/u8h02801m_c0f.fits'], ['mastDownload/HST/u8h02801m/u8h02801m_c0f.fits'], ['mastDownload/HST/u8h02801m/u8h02801m_c0f.fits'], ['mastDownload/HST/u8l8fw01m/u8l8fw01m_c0f.fits'], ['mastDownload/HST/u8l8fw01m/u8l8fw01m_c0f.fits'], ['mastDownload/HST/u8l8fw01m/u8l8fw01m_c0f.fits'], ['mastDownload/HST/u8l8fw01m/u8l8fw01m_c0f.fits'], ['mastDownload/HST/u8l8fw01m/u8l8fw01m_c0f.fits'], ['mastDownload/HST/u8l8fw01m/u8l8fw01m_c0f.fits'], ['mastDownload/HST/u8l8fw01m/u8l8fw01m_c0f.fits'], ['mastDownload/HST/u8l8fw01m/u8l8fw01m_c0f.fits'], ['mastDownload/HST/u8l8fw01m/u8l8fw01m_c0f.fits'], ['mastDownload/HST/u8l8fw01m/u8l8fw01m_c0f.fits'], ['mastDownload/HST/u8l8fw01m/u8l8fw01m_c0f.fits'], ['mastDownload/HST/u8l8fw01m/u8l8fw01m_c0f.fits'], ['mastDownload/HST/u8l8fw01m/u8l8fw01m_c0f.fits'], ['mastDownload/HST/u8l8fw01m/u8l8fw01m_c0f.fits'], ['mastDownload/HST/u8l8fw01m/u8l8fw01m_c0f.fits'], ['mastDownload/HST/u8l8fw02m/u8l8fw02m_c0f.fits'], ['mastDownload/HST/u8l8fw02m/u8l8fw02m_c0f.fits'], ['mastDownload/HST/u8l8fw02m/u8l8fw02m_c0f.fits'], ['mastDownload/HST/u8l8fw02m/u8l8fw02m_c0f.fits'], ['mastDownload/HST/u8l8fw02m/u8l8fw02m_c0f.fits'], ['mastDownload/HST/u8l8fw02m/u8l8fw02m_c0f.fits'], ['mastDownload/HST/u8l8fw02m/u8l8fw02m_c0f.fits'], ['mastDownload/HST/u8l8fw02m/u8l8fw02m_c0f.fits'], ['mastDownload/HST/u8l8fw02m/u8l8fw02m_c0f.fits'], ['mastDownload/HST/u8l8fw02m/u8l8fw02m_c0f.fits'], ['mastDownload/HST/u8l8fw02m/u8l8fw02m_c0f.fits'], ['mastDownload/HST/u8l8fw02m/u8l8fw02m_c0f.fits'], ['mastDownload/HST/u8l8fw02m/u8l8fw02m_c0f.fits'], ['mastDownload/HST/u8l8fw02m/u8l8fw02m_c0f.fits'], ['mastDownload/HST/u8l8fw02m/u8l8fw02m_c0f.fits'], ['mastDownload/HST/u9zv0y01m/u9zv0y01m_c0f.fits'], ['mastDownload/HST/u9zv0y01m/u9zv0y01m_c0f.fits'], ['mastDownload/HST/u9zv0y01m/u9zv0y01m_c0f.fits'], ['mastDownload/HST/u9zv0y01m/u9zv0y01m_c0f.fits'], ['mastDownload/HST/u9zv0y01m/u9zv0y01m_c0f.fits'], ['mastDownload/HST/u9zv0y01m/u9zv0y01m_c0f.fits'], ['mastDownload/HST/u9zv0y01m/u9zv0y01m_c0f.fits'], ['mastDownload/HST/u9zv0y01m/u9zv0y01m_c0f.fits'], ['mastDownload/HST/u9zv0y01m/u9zv0y01m_c0f.fits'], ['mastDownload/HST/u9zv0y01m/u9zv0y01m_c0f.fits'], ['mastDownload/HST/u9zv0y01m/u9zv0y01m_c0f.fits'], ['mastDownload/HST/u9zv0y01m/u9zv0y01m_c0f.fits'], ['mastDownload/HST/u9zv0y01m/u9zv0y01m_c0f.fits'], ['mastDownload/HST/u9zv0y01m/u9zv0y01m_c0f.fits'], ['mastDownload/HST/u9zv0y01m/u9zv0y01m_c0f.fits'], ['mastDownload/HST/u9zv0y02m/u9zv0y02m_c0f.fits'], ['mastDownload/HST/u9zv0y02m/u9zv0y02m_c0f.fits'], ['mastDownload/HST/u9zv0y02m/u9zv0y02m_c0f.fits'], ['mastDownload/HST/u9zv0y02m/u9zv0y02m_c0f.fits'], ['mastDownload/HST/u9zv0y02m/u9zv0y02m_c0f.fits'], ['mastDownload/HST/u9zv0y02m/u9zv0y02m_c0f.fits'], ['mastDownload/HST/u9zv0y02m/u9zv0y02m_c0f.fits'], ['mastDownload/HST/u9zv0y02m/u9zv0y02m_c0f.fits'], ['mastDownload/HST/u9zv0y02m/u9zv0y02m_c0f.fits'], ['mastDownload/HST/u9zv0y02m/u9zv0y02m_c0f.fits'], ['mastDownload/HST/u9zv0y02m/u9zv0y02m_c0f.fits'], ['mastDownload/HST/u9zv0y02m/u9zv0y02m_c0f.fits'], ['mastDownload/HST/u9zv0y02m/u9zv0y02m_c0f.fits'], ['mastDownload/HST/u9zv0y02m/u9zv0y02m_c0f.fits'], ['mastDownload/HST/u9zv0y02m/u9zv0y02m_c0f.fits'], ['mastDownload/HST/u9zv0y03m/u9zv0y03m_c0f.fits'], ['mastDownload/HST/u9zv0y03m/u9zv0y03m_c0f.fits'], ['mastDownload/HST/u9zv0y03m/u9zv0y03m_c0f.fits'], ['mastDownload/HST/u9zv0y03m/u9zv0y03m_c0f.fits'], ['mastDownload/HST/u9zv0y03m/u9zv0y03m_c0f.fits'], ['mastDownload/HST/u9zv0y03m/u9zv0y03m_c0f.fits'], ['mastDownload/HST/u9zv0y03m/u9zv0y03m_c0f.fits'], ['mastDownload/HST/u9zv0y03m/u9zv0y03m_c0f.fits'], ['mastDownload/HST/u9zv0y03m/u9zv0y03m_c0f.fits'], ['mastDownload/HST/u9zv0y03m/u9zv0y03m_c0f.fits'], ['mastDownload/HST/u9zv0y03m/u9zv0y03m_c0f.fits'], ['mastDownload/HST/u9zv0y03m/u9zv0y03m_c0f.fits'], ['mastDownload/HST/u9zv0y03m/u9zv0y03m_c0f.fits'], ['mastDownload/HST/u9zv0y03m/u9zv0y03m_c0f.fits'], ['mastDownload/HST/u9zv0y03m/u9zv0y03m_c0f.fits'], ['mastDownload/HST/u9zv1o01m/u9zv1o01m_c0f.fits'], ['mastDownload/HST/u9zv1o01m/u9zv1o01m_c0f.fits'], ['mastDownload/HST/u9zv1o01m/u9zv1o01m_c0f.fits'], ['mastDownload/HST/u9zv1o01m/u9zv1o01m_c0f.fits'], ['mastDownload/HST/u9zv1o01m/u9zv1o01m_c0f.fits'], ['mastDownload/HST/u9zv1o01m/u9zv1o01m_c0f.fits'], ['mastDownload/HST/u9zv1o01m/u9zv1o01m_c0f.fits'], ['mastDownload/HST/u9zv1o01m/u9zv1o01m_c0f.fits'], ['mastDownload/HST/u9zv1o01m/u9zv1o01m_c0f.fits'], ['mastDownload/HST/u9zv1o01m/u9zv1o01m_c0f.fits'], ['mastDownload/HST/u9zv1o01m/u9zv1o01m_c0f.fits'], ['mastDownload/HST/u9zv1o01m/u9zv1o01m_c0f.fits'], ['mastDownload/HST/u9zv1o01m/u9zv1o01m_c0f.fits'], ['mastDownload/HST/u9zv1o01m/u9zv1o01m_c0f.fits'], ['mastDownload/HST/u9zv1o01m/u9zv1o01m_c0f.fits'], ['mastDownload/HST/u9zv1o02m/u9zv1o02m_c0f.fits'], ['mastDownload/HST/u9zv1o02m/u9zv1o02m_c0f.fits'], ['mastDownload/HST/u9zv1o02m/u9zv1o02m_c0f.fits'], ['mastDownload/HST/u9zv1o02m/u9zv1o02m_c0f.fits'], ['mastDownload/HST/u9zv1o02m/u9zv1o02m_c0f.fits'], ['mastDownload/HST/u9zv1o02m/u9zv1o02m_c0f.fits'], ['mastDownload/HST/u9zv1o02m/u9zv1o02m_c0f.fits'], ['mastDownload/HST/u9zv1o02m/u9zv1o02m_c0f.fits'], ['mastDownload/HST/u9zv1o02m/u9zv1o02m_c0f.fits'], ['mastDownload/HST/u9zv1o02m/u9zv1o02m_c0f.fits'], ['mastDownload/HST/u9zv1o02m/u9zv1o02m_c0f.fits'], ['mastDownload/HST/u9zv1o02m/u9zv1o02m_c0f.fits'], ['mastDownload/HST/u9zv1o02m/u9zv1o02m_c0f.fits'], ['mastDownload/HST/u9zv1o02m/u9zv1o02m_c0f.fits'], ['mastDownload/HST/u9zv1o02m/u9zv1o02m_c0f.fits'], ['mastDownload/HST/u9zv1o03m/u9zv1o03m_c0f.fits'], ['mastDownload/HST/u9zv1o03m/u9zv1o03m_c0f.fits'], ['mastDownload/HST/u9zv1o03m/u9zv1o03m_c0f.fits'], ['mastDownload/HST/u9zv1o03m/u9zv1o03m_c0f.fits'], ['mastDownload/HST/u9zv1o03m/u9zv1o03m_c0f.fits'], ['mastDownload/HST/u9zv1o03m/u9zv1o03m_c0f.fits'], ['mastDownload/HST/u9zv1o03m/u9zv1o03m_c0f.fits'], ['mastDownload/HST/u9zv1o03m/u9zv1o03m_c0f.fits'], ['mastDownload/HST/u9zv1o03m/u9zv1o03m_c0f.fits'], ['mastDownload/HST/u9zv1o03m/u9zv1o03m_c0f.fits'], ['mastDownload/HST/u9zv1o03m/u9zv1o03m_c0f.fits'], ['mastDownload/HST/u9zv1o03m/u9zv1o03m_c0f.fits'], ['mastDownload/HST/u9zv1o03m/u9zv1o03m_c0f.fits'], ['mastDownload/HST/u9zv1o03m/u9zv1o03m_c0f.fits'], ['mastDownload/HST/u9zv1o03m/u9zv1o03m_c0f.fits'], ['mastDownload/HST/w0z10801t/w0z10801t_c0f.fits'], ['mastDownload/HST/w0z10801t/w0z10801t_c0f.fits']]"
2,* eps UMa,193.5072899675,55.9598229569,1.77,"  obsID   obs_collection dataproduct_type   obs_id  ...    size   parent_obsid dataRights calib_level
--------- -------------- ---------------- --------- ... --------- ------------ ---------- -----------
 23975670            HST            image j8ek47buq ...  10817280     26094960     PUBLIC           2
 23975670            HST            image j8ek47buq ...  10817280     26326333     PUBLIC           2
 23975670            HST            image j8ek47buq ...  10817280     26326342     PUBLIC           2
 23975671            HST            image j8ek47bvq ...  10771200     26094960     PUBLIC           2
 23975671            HST            image j8ek47bvq ...  10771200     26326333     PUBLIC           2
 23975671            HST            image j8ek47bvq ...  10771200     26326342     PUBLIC           2
 23975672            HST            image j8ek47bwq ...  10817280     23975672     PUBLIC           2
 23975672            HST            image j8ek47bwq ...  10817280     26326333     PUBLIC           2
 23975672            HST            image j8ek47bwq ...  10817280     26326342     PUBLIC           2
 23982041            HST            image j8gh02s7q ...  42071040     26094481     PUBLIC           2
 23982041            HST            image j8gh02s7q ...  42071040     26332335     PUBLIC           2
 23982041            HST            image j8gh02s7q ...  42071040     26332664     PUBLIC           2
 23982041            HST            image j8gh02s7q ...  42071040     26094481     PUBLIC           2
 23982041            HST            image j8gh02s7q ...  42071040     26332335     PUBLIC           2
 23982041            HST            image j8gh02s7q ...  42071040     26332664     PUBLIC           2
 23982042            HST            image j8gh02s8q ...  42071040     26094481     PUBLIC           2
 23982042            HST            image j8gh02s8q ...  42071040     26332335     PUBLIC           2
      ...            ...              ...       ... ...       ...          ...        ...         ...
 26119900            HST            image jdqd03b0q ...  10756800     26488377     PUBLIC           2
 26119900            HST            image jdqd03b0q ...  10756800     26488386     PUBLIC           2
 26119901            HST            image jdqd03b1q ...  10756800     26119935     PUBLIC           2
 26119901            HST            image jdqd03b1q ...  10756800     26488377     PUBLIC           2
 26119901            HST            image jdqd03b1q ...  10756800     26488386     PUBLIC           2
178728941            HST            image jdrw9hriq ... 168318720    178728940     PUBLIC           2
178728941            HST            image jdrw9hriq ... 168318720    178859555     PUBLIC           2
178728941            HST            image jdrw9hriq ... 168318720    178859556     PUBLIC           2
178728941            HST            image jdrw9hriq ... 168431040    178728940     PUBLIC           2
178728941            HST            image jdrw9hriq ... 168431040    178859555     PUBLIC           2
178728941            HST            image jdrw9hriq ... 168431040    178859556     PUBLIC           2
178728942            HST            image jdrw9hrhq ... 168318720    178728940     PUBLIC           2
178728942            HST            image jdrw9hrhq ... 168318720    178859555     PUBLIC           2
178728942            HST            image jdrw9hrhq ... 168318720    178859556     PUBLIC           2
178728942            HST            image jdrw9hrhq ... 168431040    178728940     PUBLIC           2
178728942            HST            image jdrw9hrhq ... 168431040    178859555     PUBLIC           2
178728942            HST            image jdrw9hrhq ... 168431040    178859556     PUBLIC           2
Length = 1289 rows",1289,"[['mastDownload/HST/j8ek47buq/j8ek47buq_flt.fits'], ['mastDownload/HST/j8ek47buq/j8ek47buq_flt.fits'], ['mastDownload/HST/j8ek47buq/j8ek47buq_flt.fits'], ['mastDownload/HST/j8ek47bvq/j8ek47bvq_flt.fits'], ['mastDownload/HST/j8ek47bvq/j8ek47bvq_flt.fits'], ['mastDownload/HST/j8ek47bvq/j8ek47bvq_flt.fits'], ['mastDownload/HST/j8ek47bwq/j8ek47bwq_flt.fits'], ['mastDownload/HST/j8ek47bwq/j8ek47bwq_flt.fits'], ['mastDownload/HST/j8ek47bwq/j8ek47bwq_flt.fits'], ['mastDownload/HST/j8gh02s7q/j8gh02s7q_flc.fits'], ['mastDownload/HST/j8gh02s7q/j8gh02s7q_flc.fits'], ['mastDownload/HST/j8gh02s7q/j8gh02s7q_flc.fits'], ['mastDownload/HST/j8gh02s7q/j8gh02s7q_flc.fits'], ['mastDownload/HST/j8gh02s7q/j8gh02s7q_flc.fits'], ['mastDownload/HST/j8gh02s7q/j8gh02s7q_flc.fits'], ['mastDownload/HST/j8gh02s8q/j8gh02s8q_flc.fits'], ['mastDownload/HST/j8gh02s8q/j8gh02s8q_flc.fits'], ['mastDownload/HST/j8gh02s8q/j8gh02s8q_flc.fits'], ['mastDownload/HST/j8gh02s8q/j8gh02s8q_flc.fits'], ['mastDownload/HST/j8gh02s8q/j8gh02s8q_flc.fits'], ['mastDownload/HST/j8gh02s8q/j8gh02s8q_flc.fits'], ['mastDownload/HST/j8gh02s9q/j8gh02s9q_flc.fits'], ['mastDownload/HST/j8gh02s9q/j8gh02s9q_flc.fits'], ['mastDownload/HST/j8gh02s9q/j8gh02s9q_flc.fits'], ['mastDownload/HST/j8gh02s9q/j8gh02s9q_flc.fits'], ['mastDownload/HST/j8gh02s9q/j8gh02s9q_flc.fits'], ['mastDownload/HST/j8gh02s9q/j8gh02s9q_flc.fits'], ['mastDownload/HST/j8gh02saq/j8gh02saq_flc.fits'], ['mastDownload/HST/j8gh02saq/j8gh02saq_flc.fits'], ['mastDownload/HST/j8gh02saq/j8gh02saq_flc.fits'], ['mastDownload/HST/j8gh02saq/j8gh02saq_flc.fits'], ['mastDownload/HST/j8gh02saq/j8gh02saq_flc.fits'], ['mastDownload/HST/j8gh02saq/j8gh02saq_flc.fits'], ['mastDownload/HST/j8gh02sdq/j8gh02sdq_flc.fits'], ['mastDownload/HST/j8gh02sdq/j8gh02sdq_flc.fits'], ['mastDownload/HST/j8gh02sdq/j8gh02sdq_flc.fits'], ['mastDownload/HST/j8gh02sdq/j8gh02sdq_flc.fits'], ['mastDownload/HST/j8gh02sdq/j8gh02sdq_flc.fits'], ['mastDownload/HST/j8gh02sdq/j8gh02sdq_flc.fits'], ['mastDownload/HST/j8gh02seq/j8gh02seq_flc.fits'], ['mastDownload/HST/j8gh02seq/j8gh02seq_flc.fits'], ['mastDownload/HST/j8gh02seq/j8gh02seq_flc.fits'], ['mastDownload/HST/j8gh02seq/j8gh02seq_flc.fits'], ['mastDownload/HST/j8gh02seq/j8gh02seq_flc.fits'], ['mastDownload/HST/j8gh02seq/j8gh02seq_flc.fits'], ['mastDownload/HST/j8gh02sgq/j8gh02sgq_flc.fits'], ['mastDownload/HST/j8gh02sgq/j8gh02sgq_flc.fits'], ['mastDownload/HST/j8gh02sgq/j8gh02sgq_flc.fits'], ['mastDownload/HST/j8gh02sgq/j8gh02sgq_flc.fits'], ['mastDownload/HST/j8gh02sgq/j8gh02sgq_flc.fits'], ['mastDownload/HST/j8gh02sgq/j8gh02sgq_flc.fits'], ['mastDownload/HST/j8gh02shq/j8gh02shq_flc.fits'], ['mastDownload/HST/j8gh02shq/j8gh02shq_flc.fits'], ['mastDownload/HST/j8gh02shq/j8gh02shq_flc.fits'], ['mastDownload/HST/j8gh02shq/j8gh02shq_flc.fits'], ['mastDownload/HST/j8gh02shq/j8gh02shq_flc.fits'], ['mastDownload/HST/j8gh02shq/j8gh02shq_flc.fits'], ['mastDownload/HST/j8gh02skq/j8gh02skq_flc.fits'], ['mastDownload/HST/j8gh02skq/j8gh02skq_flc.fits'], ['mastDownload/HST/j8gh02skq/j8gh02skq_flc.fits'], ['mastDownload/HST/j8gh02skq/j8gh02skq_flc.fits'], ['mastDownload/HST/j8gh02skq/j8gh02skq_flc.fits'], ['mastDownload/HST/j8gh02skq/j8gh02skq_flc.fits'], ['mastDownload/HST/j8gh02slq/j8gh02slq_flc.fits'], ['mastDownload/HST/j8gh02slq/j8gh02slq_flc.fits'], ['mastDownload/HST/j8gh02slq/j8gh02slq_flc.fits'], ['mastDownload/HST/j8gh02slq/j8gh02slq_flc.fits'], ['mastDownload/HST/j8gh02slq/j8gh02slq_flc.fits'], ['mastDownload/HST/j8gh02slq/j8gh02slq_flc.fits'], ['mastDownload/HST/j8gh02smq/j8gh02smq_flc.fits'], ['mastDownload/HST/j8gh02smq/j8gh02smq_flc.fits'], ['mastDownload/HST/j8gh02smq/j8gh02smq_flc.fits'], ['mastDownload/HST/j8gh02smq/j8gh02smq_flc.fits'], ['mastDownload/HST/j8gh02smq/j8gh02smq_flc.fits'], ['mastDownload/HST/j8gh02smq/j8gh02smq_flc.fits'], ['mastDownload/HST/j8gh02snq/j8gh02snq_flc.fits'], ['mastDownload/HST/j8gh02snq/j8gh02snq_flc.fits'], ['mastDownload/HST/j8gh02snq/j8gh02snq_flc.fits'], ['mastDownload/HST/j8gh02snq/j8gh02snq_flc.fits'], ['mastDownload/HST/j8gh02snq/j8gh02snq_flc.fits'], ['mastDownload/HST/j8gh02snq/j8gh02snq_flc.fits'], ['mastDownload/HST/j8gh02sqq/j8gh02sqq_flc.fits'], ['mastDownload/HST/j8gh02sqq/j8gh02sqq_flc.fits'], ['mastDownload/HST/j8gh02sqq/j8gh02sqq_flc.fits'], ['mastDownload/HST/j8gh02sqq/j8gh02sqq_flc.fits'], ['mastDownload/HST/j8gh02sqq/j8gh02sqq_flc.fits'], ['mastDownload/HST/j8gh02sqq/j8gh02sqq_flc.fits'], ['mastDownload/HST/j8gh02srq/j8gh02srq_flc.fits'], ['mastDownload/HST/j8gh02srq/j8gh02srq_flc.fits'], ['mastDownload/HST/j8gh02srq/j8gh02srq_flc.fits'], ['mastDownload/HST/j8gh02srq/j8gh02srq_flc.fits'], ['mastDownload/HST/j8gh02srq/j8gh02srq_flc.fits'], ['mastDownload/HST/j8gh02srq/j8gh02srq_flc.fits'], ['mastDownload/HST/j8gh02stq/j8gh02stq_flc.fits'], ['mastDownload/HST/j8gh02stq/j8gh02stq_flc.fits'], ['mastDownload/HST/j8gh02stq/j8gh02stq_flc.fits'], ['mastDownload/HST/j8gh02stq/j8gh02stq_flc.fits'], ['mastDownload/HST/j8gh02stq/j8gh02stq_flc.fits'], ['mastDownload/HST/j8gh02stq/j8gh02stq_flc.fits'], ['mastDownload/HST/j8gh02suq/j8gh02suq_flc.fits'], ['mastDownload/HST/j8gh02suq/j8gh02suq_flc.fits'], ['mastDownload/HST/j8gh02suq/j8gh02suq_flc.fits'], ['mastDownload/HST/j8gh02suq/j8gh02suq_flc.fits'], ['mastDownload/HST/j8gh02suq/j8gh02suq_flc.fits'], ['mastDownload/HST/j8gh02suq/j8gh02suq_flc.fits'], ['mastDownload/HST/j8gh02sxq/j8gh02sxq_flc.fits'], ['mastDownload/HST/j8gh02sxq/j8gh02sxq_flc.fits'], ['mastDownload/HST/j8gh02sxq/j8gh02sxq_flc.fits'], ['mastDownload/HST/j8gh02sxq/j8gh02sxq_flc.fits'], ['mastDownload/HST/j8gh02sxq/j8gh02sxq_flc.fits'], ['mastDownload/HST/j8gh02sxq/j8gh02sxq_flc.fits'], ['mastDownload/HST/j8gh02syq/j8gh02syq_flc.fits'], ['mastDownload/HST/j8gh02syq/j8gh02syq_flc.fits'], ['mastDownload/HST/j8gh02syq/j8gh02syq_flc.fits'], ['mastDownload/HST/j8gh02syq/j8gh02syq_flc.fits'], ['mastDownload/HST/j8gh02syq/j8gh02syq_flc.fits'], ['mastDownload/HST/j8gh02syq/j8gh02syq_flc.fits'], ['mastDownload/HST/j8gh04syq/j8gh04syq_flt.fits'], ['mastDownload/HST/j8gh04syq/j8gh04syq_flt.fits'], ['mastDownload/HST/j8gh04syq/j8gh04syq_flt.fits'], ['mastDownload/HST/j8gh04szq/j8gh04szq_flt.fits'], ['mastDownload/HST/j8gh04szq/j8gh04szq_flt.fits'], ['mastDownload/HST/j8gh04szq/j8gh04szq_flt.fits'], ['mastDownload/HST/j8gh04t0q/j8gh04t0q_flt.fits'], ['mastDownload/HST/j8gh04t0q/j8gh04t0q_flt.fits'], ['mastDownload/HST/j8gh04t0q/j8gh04t0q_flt.fits'], ['mastDownload/HST/j8gh04t1q/j8gh04t1q_flt.fits'], ['mastDownload/HST/j8gh04t1q/j8gh04t1q_flt.fits'], ['mastDownload/HST/j8gh04t1q/j8gh04t1q_flt.fits'], ['mastDownload/HST/j8gh04t2q/j8gh04t2q_flt.fits'], ['mastDownload/HST/j8gh04t2q/j8gh04t2q_flt.fits'], ['mastDownload/HST/j8gh04t2q/j8gh04t2q_flt.fits'], ['mastDownload/HST/j8gh04t3q/j8gh04t3q_flt.fits'], ['mastDownload/HST/j8gh04t3q/j8gh04t3q_flt.fits'], ['mastDownload/HST/j8gh04t3q/j8gh04t3q_flt.fits'], ['mastDownload/HST/j8gh04t4q/j8gh04t4q_flt.fits'], ['mastDownload/HST/j8gh04t4q/j8gh04t4q_flt.fits'], ['mastDownload/HST/j8gh04t4q/j8gh04t4q_flt.fits'], ['mastDownload/HST/j8gh04t5q/j8gh04t5q_flt.fits'], ['mastDownload/HST/j8gh04t5q/j8gh04t5q_flt.fits'], ['mastDownload/HST/j8gh04t5q/j8gh04t5q_flt.fits'], ['mastDownload/HST/j8gh04t6q/j8gh04t6q_flt.fits'], ['mastDownload/HST/j8gh04t6q/j8gh04t6q_flt.fits'], ['mastDownload/HST/j8gh04t6q/j8gh04t6q_flt.fits'], ['mastDownload/HST/j8gh04t7q/j8gh04t7q_flt.fits'], ['mastDownload/HST/j8gh04t7q/j8gh04t7q_flt.fits'], ['mastDownload/HST/j8gh04t7q/j8gh04t7q_flt.fits'], ['mastDownload/HST/j8gh04t8q/j8gh04t8q_flt.fits'], ['mastDownload/HST/j8gh04t8q/j8gh04t8q_flt.fits'], ['mastDownload/HST/j8gh04t8q/j8gh04t8q_flt.fits'], ['mastDownload/HST/j8gh04t9q/j8gh04t9q_flt.fits'], ['mastDownload/HST/j8gh04t9q/j8gh04t9q_flt.fits'], ['mastDownload/HST/j8gh04t9q/j8gh04t9q_flt.fits'], ['mastDownload/HST/j8gh04taq/j8gh04taq_flt.fits'], ['mastDownload/HST/j8gh04taq/j8gh04taq_flt.fits'], ['mastDownload/HST/j8gh04taq/j8gh04taq_flt.fits'], ['mastDownload/HST/j8gh04tbq/j8gh04tbq_flt.fits'], ['mastDownload/HST/j8gh04tbq/j8gh04tbq_flt.fits'], ['mastDownload/HST/j8gh04tbq/j8gh04tbq_flt.fits'], ['mastDownload/HST/j8gh04tcq/j8gh04tcq_flt.fits'], ['mastDownload/HST/j8gh04tcq/j8gh04tcq_flt.fits'], ['mastDownload/HST/j8gh04tcq/j8gh04tcq_flt.fits'], ['mastDownload/HST/j8gh04tdq/j8gh04tdq_flt.fits'], ['mastDownload/HST/j8gh04tdq/j8gh04tdq_flt.fits'], ['mastDownload/HST/j8gh04tdq/j8gh04tdq_flt.fits'], ['mastDownload/HST/j8gh04tiq/j8gh04tiq_flt.fits'], ['mastDownload/HST/j8gh04tiq/j8gh04tiq_flt.fits'], ['mastDownload/HST/j8gh04tiq/j8gh04tiq_flt.fits'], ['mastDownload/HST/j8gh04tkq/j8gh04tkq_flt.fits'], ['mastDownload/HST/j8gh04tkq/j8gh04tkq_flt.fits'], ['mastDownload/HST/j8gh04tkq/j8gh04tkq_flt.fits'], ['mastDownload/HST/j8gh04tmq/j8gh04tmq_flt.fits'], ['mastDownload/HST/j8gh04tmq/j8gh04tmq_flt.fits'], ['mastDownload/HST/j8gh04tmq/j8gh04tmq_flt.fits'], ['mastDownload/HST/j8gh04tnq/j8gh04tnq_flt.fits'], ['mastDownload/HST/j8gh04tnq/j8gh04tnq_flt.fits'], ['mastDownload/HST/j8gh04tnq/j8gh04tnq_flt.fits'], ['mastDownload/HST/j8gh04toq/j8gh04toq_flt.fits'], ['mastDownload/HST/j8gh04toq/j8gh04toq_flt.fits'], ['mastDownload/HST/j8gh04toq/j8gh04toq_flt.fits'], ['mastDownload/HST/j8gh04tpq/j8gh04tpq_flt.fits'], ['mastDownload/HST/j8gh04tpq/j8gh04tpq_flt.fits'], ['mastDownload/HST/j8gh04tpq/j8gh04tpq_flt.fits'], ['mastDownload/HST/j8gh04tqq/j8gh04tqq_flt.fits'], ['mastDownload/HST/j8gh04tqq/j8gh04tqq_flt.fits'], ['mastDownload/HST/j8gh04tqq/j8gh04tqq_flt.fits'], ['mastDownload/HST/j8gh04trq/j8gh04trq_flt.fits'], ['mastDownload/HST/j8gh04trq/j8gh04trq_flt.fits'], ['mastDownload/HST/j8gh04trq/j8gh04trq_flt.fits'], ['mastDownload/HST/j8gh04tsq/j8gh04tsq_flt.fits'], ['mastDownload/HST/j8gh04tsq/j8gh04tsq_flt.fits'], ['mastDownload/HST/j8gh04tsq/j8gh04tsq_flt.fits'], ['mastDownload/HST/j8gh04ttq/j8gh04ttq_flt.fits'], ['mastDownload/HST/j8gh04ttq/j8gh04ttq_flt.fits'], ['mastDownload/HST/j8gh04ttq/j8gh04ttq_flt.fits'], ['mastDownload/HST/j8gh04tyq/j8gh04tyq_flt.fits'], ['mastDownload/HST/j8gh04tyq/j8gh04tyq_flt.fits'], ['mastDownload/HST/j8gh04tyq/j8gh04tyq_flt.fits'], ['mastDownload/HST/j8gh04tzq/j8gh04tzq_flt.fits'], ['mastDownload/HST/j8gh04tzq/j8gh04tzq_flt.fits'], ['mastDownload/HST/j8gh04tzq/j8gh04tzq_flt.fits'], ['mastDownload/HST/j8gh04u2q/j8gh04u2q_flt.fits'], ['mastDownload/HST/j8gh04u2q/j8gh04u2q_flt.fits'], ['mastDownload/HST/j8gh04u2q/j8gh04u2q_flt.fits'], ['mastDownload/HST/j8gh04u3q/j8gh04u3q_flt.fits'], ['mastDownload/HST/j8gh04u3q/j8gh04u3q_flt.fits'], ['mastDownload/HST/j8gh04u3q/j8gh04u3q_flt.fits'], ['mastDownload/HST/j8gh04u5q/j8gh04u5q_flt.fits'], ['mastDownload/HST/j8gh04u5q/j8gh04u5q_flt.fits'], ['mastDownload/HST/j8gh04u5q/j8gh04u5q_flt.fits'], ['mastDownload/HST/j8gh04u6q/j8gh04u6q_flt.fits'], ['mastDownload/HST/j8gh04u6q/j8gh04u6q_flt.fits'], ['mastDownload/HST/j8gh04u6q/j8gh04u6q_flt.fits'], ['mastDownload/HST/j8gh04u7q/j8gh04u7q_flt.fits'], ['mastDownload/HST/j8gh04u7q/j8gh04u7q_flt.fits'], ['mastDownload/HST/j8gh04u7q/j8gh04u7q_flt.fits'], ['mastDownload/HST/j8gh04u9q/j8gh04u9q_flt.fits'], ['mastDownload/HST/j8gh04u9q/j8gh04u9q_flt.fits'], ['mastDownload/HST/j8gh04u9q/j8gh04u9q_flt.fits'], ['mastDownload/HST/j8gh04ubq/j8gh04ubq_flt.fits'], ['mastDownload/HST/j8gh04ubq/j8gh04ubq_flt.fits'], ['mastDownload/HST/j8gh04ubq/j8gh04ubq_flt.fits'], ['mastDownload/HST/j8gh04ucq/j8gh04ucq_flt.fits'], ['mastDownload/HST/j8gh04ucq/j8gh04ucq_flt.fits'], ['mastDownload/HST/j8gh04ucq/j8gh04ucq_flt.fits'], ['mastDownload/HST/j8gh04udq/j8gh04udq_flt.fits'], ['mastDownload/HST/j8gh04udq/j8gh04udq_flt.fits'], ['mastDownload/HST/j8gh04udq/j8gh04udq_flt.fits'], ['mastDownload/HST/j8gh04ueq/j8gh04ueq_flt.fits'], ['mastDownload/HST/j8gh04ueq/j8gh04ueq_flt.fits'], ['mastDownload/HST/j8gh04ueq/j8gh04ueq_flt.fits'], ['mastDownload/HST/j8gh04ufq/j8gh04ufq_flt.fits'], ['mastDownload/HST/j8gh04ufq/j8gh04ufq_flt.fits'], ['mastDownload/HST/j8gh04ufq/j8gh04ufq_flt.fits'], ['mastDownload/HST/j8gh04ugq/j8gh04ugq_flt.fits'], ['mastDownload/HST/j8gh04ugq/j8gh04ugq_flt.fits'], ['mastDownload/HST/j8gh04ugq/j8gh04ugq_flt.fits'], ['mastDownload/HST/j8gh04uhq/j8gh04uhq_flt.fits'], ['mastDownload/HST/j8gh04uhq/j8gh04uhq_flt.fits'], ['mastDownload/HST/j8gh04uhq/j8gh04uhq_flt.fits'], ['mastDownload/HST/j8gh04uiq/j8gh04uiq_flt.fits'], ['mastDownload/HST/j8gh04uiq/j8gh04uiq_flt.fits'], ['mastDownload/HST/j8gh04uiq/j8gh04uiq_flt.fits'], ['mastDownload/HST/j8gh04ujq/j8gh04ujq_flt.fits'], ['mastDownload/HST/j8gh04ujq/j8gh04ujq_flt.fits'], ['mastDownload/HST/j8gh04ujq/j8gh04ujq_flt.fits'], ['mastDownload/HST/j8gh04ukq/j8gh04ukq_flt.fits'], ['mastDownload/HST/j8gh04ukq/j8gh04ukq_flt.fits'], ['mastDownload/HST/j8gh04ukq/j8gh04ukq_flt.fits'], ['mastDownload/HST/j8gh04ulq/j8gh04ulq_flt.fits'], ['mastDownload/HST/j8gh04ulq/j8gh04ulq_flt.fits'], ['mastDownload/HST/j8gh04ulq/j8gh04ulq_flt.fits'], ['mastDownload/HST/j8gh04umq/j8gh04umq_flt.fits'], ['mastDownload/HST/j8gh04umq/j8gh04umq_flt.fits'], ['mastDownload/HST/j8gh04umq/j8gh04umq_flt.fits'], ['mastDownload/HST/j8gh04unq/j8gh04unq_flt.fits'], ['mastDownload/HST/j8gh04unq/j8gh04unq_flt.fits'], ['mastDownload/HST/j8gh04unq/j8gh04unq_flt.fits'], ['mastDownload/HST/j8gh04uoq/j8gh04uoq_flt.fits'], ['mastDownload/HST/j8gh04uoq/j8gh04uoq_flt.fits'], ['mastDownload/HST/j8gh04uoq/j8gh04uoq_flt.fits'], ['mastDownload/HST/j8gh04uqq/j8gh04uqq_flt.fits'], ['mastDownload/HST/j8gh04uqq/j8gh04uqq_flt.fits'], ['mastDownload/HST/j8gh04uqq/j8gh04uqq_flt.fits'], ['mastDownload/HST/j8gh04urq/j8gh04urq_flt.fits'], ['mastDownload/HST/j8gh04urq/j8gh04urq_flt.fits'], ['mastDownload/HST/j8gh04urq/j8gh04urq_flt.fits'], ['mastDownload/HST/j8gh04usq/j8gh04usq_flt.fits'], ['mastDownload/HST/j8gh04usq/j8gh04usq_flt.fits'], ['mastDownload/HST/j8gh04usq/j8gh04usq_flt.fits'], ['mastDownload/HST/j8gh04utq/j8gh04utq_flt.fits'], ['mastDownload/HST/j8gh04utq/j8gh04utq_flt.fits'], ['mastDownload/HST/j8gh04utq/j8gh04utq_flt.fits'], ['mastDownload/HST/j8gh04uuq/j8gh04uuq_flt.fits'], ['mastDownload/HST/j8gh04uuq/j8gh04uuq_flt.fits'], ['mastDownload/HST/j8gh04uuq/j8gh04uuq_flt.fits'], ['mastDownload/HST/j8gh04uvq/j8gh04uvq_flt.fits'], ['mastDownload/HST/j8gh04uvq/j8gh04uvq_flt.fits'], ['mastDownload/HST/j8gh04uvq/j8gh04uvq_flt.fits'], ['mastDownload/HST/j8gh04v3q/j8gh04v3q_flt.fits'], ['mastDownload/HST/j8gh04v3q/j8gh04v3q_flt.fits'], ['mastDownload/HST/j8gh04v3q/j8gh04v3q_flt.fits'], ['mastDownload/HST/j8gh04v4q/j8gh04v4q_flt.fits'], ['mastDownload/HST/j8gh04v4q/j8gh04v4q_flt.fits'], ['mastDownload/HST/j8gh04v4q/j8gh04v4q_flt.fits'], ['mastDownload/HST/j8gh04v5q/j8gh04v5q_flt.fits'], ['mastDownload/HST/j8gh04v5q/j8gh04v5q_flt.fits'], ['mastDownload/HST/j8gh04v5q/j8gh04v5q_flt.fits'], ['mastDownload/HST/j8gh04v6q/j8gh04v6q_flt.fits'], ['mastDownload/HST/j8gh04v6q/j8gh04v6q_flt.fits'], ['mastDownload/HST/j8gh04v6q/j8gh04v6q_flt.fits'], ['mastDownload/HST/j8gh04w0q/j8gh04w0q_flt.fits'], ['mastDownload/HST/j8gh04w0q/j8gh04w0q_flt.fits'], ['mastDownload/HST/j8gh04w0q/j8gh04w0q_flt.fits'], ['mastDownload/HST/j8gh04w1q/j8gh04w1q_flt.fits'], ['mastDownload/HST/j8gh04w1q/j8gh04w1q_flt.fits'], ['mastDownload/HST/j8gh04w1q/j8gh04w1q_flt.fits'], ['mastDownload/HST/j8mj40n3q/j8mj40n3q_flt.fits'], ['mastDownload/HST/j8mj40n3q/j8mj40n3q_flt.fits'], ['mastDownload/HST/j8mj40n3q/j8mj40n3q_flt.fits'], ['mastDownload/HST/j8mj40n4q/j8mj40n4q_flt.fits'], ['mastDownload/HST/j8mj40n4q/j8mj40n4q_flt.fits'], ['mastDownload/HST/j8mj40n4q/j8mj40n4q_flt.fits'], ['mastDownload/HST/j8mj40n5q/j8mj40n5q_flt.fits'], ['mastDownload/HST/j8mj40n5q/j8mj40n5q_flt.fits'], ['mastDownload/HST/j8mj40n5q/j8mj40n5q_flt.fits'], ['mastDownload/HST/j8mj40n6q/j8mj40n6q_flt.fits'], ['mastDownload/HST/j8mj40n6q/j8mj40n6q_flt.fits'], ['mastDownload/HST/j8mj40n6q/j8mj40n6q_flt.fits'], ['mastDownload/HST/j8mj40n7q/j8mj40n7q_flt.fits'], ['mastDownload/HST/j8mj40n7q/j8mj40n7q_flt.fits'], ['mastDownload/HST/j8mj40n7q/j8mj40n7q_flt.fits'], ['mastDownload/HST/j8mj40n8q/j8mj40n8q_flt.fits'], ['mastDownload/HST/j8mj40n8q/j8mj40n8q_flt.fits'], ['mastDownload/HST/j8mj40n8q/j8mj40n8q_flt.fits'], ['mastDownload/HST/j8mj40n9q/j8mj40n9q_flt.fits'], ['mastDownload/HST/j8mj40n9q/j8mj40n9q_flt.fits'], ['mastDownload/HST/j8mj40n9q/j8mj40n9q_flt.fits'], ['mastDownload/HST/j8mj40naq/j8mj40naq_flt.fits'], ['mastDownload/HST/j8mj40naq/j8mj40naq_flt.fits'], ['mastDownload/HST/j8mj40naq/j8mj40naq_flt.fits'], ['mastDownload/HST/j8mj40nbq/j8mj40nbq_flt.fits'], ['mastDownload/HST/j8mj40nbq/j8mj40nbq_flt.fits'], ['mastDownload/HST/j8mj40nbq/j8mj40nbq_flt.fits'], ['mastDownload/HST/j8mj40ncq/j8mj40ncq_flt.fits'], ['mastDownload/HST/j8mj40ncq/j8mj40ncq_flt.fits'], ['mastDownload/HST/j8mj40ncq/j8mj40ncq_flt.fits'], ['mastDownload/HST/j8mj40ndq/j8mj40ndq_flt.fits'], ['mastDownload/HST/j8mj40ndq/j8mj40ndq_flt.fits'], ['mastDownload/HST/j8mj40ndq/j8mj40ndq_flt.fits'], ['mastDownload/HST/j8mj40neq/j8mj40neq_flt.fits'], ['mastDownload/HST/j8mj40neq/j8mj40neq_flt.fits'], ['mastDownload/HST/j8mj40neq/j8mj40neq_flt.fits'], ['mastDownload/HST/j8mj40nfq/j8mj40nfq_flt.fits'], ['mastDownload/HST/j8mj40nfq/j8mj40nfq_flt.fits'], ['mastDownload/HST/j8mj40nfq/j8mj40nfq_flt.fits'], ['mastDownload/HST/j8mj40ngq/j8mj40ngq_flt.fits'], ['mastDownload/HST/j8mj40ngq/j8mj40ngq_flt.fits'], ['mastDownload/HST/j8mj40ngq/j8mj40ngq_flt.fits'], ['mastDownload/HST/j8mj40nhq/j8mj40nhq_flt.fits'], ['mastDownload/HST/j8mj40nhq/j8mj40nhq_flt.fits'], ['mastDownload/HST/j8mj40nhq/j8mj40nhq_flt.fits'], ['mastDownload/HST/j8mj40niq/j8mj40niq_flt.fits'], ['mastDownload/HST/j8mj40niq/j8mj40niq_flt.fits'], ['mastDownload/HST/j8mj40niq/j8mj40niq_flt.fits'], ['mastDownload/HST/j8mj40nlq/j8mj40nlq_flt.fits'], ['mastDownload/HST/j8mj40nlq/j8mj40nlq_flt.fits'], ['mastDownload/HST/j8mj40nlq/j8mj40nlq_flt.fits'], ['mastDownload/HST/j8mj40nmq/j8mj40nmq_flt.fits'], ['mastDownload/HST/j8mj40nmq/j8mj40nmq_flt.fits'], ['mastDownload/HST/j8mj40nmq/j8mj40nmq_flt.fits'], ['mastDownload/HST/j8mj40nnq/j8mj40nnq_flt.fits'], ['mastDownload/HST/j8mj40nnq/j8mj40nnq_flt.fits'], ['mastDownload/HST/j8mj40nnq/j8mj40nnq_flt.fits'], ['mastDownload/HST/j8mj40noq/j8mj40noq_flt.fits'], ['mastDownload/HST/j8mj40noq/j8mj40noq_flt.fits'], ['mastDownload/HST/j8mj40noq/j8mj40noq_flt.fits'], ['mastDownload/HST/j8mj40nqq/j8mj40nqq_flt.fits'], ['mastDownload/HST/j8mj40nqq/j8mj40nqq_flt.fits'], ['mastDownload/HST/j8mj40nqq/j8mj40nqq_flt.fits'], ['mastDownload/HST/j8mj40nrq/j8mj40nrq_flt.fits'], ['mastDownload/HST/j8mj40nrq/j8mj40nrq_flt.fits'], ['mastDownload/HST/j8mj40nrq/j8mj40nrq_flt.fits'], ['mastDownload/HST/j8mj40nvq/j8mj40nvq_flt.fits'], ['mastDownload/HST/j8mj40nvq/j8mj40nvq_flt.fits'], ['mastDownload/HST/j8mj40nvq/j8mj40nvq_flt.fits'], ['mastDownload/HST/j8mj40nwq/j8mj40nwq_flt.fits'], ['mastDownload/HST/j8mj40nwq/j8mj40nwq_flt.fits'], ['mastDownload/HST/j8mj40nwq/j8mj40nwq_flt.fits'], ['mastDownload/HST/j8mj40nxq/j8mj40nxq_flt.fits'], ['mastDownload/HST/j8mj40nxq/j8mj40nxq_flt.fits'], ['mastDownload/HST/j8mj40nxq/j8mj40nxq_flt.fits'], ['mastDownload/HST/j8mj40nyq/j8mj40nyq_flt.fits'], ['mastDownload/HST/j8mj40nyq/j8mj40nyq_flt.fits'], ['mastDownload/HST/j8mj40nyq/j8mj40nyq_flt.fits'], ['mastDownload/HST/j8mj40nzq/j8mj40nzq_flt.fits'], ['mastDownload/HST/j8mj40nzq/j8mj40nzq_flt.fits'], ['mastDownload/HST/j8mj40nzq/j8mj40nzq_flt.fits'], ['mastDownload/HST/j8mj40o0q/j8mj40o0q_flt.fits'], ['mastDownload/HST/j8mj40o0q/j8mj40o0q_flt.fits'], ['mastDownload/HST/j8mj40o0q/j8mj40o0q_flt.fits'], ['mastDownload/HST/j8mj41o4q/j8mj41o4q_flt.fits'], ['mastDownload/HST/j8mj41o4q/j8mj41o4q_flt.fits'], ['mastDownload/HST/j8mj41o4q/j8mj41o4q_flt.fits'], ['mastDownload/HST/j8mj41o5q/j8mj41o5q_flt.fits'], ['mastDownload/HST/j8mj41o5q/j8mj41o5q_flt.fits'], ['mastDownload/HST/j8mj41o5q/j8mj41o5q_flt.fits'], ['mastDownload/HST/j8mj41o7q/j8mj41o7q_flt.fits'], ['mastDownload/HST/j8mj41o7q/j8mj41o7q_flt.fits'], ['mastDownload/HST/j8mj41o7q/j8mj41o7q_flt.fits'], ['mastDownload/HST/j8mj41o8q/j8mj41o8q_flt.fits'], ['mastDownload/HST/j8mj41o8q/j8mj41o8q_flt.fits'], ['mastDownload/HST/j8mj41o8q/j8mj41o8q_flt.fits'], ['mastDownload/HST/j8mj41o9q/j8mj41o9q_flt.fits'], ['mastDownload/HST/j8mj41o9q/j8mj41o9q_flt.fits'], ['mastDownload/HST/j8mj41o9q/j8mj41o9q_flt.fits'], ['mastDownload/HST/j8mj41oaq/j8mj41oaq_flt.fits'], ['mastDownload/HST/j8mj41oaq/j8mj41oaq_flt.fits'], ['mastDownload/HST/j8mj41oaq/j8mj41oaq_flt.fits'], ['mastDownload/HST/j8mj41obq/j8mj41obq_flt.fits'], ['mastDownload/HST/j8mj41obq/j8mj41obq_flt.fits'], ['mastDownload/HST/j8mj41obq/j8mj41obq_flt.fits'], ['mastDownload/HST/j8mj41ocq/j8mj41ocq_flt.fits'], ['mastDownload/HST/j8mj41ocq/j8mj41ocq_flt.fits'], ['mastDownload/HST/j8mj41ocq/j8mj41ocq_flt.fits'], ['mastDownload/HST/j8mj41odq/j8mj41odq_flt.fits'], ['mastDownload/HST/j8mj41odq/j8mj41odq_flt.fits'], ['mastDownload/HST/j8mj41odq/j8mj41odq_flt.fits'], ['mastDownload/HST/j8mj41oeq/j8mj41oeq_flt.fits'], ['mastDownload/HST/j8mj41oeq/j8mj41oeq_flt.fits'], ['mastDownload/HST/j8mj41oeq/j8mj41oeq_flt.fits'], ['mastDownload/HST/j8mj41ofq/j8mj41ofq_flt.fits'], ['mastDownload/HST/j8mj41ofq/j8mj41ofq_flt.fits'], ['mastDownload/HST/j8mj41ofq/j8mj41ofq_flt.fits'], ['mastDownload/HST/j8mj41ogq/j8mj41ogq_flt.fits'], ['mastDownload/HST/j8mj41ogq/j8mj41ogq_flt.fits'], ['mastDownload/HST/j8mj41ogq/j8mj41ogq_flt.fits'], ['mastDownload/HST/j8mj41ohq/j8mj41ohq_flt.fits'], ['mastDownload/HST/j8mj41ohq/j8mj41ohq_flt.fits'], ['mastDownload/HST/j8mj41ohq/j8mj41ohq_flt.fits'], ['mastDownload/HST/j8mj41oiq/j8mj41oiq_flt.fits'], ['mastDownload/HST/j8mj41oiq/j8mj41oiq_flt.fits'], ['mastDownload/HST/j8mj41oiq/j8mj41oiq_flt.fits'], ['mastDownload/HST/j8mj41omq/j8mj41omq_flt.fits'], ['mastDownload/HST/j8mj41omq/j8mj41omq_flt.fits'], ['mastDownload/HST/j8mj41omq/j8mj41omq_flt.fits'], ['mastDownload/HST/j8mj41onq/j8mj41onq_flt.fits'], ['mastDownload/HST/j8mj41onq/j8mj41onq_flt.fits'], ['mastDownload/HST/j8mj41onq/j8mj41onq_flt.fits'], ['mastDownload/HST/j8mj41ooq/j8mj41ooq_flt.fits'], ['mastDownload/HST/j8mj41ooq/j8mj41ooq_flt.fits'], ['mastDownload/HST/j8mj41ooq/j8mj41ooq_flt.fits'], ['mastDownload/HST/j8mj41opq/j8mj41opq_flt.fits'], ['mastDownload/HST/j8mj41opq/j8mj41opq_flt.fits'], ['mastDownload/HST/j8mj41opq/j8mj41opq_flt.fits'], ['mastDownload/HST/j8mj41oqq/j8mj41oqq_flt.fits'], ['mastDownload/HST/j8mj41oqq/j8mj41oqq_flt.fits'], ['mastDownload/HST/j8mj41oqq/j8mj41oqq_flt.fits'], ['mastDownload/HST/j8mj41orq/j8mj41orq_flt.fits'], ['mastDownload/HST/j8mj41orq/j8mj41orq_flt.fits'], ['mastDownload/HST/j8mj41orq/j8mj41orq_flt.fits'], ['mastDownload/HST/j8mj41osq/j8mj41osq_flt.fits'], ['mastDownload/HST/j8mj41osq/j8mj41osq_flt.fits'], ['mastDownload/HST/j8mj41osq/j8mj41osq_flt.fits'], ['mastDownload/HST/j8mj41otq/j8mj41otq_flt.fits'], ['mastDownload/HST/j8mj41otq/j8mj41otq_flt.fits'], ['mastDownload/HST/j8mj41otq/j8mj41otq_flt.fits'], ['mastDownload/HST/j8mj41ouq/j8mj41ouq_flt.fits'], ['mastDownload/HST/j8mj41ouq/j8mj41ouq_flt.fits'], ['mastDownload/HST/j8mj41ouq/j8mj41ouq_flt.fits'], ['mastDownload/HST/j8mj41ovq/j8mj41ovq_flt.fits'], ['mastDownload/HST/j8mj41ovq/j8mj41ovq_flt.fits'], ['mastDownload/HST/j8mj41ovq/j8mj41ovq_flt.fits'], ['mastDownload/HST/j8mj41owq/j8mj41owq_flt.fits'], ['mastDownload/HST/j8mj41owq/j8mj41owq_flt.fits'], ['mastDownload/HST/j8mj41owq/j8mj41owq_flt.fits'], ['mastDownload/HST/j8mj41oxq/j8mj41oxq_flt.fits'], ['mastDownload/HST/j8mj41oxq/j8mj41oxq_flt.fits'], ['mastDownload/HST/j8mj41oxq/j8mj41oxq_flt.fits'], ['mastDownload/HST/j8mj41oyq/j8mj41oyq_flt.fits'], ['mastDownload/HST/j8mj41oyq/j8mj41oyq_flt.fits'], ['mastDownload/HST/j8mj41oyq/j8mj41oyq_flt.fits'], ['mastDownload/HST/j8mj41ozq/j8mj41ozq_flt.fits'], ['mastDownload/HST/j8mj41ozq/j8mj41ozq_flt.fits'], ['mastDownload/HST/j8mj41ozq/j8mj41ozq_flt.fits'], ['mastDownload/HST/j90m56uyq/j90m56uyq_flt.fits'], ['mastDownload/HST/j90m56uyq/j90m56uyq_flt.fits'], ['mastDownload/HST/j90m56uyq/j90m56uyq_flt.fits'], ['mastDownload/HST/j90m56uzq/j90m56uzq_flt.fits'], ['mastDownload/HST/j90m56uzq/j90m56uzq_flt.fits'], ['mastDownload/HST/j90m56uzq/j90m56uzq_flt.fits'], ['mastDownload/HST/j90m56v0q/j90m56v0q_flt.fits'], ['mastDownload/HST/j90m56v0q/j90m56v0q_flt.fits'], ['mastDownload/HST/j90m56v0q/j90m56v0q_flt.fits'], ['mastDownload/HST/j90m56v1q/j90m56v1q_flt.fits'], ['mastDownload/HST/j90m56v1q/j90m56v1q_flt.fits'], ['mastDownload/HST/j90m56v1q/j90m56v1q_flt.fits'], ['mastDownload/HST/j9bk09y2q/j9bk09y2q_flc.fits'], ['mastDownload/HST/j9bk09y2q/j9bk09y2q_flc.fits'], ['mastDownload/HST/j9bk09y2q/j9bk09y2q_flc.fits'], ['mastDownload/HST/j9bk09y2q/j9bk09y2q_flc.fits'], ['mastDownload/HST/j9bk09y2q/j9bk09y2q_flc.fits'], ['mastDownload/HST/j9bk09y2q/j9bk09y2q_flc.fits'], ['mastDownload/HST/j9bk09y3q/j9bk09y3q_flc.fits'], ['mastDownload/HST/j9bk09y3q/j9bk09y3q_flc.fits'], ['mastDownload/HST/j9bk09y3q/j9bk09y3q_flc.fits'], ['mastDownload/HST/j9bk09y3q/j9bk09y3q_flc.fits'], ['mastDownload/HST/j9bk09y3q/j9bk09y3q_flc.fits'], ['mastDownload/HST/j9bk09y3q/j9bk09y3q_flc.fits'], ['mastDownload/HST/j9cv41l7q/j9cv41l7q_flc.fits'], ['mastDownload/HST/j9cv41l7q/j9cv41l7q_flc.fits'], ['mastDownload/HST/j9cv41l7q/j9cv41l7q_flc.fits'], ['mastDownload/HST/j9cv41l7q/j9cv41l7q_flc.fits'], ['mastDownload/HST/j9cv41l7q/j9cv41l7q_flc.fits'], ['mastDownload/HST/j9cv41l7q/j9cv41l7q_flc.fits'], ['mastDownload/HST/j9cv41l9q/j9cv41l9q_flc.fits'], ['mastDownload/HST/j9cv41l9q/j9cv41l9q_flc.fits'], ['mastDownload/HST/j9cv41l9q/j9cv41l9q_flc.fits'], ['mastDownload/HST/j9cv41l9q/j9cv41l9q_flc.fits'], ['mastDownload/HST/j9cv41l9q/j9cv41l9q_flc.fits'], ['mastDownload/HST/j9cv41l9q/j9cv41l9q_flc.fits'], ['mastDownload/HST/j9cv41lbq/j9cv41lbq_flc.fits'], ['mastDownload/HST/j9cv41lbq/j9cv41lbq_flc.fits'], ['mastDownload/HST/j9cv41lbq/j9cv41lbq_flc.fits'], ['mastDownload/HST/j9cv41lbq/j9cv41lbq_flc.fits'], ['mastDownload/HST/j9cv41lbq/j9cv41lbq_flc.fits'], ['mastDownload/HST/j9cv41lbq/j9cv41lbq_flc.fits'], ['mastDownload/HST/j9cv41ldq/j9cv41ldq_flc.fits'], ['mastDownload/HST/j9cv41ldq/j9cv41ldq_flc.fits'], ['mastDownload/HST/j9cv41ldq/j9cv41ldq_flc.fits'], ['mastDownload/HST/j9cv41ldq/j9cv41ldq_flc.fits'], ['mastDownload/HST/j9cv41ldq/j9cv41ldq_flc.fits'], ['mastDownload/HST/j9cv41ldq/j9cv41ldq_flc.fits'], ['mastDownload/HST/j9cv41lfq/j9cv41lfq_flc.fits'], ['mastDownload/HST/j9cv41lfq/j9cv41lfq_flc.fits'], ['mastDownload/HST/j9cv41lfq/j9cv41lfq_flc.fits'], ['mastDownload/HST/j9cv41lfq/j9cv41lfq_flc.fits'], ['mastDownload/HST/j9cv41lfq/j9cv41lfq_flc.fits'], ['mastDownload/HST/j9cv41lfq/j9cv41lfq_flc.fits'], ['mastDownload/HST/j9eo61lkq/j9eo61lkq_flt.fits'], ['mastDownload/HST/j9eo61lkq/j9eo61lkq_flt.fits'], ['mastDownload/HST/j9eo61lkq/j9eo61lkq_flt.fits'], ['mastDownload/HST/j9eo61llq/j9eo61llq_flt.fits'], ['mastDownload/HST/j9eo61llq/j9eo61llq_flt.fits'], ['mastDownload/HST/j9eo61llq/j9eo61llq_flt.fits'], ['mastDownload/HST/jbjh1kvkq/jbjh1kvkq_flc.fits'], ['mastDownload/HST/jbjh1kvkq/jbjh1kvkq_flc.fits'], ['mastDownload/HST/jbjh1kvkq/jbjh1kvkq_flc.fits'], ['mastDownload/HST/jbjh1kvkq/jbjh1kvkq_flc.fits'], ['mastDownload/HST/jbjh1kvkq/jbjh1kvkq_flc.fits'], ['mastDownload/HST/jbjh1kvkq/jbjh1kvkq_flc.fits'], ['mastDownload/HST/u27l4w01t/u27l4w01t_c0f.fits'], ['mastDownload/HST/u27l4w01t/u27l4w01t_c0f.fits'], ['mastDownload/HST/u27l4w01t/u27l4w01t_c0f.fits'], ['mastDownload/HST/u27l4w01t/u27l4w01t_c0f.fits'], ['mastDownload/HST/u27l4w01t/u27l4w01t_c0f.fits'], ['mastDownload/HST/u27l4w01t/u27l4w01t_c0f.fits'], ['mastDownload/HST/u27l4w01t/u27l4w01t_c0f.fits'], ['mastDownload/HST/u27l4w01t/u27l4w01t_c0f.fits'], ['mastDownload/HST/u27l4w01t/u27l4w01t_c0f.fits'], ['mastDownload/HST/u27l4w01t/u27l4w01t_c0f.fits'], ['mastDownload/HST/u27l4w01t/u27l4w01t_c0f.fits'], ['mastDownload/HST/u27l4w01t/u27l4w01t_c0f.fits'], ['mastDownload/HST/u27l4w01t/u27l4w01t_c0f.fits'], ['mastDownload/HST/u27l4w01t/u27l4w01t_c0f.fits'], ['mastDownload/HST/u27l4w01t/u27l4w01t_c0f.fits'], ['mastDownload/HST/u27l4w02t/u27l4w02t_c0f.fits'], ['mastDownload/HST/u27l4w02t/u27l4w02t_c0f.fits'], ['mastDownload/HST/u27l4w02t/u27l4w02t_c0f.fits'], ['mastDownload/HST/u27l4w02t/u27l4w02t_c0f.fits'], ['mastDownload/HST/u27l4w02t/u27l4w02t_c0f.fits'], ['mastDownload/HST/u27l4w02t/u27l4w02t_c0f.fits'], ['mastDownload/HST/u27l4w02t/u27l4w02t_c0f.fits'], ['mastDownload/HST/u27l4w02t/u27l4w02t_c0f.fits'], ['mastDownload/HST/u27l4w02t/u27l4w02t_c0f.fits'], ['mastDownload/HST/u27l4w02t/u27l4w02t_c0f.fits'], ['mastDownload/HST/u27l4w02t/u27l4w02t_c0f.fits'], ['mastDownload/HST/u27l4w02t/u27l4w02t_c0f.fits'], ['mastDownload/HST/u27l4w02t/u27l4w02t_c0f.fits'], ['mastDownload/HST/u27l4w02t/u27l4w02t_c0f.fits'], ['mastDownload/HST/u27l4w02t/u27l4w02t_c0f.fits'], ['mastDownload/HST/u27ra701t/u27ra701t_c0f.fits'], ['mastDownload/HST/u27ra701t/u27ra701t_c0f.fits'], ['mastDownload/HST/u27ra701t/u27ra701t_c0f.fits'], ['mastDownload/HST/u27ra701t/u27ra701t_c0f.fits'], ['mastDownload/HST/u27ra701t/u27ra701t_c0f.fits'], ['mastDownload/HST/u27ra701t/u27ra701t_c0f.fits'], ['mastDownload/HST/u27ra701t/u27ra701t_c0f.fits'], ['mastDownload/HST/u27ra701t/u27ra701t_c0f.fits'], ['mastDownload/HST/u27ra701t/u27ra701t_c0f.fits'], ['mastDownload/HST/u27ra701t/u27ra701t_c0f.fits'], ['mastDownload/HST/u27ra701t/u27ra701t_c0f.fits'], ['mastDownload/HST/u27ra701t/u27ra701t_c0f.fits'], ['mastDownload/HST/u27ra701t/u27ra701t_c0f.fits'], ['mastDownload/HST/u27ra701t/u27ra701t_c0f.fits'], ['mastDownload/HST/u27ra701t/u27ra701t_c0f.fits'], ['mastDownload/HST/u27ra702t/u27ra702t_c0f.fits'], ['mastDownload/HST/u27ra702t/u27ra702t_c0f.fits'], ['mastDownload/HST/u27ra702t/u27ra702t_c0f.fits'], ['mastDownload/HST/u27ra702t/u27ra702t_c0f.fits'], ['mastDownload/HST/u27ra702t/u27ra702t_c0f.fits'], ['mastDownload/HST/u27ra702t/u27ra702t_c0f.fits'], ['mastDownload/HST/u27ra702t/u27ra702t_c0f.fits'], ['mastDownload/HST/u27ra702t/u27ra702t_c0f.fits'], ['mastDownload/HST/u27ra702t/u27ra702t_c0f.fits'], ['mastDownload/HST/u27ra702t/u27ra702t_c0f.fits'], ['mastDownload/HST/u27ra702t/u27ra702t_c0f.fits'], ['mastDownload/HST/u27ra702t/u27ra702t_c0f.fits'], ['mastDownload/HST/u27ra702t/u27ra702t_c0f.fits'], ['mastDownload/HST/u27ra702t/u27ra702t_c0f.fits'], ['mastDownload/HST/u27ra702t/u27ra702t_c0f.fits'], ['mastDownload/HST/u27z5v01t/u27z5v01t_c0f.fits'], ['mastDownload/HST/u27z5v01t/u27z5v01t_c0f.fits'], ['mastDownload/HST/u27z5v01t/u27z5v01t_c0f.fits'], ['mastDownload/HST/u27z5v01t/u27z5v01t_c0f.fits'], ['mastDownload/HST/u27z5v01t/u27z5v01t_c0f.fits'], ['mastDownload/HST/u27z5v01t/u27z5v01t_c0f.fits'], ['mastDownload/HST/u27z5v01t/u27z5v01t_c0f.fits'], ['mastDownload/HST/u27z5v01t/u27z5v01t_c0f.fits'], ['mastDownload/HST/u27z5v01t/u27z5v01t_c0f.fits'], ['mastDownload/HST/u27z5v01t/u27z5v01t_c0f.fits'], ['mastDownload/HST/u27z5v01t/u27z5v01t_c0f.fits'], ['mastDownload/HST/u27z5v01t/u27z5v01t_c0f.fits'], ['mastDownload/HST/u27z5v01t/u27z5v01t_c0f.fits'], ['mastDownload/HST/u27z5v01t/u27z5v01t_c0f.fits'], ['mastDownload/HST/u27z5v01t/u27z5v01t_c0f.fits'], ['mastDownload/HST/u27z5v02t/u27z5v02t_c0f.fits'], ['mastDownload/HST/u27z5v02t/u27z5v02t_c0f.fits'], ['mastDownload/HST/u27z5v02t/u27z5v02t_c0f.fits'], ['mastDownload/HST/u27z5v02t/u27z5v02t_c0f.fits'], ['mastDownload/HST/u27z5v02t/u27z5v02t_c0f.fits'], ['mastDownload/HST/u27z5v02t/u27z5v02t_c0f.fits'], ['mastDownload/HST/u27z5v02t/u27z5v02t_c0f.fits'], ['mastDownload/HST/u27z5v02t/u27z5v02t_c0f.fits'], ['mastDownload/HST/u27z5v02t/u27z5v02t_c0f.fits'], ['mastDownload/HST/u27z5v02t/u27z5v02t_c0f.fits'], ['mastDownload/HST/u27z5v02t/u27z5v02t_c0f.fits'], ['mastDownload/HST/u27z5v02t/u27z5v02t_c0f.fits'], ['mastDownload/HST/u27z5v02t/u27z5v02t_c0f.fits'], ['mastDownload/HST/u27z5v02t/u27z5v02t_c0f.fits'], ['mastDownload/HST/u27z5v02t/u27z5v02t_c0f.fits'], ['mastDownload/HST/u2ouqi01t/u2ouqi01t_c0f.fits'], ['mastDownload/HST/u2ouqi01t/u2ouqi01t_c0f.fits'], ['mastDownload/HST/u2ouqi01t/u2ouqi01t_c0f.fits'], ['mastDownload/HST/u2ouqi01t/u2ouqi01t_c0f.fits'], ['mastDownload/HST/u2ouqi01t/u2ouqi01t_c0f.fits'], ['mastDownload/HST/u2ouqi01t/u2ouqi01t_c0f.fits'], ['mastDownload/HST/u2ouqi01t/u2ouqi01t_c0f.fits'], ['mastDownload/HST/u2ouqi01t/u2ouqi01t_c0f.fits'], ['mastDownload/HST/u2ouqi01t/u2ouqi01t_c0f.fits'], ['mastDownload/HST/u2ouqi01t/u2ouqi01t_c0f.fits'], ['mastDownload/HST/u2ouqi01t/u2ouqi01t_c0f.fits'], ['mastDownload/HST/u2ouqi01t/u2ouqi01t_c0f.fits'], ['mastDownload/HST/u2ouqi01t/u2ouqi01t_c0f.fits'], ['mastDownload/HST/u2ouqi01t/u2ouqi01t_c0f.fits'], ['mastDownload/HST/u2ouqi01t/u2ouqi01t_c0f.fits'], ['mastDownload/HST/u2ouqj01t/u2ouqj01t_c0f.fits'], ['mastDownload/HST/u2ouqj01t/u2ouqj01t_c0f.fits'], ['mastDownload/HST/u2ouqj01t/u2ouqj01t_c0f.fits'], ['mastDownload/HST/u2ouqj01t/u2ouqj01t_c0f.fits'], ['mastDownload/HST/u2ouqj01t/u2ouqj01t_c0f.fits'], ['mastDownload/HST/u2ouqj01t/u2ouqj01t_c0f.fits'], ['mastDownload/HST/u2ouqj01t/u2ouqj01t_c0f.fits'], ['mastDownload/HST/u2ouqj01t/u2ouqj01t_c0f.fits'], ['mastDownload/HST/u2ouqj01t/u2ouqj01t_c0f.fits'], ['mastDownload/HST/u2ouqj01t/u2ouqj01t_c0f.fits'], ['mastDownload/HST/u2ouqj01t/u2ouqj01t_c0f.fits'], ['mastDownload/HST/u2ouqj01t/u2ouqj01t_c0f.fits'], ['mastDownload/HST/u2ouqj01t/u2ouqj01t_c0f.fits'], ['mastDownload/HST/u2ouqj01t/u2ouqj01t_c0f.fits'], ['mastDownload/HST/u2ouqj01t/u2ouqj01t_c0f.fits'], ['mastDownload/HST/u2ry8r01t/u2ry8r01t_c0f.fits'], ['mastDownload/HST/u2ry8r01t/u2ry8r01t_c0f.fits'], ['mastDownload/HST/u2ry8r01t/u2ry8r01t_c0f.fits'], ['mastDownload/HST/u2ry8r01t/u2ry8r01t_c0f.fits'], ['mastDownload/HST/u2s05701t/u2s05701t_c0f.fits'], ['mastDownload/HST/u2s05701t/u2s05701t_c0f.fits'], ['mastDownload/HST/u2s05701t/u2s05701t_c0f.fits'], ['mastDownload/HST/u2s05701t/u2s05701t_c0f.fits'], ['mastDownload/HST/u2s05701t/u2s05701t_c0f.fits'], ['mastDownload/HST/u2s05702t/u2s05702t_c0f.fits'], ['mastDownload/HST/u2s05702t/u2s05702t_c0f.fits'], ['mastDownload/HST/u2s05702t/u2s05702t_c0f.fits'], ['mastDownload/HST/u2s05702t/u2s05702t_c0f.fits'], ['mastDownload/HST/u2s05702t/u2s05702t_c0f.fits'], ['mastDownload/HST/u2u20701t/u2u20701t_c0f.fits'], ['mastDownload/HST/u2u20701t/u2u20701t_c0f.fits'], ['mastDownload/HST/u2u20701t/u2u20701t_c0f.fits'], ['mastDownload/HST/u2u20701t/u2u20701t_c0f.fits'], ['mastDownload/HST/u2u20701t/u2u20701t_c0f.fits'], ['mastDownload/HST/u2u20701t/u2u20701t_c0f.fits'], ['mastDownload/HST/u2u20701t/u2u20701t_c0f.fits'], ['mastDownload/HST/u2u20701t/u2u20701t_c0f.fits'], ['mastDownload/HST/u2u20701t/u2u20701t_c0f.fits'], ['mastDownload/HST/u2u20701t/u2u20701t_c0f.fits'], ['mastDownload/HST/u2u20701t/u2u20701t_c0f.fits'], ['mastDownload/HST/u2u20701t/u2u20701t_c0f.fits'], ['mastDownload/HST/u2u20701t/u2u20701t_c0f.fits'], ['mastDownload/HST/u2u20701t/u2u20701t_c0f.fits'], ['mastDownload/HST/u2u20701t/u2u20701t_c0f.fits'], ['mastDownload/HST/u2u20702t/u2u20702t_c0f.fits'], ['mastDownload/HST/u2u20702t/u2u20702t_c0f.fits'], ['mastDownload/HST/u2u20702t/u2u20702t_c0f.fits'], ['mastDownload/HST/u2u20702t/u2u20702t_c0f.fits'], ['mastDownload/HST/u2u20702t/u2u20702t_c0f.fits'], ['mastDownload/HST/u2u20702t/u2u20702t_c0f.fits'], ['mastDownload/HST/u2u20702t/u2u20702t_c0f.fits'], ['mastDownload/HST/u2u20702t/u2u20702t_c0f.fits'], ['mastDownload/HST/u2u20702t/u2u20702t_c0f.fits'], ['mastDownload/HST/u2u20702t/u2u20702t_c0f.fits'], ['mastDownload/HST/u2u20702t/u2u20702t_c0f.fits'], ['mastDownload/HST/u2u20702t/u2u20702t_c0f.fits'], ['mastDownload/HST/u2u20702t/u2u20702t_c0f.fits'], ['mastDownload/HST/u2u20702t/u2u20702t_c0f.fits'], ['mastDownload/HST/u2u20702t/u2u20702t_c0f.fits'], ['mastDownload/HST/u2u20703t/u2u20703t_c0f.fits'], ['mastDownload/HST/u2u20703t/u2u20703t_c0f.fits'], ['mastDownload/HST/u2u20703t/u2u20703t_c0f.fits'], ['mastDownload/HST/u2u20703t/u2u20703t_c0f.fits'], ['mastDownload/HST/u2u20703t/u2u20703t_c0f.fits'], ['mastDownload/HST/u2u20703t/u2u20703t_c0f.fits'], ['mastDownload/HST/u2u20703t/u2u20703t_c0f.fits'], ['mastDownload/HST/u2u20703t/u2u20703t_c0f.fits'], ['mastDownload/HST/u2u20703t/u2u20703t_c0f.fits'], ['mastDownload/HST/u2u20703t/u2u20703t_c0f.fits'], ['mastDownload/HST/u2u20703t/u2u20703t_c0f.fits'], ['mastDownload/HST/u2u20703t/u2u20703t_c0f.fits'], ['mastDownload/HST/u2u20703t/u2u20703t_c0f.fits'], ['mastDownload/HST/u2u20703t/u2u20703t_c0f.fits'], ['mastDownload/HST/u2u20703t/u2u20703t_c0f.fits'], ['mastDownload/HST/u2u20704t/u2u20704t_c0f.fits'], ['mastDownload/HST/u2u20704t/u2u20704t_c0f.fits'], ['mastDownload/HST/u2u20704t/u2u20704t_c0f.fits'], ['mastDownload/HST/u2u20704t/u2u20704t_c0f.fits'], ['mastDownload/HST/u2u20704t/u2u20704t_c0f.fits'], ['mastDownload/HST/u2u20704t/u2u20704t_c0f.fits'], ['mastDownload/HST/u2u20704t/u2u20704t_c0f.fits'], ['mastDownload/HST/u2u20704t/u2u20704t_c0f.fits'], ['mastDownload/HST/u2u20704t/u2u20704t_c0f.fits'], ['mastDownload/HST/u2u20704t/u2u20704t_c0f.fits'], ['mastDownload/HST/u2u20704t/u2u20704t_c0f.fits'], ['mastDownload/HST/u2u20704t/u2u20704t_c0f.fits'], ['mastDownload/HST/u2u20704t/u2u20704t_c0f.fits'], ['mastDownload/HST/u2u20704t/u2u20704t_c0f.fits'], ['mastDownload/HST/u2u20704t/u2u20704t_c0f.fits'], ['mastDownload/HST/u2u20705t/u2u20705t_c0f.fits'], ['mastDownload/HST/u2u20705t/u2u20705t_c0f.fits'], ['mastDownload/HST/u2u20705t/u2u20705t_c0f.fits'], ['mastDownload/HST/u2u20705t/u2u20705t_c0f.fits'], ['mastDownload/HST/u2u20705t/u2u20705t_c0f.fits'], ['mastDownload/HST/u2u20705t/u2u20705t_c0f.fits'], ['mastDownload/HST/u2u20705t/u2u20705t_c0f.fits'], ['mastDownload/HST/u2u20705t/u2u20705t_c0f.fits'], ['mastDownload/HST/u2u20705t/u2u20705t_c0f.fits'], ['mastDownload/HST/u2u20705t/u2u20705t_c0f.fits'], ['mastDownload/HST/u2u20705t/u2u20705t_c0f.fits'], ['mastDownload/HST/u2u20705t/u2u20705t_c0f.fits'], ['mastDownload/HST/u2u20705t/u2u20705t_c0f.fits'], ['mastDownload/HST/u2u20705t/u2u20705t_c0f.fits'], ['mastDownload/HST/u2u20705t/u2u20705t_c0f.fits'], ['mastDownload/HST/u2u20706t/u2u20706t_c0f.fits'], ['mastDownload/HST/u2u20706t/u2u20706t_c0f.fits'], ['mastDownload/HST/u2u20706t/u2u20706t_c0f.fits'], ['mastDownload/HST/u2u20706t/u2u20706t_c0f.fits'], ['mastDownload/HST/u2u20706t/u2u20706t_c0f.fits'], ['mastDownload/HST/u2u20706t/u2u20706t_c0f.fits'], ['mastDownload/HST/u2u20706t/u2u20706t_c0f.fits'], ['mastDownload/HST/u2u20706t/u2u20706t_c0f.fits'], ['mastDownload/HST/u2u20706t/u2u20706t_c0f.fits'], ['mastDownload/HST/u2u20706t/u2u20706t_c0f.fits'], ['mastDownload/HST/u2u20706t/u2u20706t_c0f.fits'], ['mastDownload/HST/u2u20706t/u2u20706t_c0f.fits'], ['mastDownload/HST/u2u20706t/u2u20706t_c0f.fits'], ['mastDownload/HST/u2u20706t/u2u20706t_c0f.fits'], ['mastDownload/HST/u2u20706t/u2u20706t_c0f.fits'], ['mastDownload/HST/u2u20707t/u2u20707t_c0f.fits'], ['mastDownload/HST/u2u20707t/u2u20707t_c0f.fits'], ['mastDownload/HST/u2u20707t/u2u20707t_c0f.fits'], ['mastDownload/HST/u2u20707t/u2u20707t_c0f.fits'], ['mastDownload/HST/u2u20707t/u2u20707t_c0f.fits'], ['mastDownload/HST/u2u20707t/u2u20707t_c0f.fits'], ['mastDownload/HST/u2u20707t/u2u20707t_c0f.fits'], ['mastDownload/HST/u2u20707t/u2u20707t_c0f.fits'], ['mastDownload/HST/u2u20707t/u2u20707t_c0f.fits'], ['mastDownload/HST/u2u20707t/u2u20707t_c0f.fits'], ['mastDownload/HST/u2u20707t/u2u20707t_c0f.fits'], ['mastDownload/HST/u2u20707t/u2u20707t_c0f.fits'], ['mastDownload/HST/u2u20707t/u2u20707t_c0f.fits'], ['mastDownload/HST/u2u20707t/u2u20707t_c0f.fits'], ['mastDownload/HST/u2u20707t/u2u20707t_c0f.fits'], ['mastDownload/HST/u2u20708t/u2u20708t_c0f.fits'], ['mastDownload/HST/u2u20708t/u2u20708t_c0f.fits'], ['mastDownload/HST/u2u20708t/u2u20708t_c0f.fits'], ['mastDownload/HST/u2u20708t/u2u20708t_c0f.fits'], ['mastDownload/HST/u2u20708t/u2u20708t_c0f.fits'], ['mastDownload/HST/u2u20708t/u2u20708t_c0f.fits'], ['mastDownload/HST/u2u20708t/u2u20708t_c0f.fits'], ['mastDownload/HST/u2u20708t/u2u20708t_c0f.fits'], ['mastDownload/HST/u2u20708t/u2u20708t_c0f.fits'], ['mastDownload/HST/u2u20708t/u2u20708t_c0f.fits'], ['mastDownload/HST/u2u20708t/u2u20708t_c0f.fits'], ['mastDownload/HST/u2u20708t/u2u20708t_c0f.fits'], ['mastDownload/HST/u2u20708t/u2u20708t_c0f.fits'], ['mastDownload/HST/u2u20708t/u2u20708t_c0f.fits'], ['mastDownload/HST/u2u20708t/u2u20708t_c0f.fits'], ['mastDownload/HST/u31z0301m/u31z0301m_c0f.fits'], ['mastDownload/HST/u31z0301m/u31z0301m_c0f.fits'], ['mastDownload/HST/u31z0301m/u31z0301m_c0f.fits'], ['mastDownload/HST/u31z0301m/u31z0301m_c0f.fits'], ['mastDownload/HST/u31z0301m/u31z0301m_c0f.fits'], ['mastDownload/HST/u31z0302m/u31z0302m_c0f.fits'], ['mastDownload/HST/u31z0302m/u31z0302m_c0f.fits'], ['mastDownload/HST/u31z0302m/u31z0302m_c0f.fits'], ['mastDownload/HST/u31z0302m/u31z0302m_c0f.fits'], ['mastDownload/HST/u31z0302m/u31z0302m_c0f.fits'], ['mastDownload/HST/u31z0303m/u31z0303m_c0f.fits'], ['mastDownload/HST/u31z0303m/u31z0303m_c0f.fits'], ['mastDownload/HST/u31z0303m/u31z0303m_c0f.fits'], ['mastDownload/HST/u31z0303m/u31z0303m_c0f.fits'], ['mastDownload/HST/u31z0303m/u31z0303m_c0f.fits'], ['mastDownload/HST/u31z0304m/u31z0304m_c0f.fits'], ['mastDownload/HST/u31z0304m/u31z0304m_c0f.fits'], ['mastDownload/HST/u31z0304m/u31z0304m_c0f.fits'], ['mastDownload/HST/u31z0304m/u31z0304m_c0f.fits'], ['mastDownload/HST/u31z0304m/u31z0304m_c0f.fits'], ['mastDownload/HST/u482rl01r/u482rl01r_c0f.fits'], ['mastDownload/HST/u482rl01r/u482rl01r_c0f.fits'], ['mastDownload/HST/u482rl01r/u482rl01r_c0f.fits'], ['mastDownload/HST/u482rl01r/u482rl01r_c0f.fits'], ['mastDownload/HST/u4k2x401r/u4k2x401r_c0f.fits'], ['mastDownload/HST/u4k2x401r/u4k2x401r_c0f.fits'], ['mastDownload/HST/u4k2x401r/u4k2x401r_c0f.fits'], ['mastDownload/HST/u4k2x401r/u4k2x401r_c0f.fits'], ['mastDownload/HST/u4k2x401r/u4k2x401r_c0f.fits'], ['mastDownload/HST/u4k2x401r/u4k2x401r_c0f.fits'], ['mastDownload/HST/u4k2x401r/u4k2x401r_c0f.fits'], ['mastDownload/HST/u4k2x401r/u4k2x401r_c0f.fits'], ['mastDownload/HST/u4k2x401r/u4k2x401r_c0f.fits'], ['mastDownload/HST/u4k2x401r/u4k2x401r_c0f.fits'], ['mastDownload/HST/u4k2x401r/u4k2x401r_c0f.fits'], ['mastDownload/HST/u4k2x401r/u4k2x401r_c0f.fits'], ['mastDownload/HST/u4k2x401r/u4k2x401r_c0f.fits'], ['mastDownload/HST/u4k2x401r/u4k2x401r_c0f.fits'], ['mastDownload/HST/u4k2x401r/u4k2x401r_c0f.fits'], ['mastDownload/HST/u4k2x402r/u4k2x402r_c0f.fits'], ['mastDownload/HST/u4k2x402r/u4k2x402r_c0f.fits'], ['mastDownload/HST/u4k2x402r/u4k2x402r_c0f.fits'], ['mastDownload/HST/u4k2x402r/u4k2x402r_c0f.fits'], ['mastDownload/HST/u4k2x402r/u4k2x402r_c0f.fits'], ['mastDownload/HST/u4k2x402r/u4k2x402r_c0f.fits'], ['mastDownload/HST/u4k2x402r/u4k2x402r_c0f.fits'], ['mastDownload/HST/u4k2x402r/u4k2x402r_c0f.fits'], ['mastDownload/HST/u4k2x402r/u4k2x402r_c0f.fits'], ['mastDownload/HST/u4k2x402r/u4k2x402r_c0f.fits'], ['mastDownload/HST/u4k2x402r/u4k2x402r_c0f.fits'], ['mastDownload/HST/u4k2x402r/u4k2x402r_c0f.fits'], ['mastDownload/HST/u4k2x402r/u4k2x402r_c0f.fits'], ['mastDownload/HST/u4k2x402r/u4k2x402r_c0f.fits'], ['mastDownload/HST/u4k2x402r/u4k2x402r_c0f.fits'], ['mastDownload/HST/u4k2x403r/u4k2x403r_c0f.fits'], ['mastDownload/HST/u4k2x403r/u4k2x403r_c0f.fits'], ['mastDownload/HST/u4k2x403r/u4k2x403r_c0f.fits'], ['mastDownload/HST/u4k2x403r/u4k2x403r_c0f.fits'], ['mastDownload/HST/u4k2x403r/u4k2x403r_c0f.fits'], ['mastDownload/HST/u4k2x403r/u4k2x403r_c0f.fits'], ['mastDownload/HST/u4k2x403r/u4k2x403r_c0f.fits'], ['mastDownload/HST/u4k2x403r/u4k2x403r_c0f.fits'], ['mastDownload/HST/u4k2x403r/u4k2x403r_c0f.fits'], ['mastDownload/HST/u4k2x403r/u4k2x403r_c0f.fits'], ['mastDownload/HST/u4k2x403r/u4k2x403r_c0f.fits'], ['mastDownload/HST/u4k2x403r/u4k2x403r_c0f.fits'], ['mastDownload/HST/u4k2x403r/u4k2x403r_c0f.fits'], ['mastDownload/HST/u4k2x403r/u4k2x403r_c0f.fits'], ['mastDownload/HST/u4k2x403r/u4k2x403r_c0f.fits'], ['mastDownload/HST/u4k2x404r/u4k2x404r_c0f.fits'], ['mastDownload/HST/u4k2x404r/u4k2x404r_c0f.fits'], ['mastDownload/HST/u4k2x404r/u4k2x404r_c0f.fits'], ['mastDownload/HST/u4k2x404r/u4k2x404r_c0f.fits'], ['mastDownload/HST/u4k2x404r/u4k2x404r_c0f.fits'], ['mastDownload/HST/u4k2x404r/u4k2x404r_c0f.fits'], ['mastDownload/HST/u4k2x404r/u4k2x404r_c0f.fits'], ['mastDownload/HST/u4k2x404r/u4k2x404r_c0f.fits'], ['mastDownload/HST/u4k2x404r/u4k2x404r_c0f.fits'], ['mastDownload/HST/u4k2x404r/u4k2x404r_c0f.fits'], ['mastDownload/HST/u4k2x404r/u4k2x404r_c0f.fits'], ['mastDownload/HST/u4k2x404r/u4k2x404r_c0f.fits'], ['mastDownload/HST/u4k2x404r/u4k2x404r_c0f.fits'], ['mastDownload/HST/u4k2x404r/u4k2x404r_c0f.fits'], ['mastDownload/HST/u4k2x404r/u4k2x404r_c0f.fits'], ['mastDownload/HST/u4k2x405r/u4k2x405r_c0f.fits'], ['mastDownload/HST/u4k2x405r/u4k2x405r_c0f.fits'], ['mastDownload/HST/u4k2x405r/u4k2x405r_c0f.fits'], ['mastDownload/HST/u4k2x405r/u4k2x405r_c0f.fits'], ['mastDownload/HST/u4k2x405r/u4k2x405r_c0f.fits'], ['mastDownload/HST/u4k2x405r/u4k2x405r_c0f.fits'], ['mastDownload/HST/u4k2x405r/u4k2x405r_c0f.fits'], ['mastDownload/HST/u4k2x405r/u4k2x405r_c0f.fits'], ['mastDownload/HST/u4k2x405r/u4k2x405r_c0f.fits'], ['mastDownload/HST/u4k2x405r/u4k2x405r_c0f.fits'], ['mastDownload/HST/u4k2x405r/u4k2x405r_c0f.fits'], ['mastDownload/HST/u4k2x405r/u4k2x405r_c0f.fits'], ['mastDownload/HST/u4k2x405r/u4k2x405r_c0f.fits'], ['mastDownload/HST/u4k2x405r/u4k2x405r_c0f.fits'], ['mastDownload/HST/u4k2x405r/u4k2x405r_c0f.fits'], ['mastDownload/HST/u4k2x406r/u4k2x406r_c0f.fits'], ['mastDownload/HST/u4k2x406r/u4k2x406r_c0f.fits'], ['mastDownload/HST/u4k2x406r/u4k2x406r_c0f.fits'], ['mastDownload/HST/u4k2x406r/u4k2x406r_c0f.fits'], ['mastDownload/HST/u4k2x406r/u4k2x406r_c0f.fits'], ['mastDownload/HST/u4k2x406r/u4k2x406r_c0f.fits'], ['mastDownload/HST/u4k2x406r/u4k2x406r_c0f.fits'], ['mastDownload/HST/u4k2x406r/u4k2x406r_c0f.fits'], ['mastDownload/HST/u4k2x406r/u4k2x406r_c0f.fits'], ['mastDownload/HST/u4k2x406r/u4k2x406r_c0f.fits'], ['mastDownload/HST/u4k2x406r/u4k2x406r_c0f.fits'], ['mastDownload/HST/u4k2x406r/u4k2x406r_c0f.fits'], ['mastDownload/HST/u4k2x406r/u4k2x406r_c0f.fits'], ['mastDownload/HST/u4k2x406r/u4k2x406r_c0f.fits'], ['mastDownload/HST/u4k2x406r/u4k2x406r_c0f.fits'], ['mastDownload/HST/u4k2x407r/u4k2x407r_c0f.fits'], ['mastDownload/HST/u4k2x407r/u4k2x407r_c0f.fits'], ['mastDownload/HST/u4k2x407r/u4k2x407r_c0f.fits'], ['mastDownload/HST/u4k2x407r/u4k2x407r_c0f.fits'], ['mastDownload/HST/u4k2x407r/u4k2x407r_c0f.fits'], ['mastDownload/HST/u4k2x407r/u4k2x407r_c0f.fits'], ['mastDownload/HST/u4k2x407r/u4k2x407r_c0f.fits'], ['mastDownload/HST/u4k2x407r/u4k2x407r_c0f.fits'], ['mastDownload/HST/u4k2x407r/u4k2x407r_c0f.fits'], ['mastDownload/HST/u4k2x407r/u4k2x407r_c0f.fits'], ['mastDownload/HST/u4k2x407r/u4k2x407r_c0f.fits'], ['mastDownload/HST/u4k2x407r/u4k2x407r_c0f.fits'], ['mastDownload/HST/u4k2x407r/u4k2x407r_c0f.fits'], ['mastDownload/HST/u4k2x407r/u4k2x407r_c0f.fits'], ['mastDownload/HST/u4k2x407r/u4k2x407r_c0f.fits'], ['mastDownload/HST/u4x1nn01r/u4x1nn01r_c0f.fits'], ['mastDownload/HST/u4x1nn01r/u4x1nn01r_c0f.fits'], ['mastDownload/HST/u4x1nn01r/u4x1nn01r_c0f.fits'], ['mastDownload/HST/u4x1nn01r/u4x1nn01r_c0f.fits'], ['mastDownload/HST/u4x1nn01r/u4x1nn01r_c0f.fits'], ['mastDownload/HST/u4x1nn01r/u4x1nn01r_c0f.fits'], ['mastDownload/HST/u4x1nn01r/u4x1nn01r_c0f.fits'], ['mastDownload/HST/u4x1nn01r/u4x1nn01r_c0f.fits'], ['mastDownload/HST/u4x1nn01r/u4x1nn01r_c0f.fits'], ['mastDownload/HST/u4x1nn01r/u4x1nn01r_c0f.fits'], ['mastDownload/HST/u4x1nn01r/u4x1nn01r_c0f.fits'], ['mastDownload/HST/u4x1nn01r/u4x1nn01r_c0f.fits'], ['mastDownload/HST/u4x1nn01r/u4x1nn01r_c0f.fits'], ['mastDownload/HST/u4x1nn01r/u4x1nn01r_c0f.fits'], ['mastDownload/HST/u4x1nn01r/u4x1nn01r_c0f.fits'], ['mastDownload/HST/u4x1nn02r/u4x1nn02r_c0f.fits'], ['mastDownload/HST/u4x1nn02r/u4x1nn02r_c0f.fits'], ['mastDownload/HST/u4x1nn02r/u4x1nn02r_c0f.fits'], ['mastDownload/HST/u4x1nn02r/u4x1nn02r_c0f.fits'], ['mastDownload/HST/u4x1nn02r/u4x1nn02r_c0f.fits'], ['mastDownload/HST/u4x1nn02r/u4x1nn02r_c0f.fits'], ['mastDownload/HST/u4x1nn02r/u4x1nn02r_c0f.fits'], ['mastDownload/HST/u4x1nn02r/u4x1nn02r_c0f.fits'], ['mastDownload/HST/u4x1nn02r/u4x1nn02r_c0f.fits'], ['mastDownload/HST/u4x1nn02r/u4x1nn02r_c0f.fits'], ['mastDownload/HST/u4x1nn02r/u4x1nn02r_c0f.fits'], ['mastDownload/HST/u4x1nn02r/u4x1nn02r_c0f.fits'], ['mastDownload/HST/u4x1nn02r/u4x1nn02r_c0f.fits'], ['mastDownload/HST/u4x1nn02r/u4x1nn02r_c0f.fits'], ['mastDownload/HST/u4x1nn02r/u4x1nn02r_c0f.fits'], ['mastDownload/HST/u4x1no01r/u4x1no01r_c0f.fits'], ['mastDownload/HST/u4x1no01r/u4x1no01r_c0f.fits'], ['mastDownload/HST/u4x1no01r/u4x1no01r_c0f.fits'], ['mastDownload/HST/u4x1no01r/u4x1no01r_c0f.fits'], ['mastDownload/HST/u4x1no01r/u4x1no01r_c0f.fits'], ['mastDownload/HST/u4x1no01r/u4x1no01r_c0f.fits'], ['mastDownload/HST/u4x1no01r/u4x1no01r_c0f.fits'], ['mastDownload/HST/u4x1no01r/u4x1no01r_c0f.fits'], ['mastDownload/HST/u4x1no01r/u4x1no01r_c0f.fits'], ['mastDownload/HST/u4x1no01r/u4x1no01r_c0f.fits'], ['mastDownload/HST/u4x1no01r/u4x1no01r_c0f.fits'], ['mastDownload/HST/u4x1no01r/u4x1no01r_c0f.fits'], ['mastDownload/HST/u4x1no01r/u4x1no01r_c0f.fits'], ['mastDownload/HST/u4x1no01r/u4x1no01r_c0f.fits'], ['mastDownload/HST/u4x1no01r/u4x1no01r_c0f.fits'], ['mastDownload/HST/u4x1no02r/u4x1no02r_c0f.fits'], ['mastDownload/HST/u4x1no02r/u4x1no02r_c0f.fits'], ['mastDownload/HST/u4x1no02r/u4x1no02r_c0f.fits'], ['mastDownload/HST/u4x1no02r/u4x1no02r_c0f.fits'], ['mastDownload/HST/u4x1no02r/u4x1no02r_c0f.fits'], ['mastDownload/HST/u4x1no02r/u4x1no02r_c0f.fits'], ['mastDownload/HST/u4x1no02r/u4x1no02r_c0f.fits'], ['mastDownload/HST/u4x1no02r/u4x1no02r_c0f.fits'], ['mastDownload/HST/u4x1no02r/u4x1no02r_c0f.fits'], ['mastDownload/HST/u4x1no02r/u4x1no02r_c0f.fits'], ['mastDownload/HST/u4x1no02r/u4x1no02r_c0f.fits'], ['mastDownload/HST/u4x1no02r/u4x1no02r_c0f.fits'], ['mastDownload/HST/u4x1no02r/u4x1no02r_c0f.fits'], ['mastDownload/HST/u4x1no02r/u4x1no02r_c0f.fits'], ['mastDownload/HST/u4x1no02r/u4x1no02r_c0f.fits'], ['mastDownload/HST/u4x1np01r/u4x1np01r_c0f.fits'], ['mastDownload/HST/u4x1np01r/u4x1np01r_c0f.fits'], ['mastDownload/HST/u4x1np01r/u4x1np01r_c0f.fits'], ['mastDownload/HST/u4x1np01r/u4x1np01r_c0f.fits'], ['mastDownload/HST/u4x1np01r/u4x1np01r_c0f.fits'], ['mastDownload/HST/u4x1np01r/u4x1np01r_c0f.fits'], ['mastDownload/HST/u4x1np01r/u4x1np01r_c0f.fits'], ['mastDownload/HST/u4x1np01r/u4x1np01r_c0f.fits'], ['mastDownload/HST/u4x1np01r/u4x1np01r_c0f.fits'], ['mastDownload/HST/u4x1np01r/u4x1np01r_c0f.fits'], ['mastDownload/HST/u4x1np01r/u4x1np01r_c0f.fits'], ['mastDownload/HST/u4x1np01r/u4x1np01r_c0f.fits'], ['mastDownload/HST/u4x1np01r/u4x1np01r_c0f.fits'], ['mastDownload/HST/u4x1np01r/u4x1np01r_c0f.fits'], ['mastDownload/HST/u4x1np01r/u4x1np01r_c0f.fits'], ['mastDownload/HST/u4x1np02r/u4x1np02r_c0f.fits'], ['mastDownload/HST/u4x1np02r/u4x1np02r_c0f.fits'], ['mastDownload/HST/u4x1np02r/u4x1np02r_c0f.fits'], ['mastDownload/HST/u4x1np02r/u4x1np02r_c0f.fits'], ['mastDownload/HST/u4x1np02r/u4x1np02r_c0f.fits'], ['mastDownload/HST/u4x1np02r/u4x1np02r_c0f.fits'], ['mastDownload/HST/u4x1np02r/u4x1np02r_c0f.fits'], ['mastDownload/HST/u4x1np02r/u4x1np02r_c0f.fits'], ['mastDownload/HST/u4x1np02r/u4x1np02r_c0f.fits'], ['mastDownload/HST/u4x1np02r/u4x1np02r_c0f.fits'], ['mastDownload/HST/u4x1np02r/u4x1np02r_c0f.fits'], ['mastDownload/HST/u4x1np02r/u4x1np02r_c0f.fits'], ['mastDownload/HST/u4x1np02r/u4x1np02r_c0f.fits'], ['mastDownload/HST/u4x1np02r/u4x1np02r_c0f.fits'], ['mastDownload/HST/u4x1np02r/u4x1np02r_c0f.fits'], ['mastDownload/HST/u581pv01r/u581pv01r_c0f.fits'], ['mastDownload/HST/u581pv01r/u581pv01r_c0f.fits'], ['mastDownload/HST/u581pv01r/u581pv01r_c0f.fits'], ['mastDownload/HST/u581pv01r/u581pv01r_c0f.fits'], ['mastDownload/HST/u581pv01r/u581pv01r_c0f.fits'], ['mastDownload/HST/u581pv01r/u581pv01r_c0f.fits'], ['mastDownload/HST/u581pv01r/u581pv01r_c0f.fits'], ['mastDownload/HST/u581pv01r/u581pv01r_c0f.fits'], ['mastDownload/HST/u581pv01r/u581pv01r_c0f.fits'], ['mastDownload/HST/u581pv01r/u581pv01r_c0f.fits'], ['mastDownload/HST/u581pv01r/u581pv01r_c0f.fits'], ['mastDownload/HST/u581pv01r/u581pv01r_c0f.fits'], ['mastDownload/HST/u581pv01r/u581pv01r_c0f.fits'], ['mastDownload/HST/u581pv01r/u581pv01r_c0f.fits'], ['mastDownload/HST/u581pv01r/u581pv01r_c0f.fits'], ['mastDownload/HST/u581pv02r/u581pv02r_c0f.fits'], ['mastDownload/HST/u581pv02r/u581pv02r_c0f.fits'], ['mastDownload/HST/u581pv02r/u581pv02r_c0f.fits'], ['mastDownload/HST/u581pv02r/u581pv02r_c0f.fits'], ['mastDownload/HST/u581pv02r/u581pv02r_c0f.fits'], ['mastDownload/HST/u581pv02r/u581pv02r_c0f.fits'], ['mastDownload/HST/u581pv02r/u581pv02r_c0f.fits'], ['mastDownload/HST/u581pv02r/u581pv02r_c0f.fits'], ['mastDownload/HST/u581pv02r/u581pv02r_c0f.fits'], ['mastDownload/HST/u581pv02r/u581pv02r_c0f.fits'], ['mastDownload/HST/u581pv02r/u581pv02r_c0f.fits'], ['mastDownload/HST/u581pv02r/u581pv02r_c0f.fits'], ['mastDownload/HST/u581pv02r/u581pv02r_c0f.fits'], ['mastDownload/HST/u581pv02r/u581pv02r_c0f.fits'], ['mastDownload/HST/u581pv02r/u581pv02r_c0f.fits'], ['mastDownload/HST/u5ix6j01r/u5ix6j01r_c0f.fits'], ['mastDownload/HST/u5ix6j01r/u5ix6j01r_c0f.fits'], ['mastDownload/HST/u5ix6j01r/u5ix6j01r_c0f.fits'], ['mastDownload/HST/u5ix6j01r/u5ix6j01r_c0f.fits'], ['mastDownload/HST/u5ix6k01r/u5ix6k01r_c0f.fits'], ['mastDownload/HST/u5ix6k01r/u5ix6k01r_c0f.fits'], ['mastDownload/HST/u5ix6k01r/u5ix6k01r_c0f.fits'], ['mastDownload/HST/u5ix6k01r/u5ix6k01r_c0f.fits'], ['mastDownload/HST/u5ix6l01r/u5ix6l01r_c0f.fits'], ['mastDownload/HST/u5ix6l01r/u5ix6l01r_c0f.fits'], ['mastDownload/HST/u5ix6l01r/u5ix6l01r_c0f.fits'], ['mastDownload/HST/u5ix6l01r/u5ix6l01r_c0f.fits'], ['mastDownload/HST/u67ffo01r/u67ffo01r_c0f.fits'], ['mastDownload/HST/u67ffo01r/u67ffo01r_c0f.fits'], ['mastDownload/HST/u67ffo01r/u67ffo01r_c0f.fits'], ['mastDownload/HST/u67ffo01r/u67ffo01r_c0f.fits'], ['mastDownload/HST/u67ffo01r/u67ffo01r_c0f.fits'], ['mastDownload/HST/u67ffo01r/u67ffo01r_c0f.fits'], ['mastDownload/HST/u67ffo01r/u67ffo01r_c0f.fits'], ['mastDownload/HST/u67ffo01r/u67ffo01r_c0f.fits'], ['mastDownload/HST/u67ffo01r/u67ffo01r_c0f.fits'], ['mastDownload/HST/u67ffo01r/u67ffo01r_c0f.fits'], ['mastDownload/HST/u67ffo01r/u67ffo01r_c0f.fits'], ['mastDownload/HST/u67ffo01r/u67ffo01r_c0f.fits'], ['mastDownload/HST/u67ffo01r/u67ffo01r_c0f.fits'], ['mastDownload/HST/u67ffo01r/u67ffo01r_c0f.fits'], ['mastDownload/HST/u67ffo01r/u67ffo01r_c0f.fits'], ['mastDownload/HST/u67ffo02r/u67ffo02r_c0f.fits'], ['mastDownload/HST/u67ffo02r/u67ffo02r_c0f.fits'], ['mastDownload/HST/u67ffo02r/u67ffo02r_c0f.fits'], ['mastDownload/HST/u67ffo02r/u67ffo02r_c0f.fits'], ['mastDownload/HST/u67ffo02r/u67ffo02r_c0f.fits'], ['mastDownload/HST/u67ffo02r/u67ffo02r_c0f.fits'], ['mastDownload/HST/u67ffo02r/u67ffo02r_c0f.fits'], ['mastDownload/HST/u67ffo02r/u67ffo02r_c0f.fits'], ['mastDownload/HST/u67ffo02r/u67ffo02r_c0f.fits'], ['mastDownload/HST/u67ffo02r/u67ffo02r_c0f.fits'], ['mastDownload/HST/u67ffo02r/u67ffo02r_c0f.fits'], ['mastDownload/HST/u67ffo02r/u67ffo02r_c0f.fits'], ['mastDownload/HST/u67ffo02r/u67ffo02r_c0f.fits'], ['mastDownload/HST/u67ffo02r/u67ffo02r_c0f.fits'], ['mastDownload/HST/u67ffo02r/u67ffo02r_c0f.fits'], ['mastDownload/HST/u68r0k01r/u68r0k01r_c0f.fits'], ['mastDownload/HST/u68r0k01r/u68r0k01r_c0f.fits'], ['mastDownload/HST/u68r0k01r/u68r0k01r_c0f.fits'], ['mastDownload/HST/u68r0k01r/u68r0k01r_c0f.fits'], ['mastDownload/HST/u68r0l01r/u68r0l01r_c0f.fits'], ['mastDownload/HST/u68r0l01r/u68r0l01r_c0f.fits'], ['mastDownload/HST/u68r0l01r/u68r0l01r_c0f.fits'], ['mastDownload/HST/u68r0l01r/u68r0l01r_c0f.fits'], ['mastDownload/HST/u6hh1a01m/u6hh1a01m_c0f.fits'], ['mastDownload/HST/u6hh1a01m/u6hh1a01m_c0f.fits'], ['mastDownload/HST/u6hh1a01m/u6hh1a01m_c0f.fits'], ['mastDownload/HST/u6hh1a01m/u6hh1a01m_c0f.fits'], ['mastDownload/HST/u6hh1b01r/u6hh1b01r_c0f.fits'], ['mastDownload/HST/u6hh1b01r/u6hh1b01r_c0f.fits'], ['mastDownload/HST/u6hh1b01r/u6hh1b01r_c0f.fits'], ['mastDownload/HST/u6hh1b01r/u6hh1b01r_c0f.fits'], ['mastDownload/HST/u6hh1c01m/u6hh1c01m_c0f.fits'], ['mastDownload/HST/u6hh1c01m/u6hh1c01m_c0f.fits'], ['mastDownload/HST/u6hh1c01m/u6hh1c01m_c0f.fits'], ['mastDownload/HST/u6hh1c01m/u6hh1c01m_c0f.fits'], ['mastDownload/HST/u6kapu01m/u6kapu01m_c0f.fits'], ['mastDownload/HST/u6kapu01m/u6kapu01m_c0f.fits'], ['mastDownload/HST/u6kapu01m/u6kapu01m_c0f.fits'], ['mastDownload/HST/u6kapu01m/u6kapu01m_c0f.fits'], ['mastDownload/HST/u6kapu01m/u6kapu01m_c0f.fits'], ['mastDownload/HST/u6kapu01m/u6kapu01m_c0f.fits'], ['mastDownload/HST/u6kapu01m/u6kapu01m_c0f.fits'], ['mastDownload/HST/u6kapu01m/u6kapu01m_c0f.fits'], ['mastDownload/HST/u6kapu01m/u6kapu01m_c0f.fits'], ['mastDownload/HST/u6kapu01m/u6kapu01m_c0f.fits'], ['mastDownload/HST/u6kapu01m/u6kapu01m_c0f.fits'], ['mastDownload/HST/u6kapu01m/u6kapu01m_c0f.fits'], ['mastDownload/HST/u6kapu01m/u6kapu01m_c0f.fits'], ['mastDownload/HST/u6kapu01m/u6kapu01m_c0f.fits'], ['mastDownload/HST/u6kapu01m/u6kapu01m_c0f.fits'], ['mastDownload/HST/u6kapu02m/u6kapu02m_c0f.fits'], ['mastDownload/HST/u6kapu02m/u6kapu02m_c0f.fits'], ['mastDownload/HST/u6kapu02m/u6kapu02m_c0f.fits'], ['mastDownload/HST/u6kapu02m/u6kapu02m_c0f.fits'], ['mastDownload/HST/u6kapu02m/u6kapu02m_c0f.fits'], ['mastDownload/HST/u6kapu02m/u6kapu02m_c0f.fits'], ['mastDownload/HST/u6kapu02m/u6kapu02m_c0f.fits'], ['mastDownload/HST/u6kapu02m/u6kapu02m_c0f.fits'], ['mastDownload/HST/u6kapu02m/u6kapu02m_c0f.fits'], ['mastDownload/HST/u6kapu02m/u6kapu02m_c0f.fits'], ['mastDownload/HST/u6kapu02m/u6kapu02m_c0f.fits'], ['mastDownload/HST/u6kapu02m/u6kapu02m_c0f.fits'], ['mastDownload/HST/u6kapu02m/u6kapu02m_c0f.fits'], ['mastDownload/HST/u6kapu02m/u6kapu02m_c0f.fits'], ['mastDownload/HST/u6kapu02m/u6kapu02m_c0f.fits'], ['mastDownload/HST/u6kapu03m/u6kapu03m_c0f.fits'], ['mastDownload/HST/u6kapu03m/u6kapu03m_c0f.fits'], ['mastDownload/HST/u6kapu03m/u6kapu03m_c0f.fits'], ['mastDownload/HST/u6kapu03m/u6kapu03m_c0f.fits'], ['mastDownload/HST/u6kapu03m/u6kapu03m_c0f.fits'], ['mastDownload/HST/u6kapu03m/u6kapu03m_c0f.fits'], ['mastDownload/HST/u6kapu03m/u6kapu03m_c0f.fits'], ['mastDownload/HST/u6kapu03m/u6kapu03m_c0f.fits'], ['mastDownload/HST/u6kapu03m/u6kapu03m_c0f.fits'], ['mastDownload/HST/u6kapu03m/u6kapu03m_c0f.fits'], ['mastDownload/HST/u6kapu03m/u6kapu03m_c0f.fits'], ['mastDownload/HST/u6kapu03m/u6kapu03m_c0f.fits'], ['mastDownload/HST/u6kapu03m/u6kapu03m_c0f.fits'], ['mastDownload/HST/u6kapu03m/u6kapu03m_c0f.fits'], ['mastDownload/HST/u6kapu03m/u6kapu03m_c0f.fits'], ['mastDownload/HST/u6kapu04m/u6kapu04m_c0f.fits'], ['mastDownload/HST/u6kapu04m/u6kapu04m_c0f.fits'], ['mastDownload/HST/u6kapu04m/u6kapu04m_c0f.fits'], ['mastDownload/HST/u6kapu04m/u6kapu04m_c0f.fits'], ['mastDownload/HST/u6kapu04m/u6kapu04m_c0f.fits'], ['mastDownload/HST/u6kapu04m/u6kapu04m_c0f.fits'], ['mastDownload/HST/u6kapu04m/u6kapu04m_c0f.fits'], ['mastDownload/HST/u6kapu04m/u6kapu04m_c0f.fits'], ['mastDownload/HST/u6kapu04m/u6kapu04m_c0f.fits'], ['mastDownload/HST/u6kapu04m/u6kapu04m_c0f.fits'], ['mastDownload/HST/u6kapu04m/u6kapu04m_c0f.fits'], ['mastDownload/HST/u6kapu04m/u6kapu04m_c0f.fits'], ['mastDownload/HST/u6kapu04m/u6kapu04m_c0f.fits'], ['mastDownload/HST/u6kapu04m/u6kapu04m_c0f.fits'], ['mastDownload/HST/u6kapu04m/u6kapu04m_c0f.fits'], ['mastDownload/HST/u6kapu05m/u6kapu05m_c0f.fits'], ['mastDownload/HST/u6kapu05m/u6kapu05m_c0f.fits'], ['mastDownload/HST/u6kapu05m/u6kapu05m_c0f.fits'], ['mastDownload/HST/u6kapu05m/u6kapu05m_c0f.fits'], ['mastDownload/HST/u6kapu05m/u6kapu05m_c0f.fits'], ['mastDownload/HST/u6kapu05m/u6kapu05m_c0f.fits'], ['mastDownload/HST/u6kapu05m/u6kapu05m_c0f.fits'], ['mastDownload/HST/u6kapu05m/u6kapu05m_c0f.fits'], ['mastDownload/HST/u6kapu05m/u6kapu05m_c0f.fits'], ['mastDownload/HST/u6kapu05m/u6kapu05m_c0f.fits'], ['mastDownload/HST/u6kapu05m/u6kapu05m_c0f.fits'], ['mastDownload/HST/u6kapu05m/u6kapu05m_c0f.fits'], ['mastDownload/HST/u6kapu05m/u6kapu05m_c0f.fits'], ['mastDownload/HST/u6kapu05m/u6kapu05m_c0f.fits'], ['mastDownload/HST/u6kapu05m/u6kapu05m_c0f.fits'], ['mastDownload/HST/u8gz6a01m/u8gz6a01m_c0f.fits'], ['mastDownload/HST/u8gz6a01m/u8gz6a01m_c0f.fits'], ['mastDownload/HST/u8gz6a01m/u8gz6a01m_c0f.fits'], ['mastDownload/HST/u8gz6a01m/u8gz6a01m_c0f.fits'], ['mastDownload/HST/w0lc5g01t/w0lc5g01t_c0f.fits'], ['mastDownload/HST/w0lc5g01t/w0lc5g01t_c0f.fits'], ['mastDownload/HST/w0lc5g02t/w0lc5g02t_c0f.fits'], ['mastDownload/HST/w0lc5g02t/w0lc5g02t_c0f.fits'], ['mastDownload/HST/w0t70j01t/w0t70j01t_c0f.fits'], ['mastDownload/HST/w0t70j01t/w0t70j01t_c0f.fits'], ['mastDownload/HST/w0t70j02t/w0t70j02t_c0f.fits'], ['mastDownload/HST/w0t70j02t/w0t70j02t_c0f.fits'], ['mastDownload/HST/w0t70j03t/w0t70j03t_c0f.fits'], ['mastDownload/HST/w0t70j03t/w0t70j03t_c0f.fits'], ['mastDownload/HST/w0t70j04t/w0t70j04t_c0f.fits'], ['mastDownload/HST/w0t70j04t/w0t70j04t_c0f.fits'], ['mastDownload/HST/w0t70j05t/w0t70j05t_c0f.fits'], ['mastDownload/HST/w0t70j05t/w0t70j05t_c0f.fits'], ['mastDownload/HST/w0t70j06t/w0t70j06t_c0f.fits'], ['mastDownload/HST/w0t70j06t/w0t70j06t_c0f.fits'], ['mastDownload/HST/w0t71201t/w0t71201t_c0f.fits'], ['mastDownload/HST/w0t71201t/w0t71201t_c0f.fits'], ['mastDownload/HST/w0t71202t/w0t71202t_c0f.fits'], ['mastDownload/HST/w0t71202t/w0t71202t_c0f.fits'], ['mastDownload/HST/w0t71203t/w0t71203t_c0f.fits'], ['mastDownload/HST/w0t71203t/w0t71203t_c0f.fits'], ['mastDownload/HST/w0t71204t/w0t71204t_c0f.fits'], ['mastDownload/HST/w0t71204t/w0t71204t_c0f.fits'], ['mastDownload/HST/w0t71205t/w0t71205t_c0f.fits'], ['mastDownload/HST/w0t71205t/w0t71205t_c0f.fits'], ['mastDownload/HST/w0t71206t/w0t71206t_c0f.fits'], ['mastDownload/HST/w0t71206t/w0t71206t_c0f.fits'], ['mastDownload/HST/w0t71207t/w0t71207t_c0f.fits'], ['mastDownload/HST/w0t71207t/w0t71207t_c0f.fits'], ['mastDownload/HST/w0z10401t/w0z10401t_c0f.fits'], ['mastDownload/HST/w0z10401t/w0z10401t_c0f.fits'], ['mastDownload/HST/w1m20501t/w1m20501t_c0f.fits'], ['mastDownload/HST/w1m20501t/w1m20501t_c0f.fits'], ['mastDownload/HST/w1m20502t/w1m20502t_c0f.fits'], ['mastDownload/HST/w1m20502t/w1m20502t_c0f.fits'], ['mastDownload/HST/w1m20503t/w1m20503t_c0f.fits'], ['mastDownload/HST/w1m20503t/w1m20503t_c0f.fits'], ['mastDownload/HST/w1m20504t/w1m20504t_c0f.fits'], ['mastDownload/HST/w1m20504t/w1m20504t_c0f.fits'], ['mastDownload/HST/w1m20505t/w1m20505t_c0f.fits'], ['mastDownload/HST/w1m20505t/w1m20505t_c0f.fits'], ['mastDownload/HST/w1m20506t/w1m20506t_c0f.fits'], ['mastDownload/HST/w1m20506t/w1m20506t_c0f.fits'], ['mastDownload/HST/w1m20507t/w1m20507t_c0f.fits'], ['mastDownload/HST/w1m20507t/w1m20507t_c0f.fits'], ['mastDownload/HST/w1m20508t/w1m20508t_c0f.fits'], ['mastDownload/HST/w1m20508t/w1m20508t_c0f.fits'], ['mastDownload/HST/w1m20509t/w1m20509t_c0f.fits'], ['mastDownload/HST/w1m20509t/w1m20509t_c0f.fits'], ['mastDownload/HST/w1m2050at/w1m2050at_c0f.fits'], ['mastDownload/HST/w1m2050at/w1m2050at_c0f.fits'], ['mastDownload/HST/w1m2050bt/w1m2050bt_c0f.fits'], ['mastDownload/HST/w1m2050bt/w1m2050bt_c0f.fits'], ['mastDownload/HST/w1m2050ct/w1m2050ct_c0f.fits'], ['mastDownload/HST/w1m2050ct/w1m2050ct_c0f.fits'], ['mastDownload/HST/w1m20601t/w1m20601t_c0f.fits'], ['mastDownload/HST/w1m20601t/w1m20601t_c0f.fits'], ['mastDownload/HST/w1m20602t/w1m20602t_c0f.fits'], ['mastDownload/HST/w1m20602t/w1m20602t_c0f.fits'], ['mastDownload/HST/w1m20603t/w1m20603t_c0f.fits'], ['mastDownload/HST/w1m20603t/w1m20603t_c0f.fits'], ['mastDownload/HST/w1m20604t/w1m20604t_c0f.fits'], ['mastDownload/HST/w1m20604t/w1m20604t_c0f.fits'], ['mastDownload/HST/jcmg06kgq/jcmg06kgq_flt.fits'], ['mastDownload/HST/jcmg06kgq/jcmg06kgq_flt.fits'], ['mastDownload/HST/jcmg06kiq/jcmg06kiq_flt.fits'], ['mastDownload/HST/jcmg06kiq/jcmg06kiq_flt.fits'], ['mastDownload/HST/jcmg06klq/jcmg06klq_flt.fits'], ['mastDownload/HST/jcmg06klq/jcmg06klq_flt.fits'], ['mastDownload/HST/jcmg06kmq/jcmg06kmq_flt.fits'], ['mastDownload/HST/jcmg06kmq/jcmg06kmq_flt.fits'], ['mastDownload/HST/jd951rxuq/jd951rxuq_flt.fits'], ['mastDownload/HST/jd951rxuq/jd951rxuq_flt.fits'], ['mastDownload/HST/jd951rxuq/jd951rxuq_flt.fits'], ['mastDownload/HST/jd951rxvq/jd951rxvq_flt.fits'], ['mastDownload/HST/jd951rxvq/jd951rxvq_flt.fits'], ['mastDownload/HST/jd951rxvq/jd951rxvq_flt.fits'], ['mastDownload/HST/jd951ry0q/jd951ry0q_flt.fits'], ['mastDownload/HST/jd951ry0q/jd951ry0q_flt.fits'], ['mastDownload/HST/jd951ry0q/jd951ry0q_flt.fits'], ['mastDownload/HST/jd951ry1q/jd951ry1q_flt.fits'], ['mastDownload/HST/jd951ry1q/jd951ry1q_flt.fits'], ['mastDownload/HST/jd951ry1q/jd951ry1q_flt.fits'], ['mastDownload/HST/jdqd01ofq/jdqd01ofq_flt.fits'], ['mastDownload/HST/jdqd01ofq/jdqd01ofq_flt.fits'], ['mastDownload/HST/jdqd01ofq/jdqd01ofq_flt.fits'], ['mastDownload/HST/jdqd01oeq/jdqd01oeq_flt.fits'], ['mastDownload/HST/jdqd01oeq/jdqd01oeq_flt.fits'], ['mastDownload/HST/jdqd01oeq/jdqd01oeq_flt.fits'], ['mastDownload/HST/jdqd02soq/jdqd02soq_flt.fits'], ['mastDownload/HST/jdqd02soq/jdqd02soq_flt.fits'], ['mastDownload/HST/jdqd02soq/jdqd02soq_flt.fits'], ['mastDownload/HST/jdqd02spq/jdqd02spq_flt.fits'], ['mastDownload/HST/jdqd02spq/jdqd02spq_flt.fits'], ['mastDownload/HST/jdqd02spq/jdqd02spq_flt.fits'], ['mastDownload/HST/jdqd03b0q/jdqd03b0q_flt.fits'], ['mastDownload/HST/jdqd03b0q/jdqd03b0q_flt.fits'], ['mastDownload/HST/jdqd03b0q/jdqd03b0q_flt.fits'], ['mastDownload/HST/jdqd03b1q/jdqd03b1q_flt.fits'], ['mastDownload/HST/jdqd03b1q/jdqd03b1q_flt.fits'], ['mastDownload/HST/jdqd03b1q/jdqd03b1q_flt.fits'], ['mastDownload/HST/jdrw9hriq/jdrw9hriq_flc.fits'], ['mastDownload/HST/jdrw9hriq/jdrw9hriq_flc.fits'], ['mastDownload/HST/jdrw9hriq/jdrw9hriq_flc.fits'], ['mastDownload/HST/jdrw9hriq/jdrw9hriq_flc.fits'], ['mastDownload/HST/jdrw9hriq/jdrw9hriq_flc.fits'], ['mastDownload/HST/jdrw9hriq/jdrw9hriq_flc.fits'], ['mastDownload/HST/jdrw9hrhq/jdrw9hrhq_flc.fits'], ['mastDownload/HST/jdrw9hrhq/jdrw9hrhq_flc.fits'], ['mastDownload/HST/jdrw9hrhq/jdrw9hrhq_flc.fits'], ['mastDownload/HST/jdrw9hrhq/jdrw9hrhq_flc.fits'], ['mastDownload/HST/jdrw9hrhq/jdrw9hrhq_flc.fits'], ['mastDownload/HST/jdrw9hrhq/jdrw9hrhq_flc.fits']]"
3,* alf Lyr,279.23473479,38.78368896,0.03,"  obsID   obs_collection dataproduct_type   obs_id  ...    size   parent_obsid dataRights calib_level
--------- -------------- ---------------- --------- ... --------- ------------ ---------- -----------
 23983795            HST            image j8hokqwyq ... 168327360     23983795     PUBLIC           2
 23983795            HST            image j8hokqwyq ... 168327360     26337641     PUBLIC           2
 23983795            HST            image j8hokqwyq ... 168327360     26337647     PUBLIC           2
 23983795            HST            image j8hokqwyq ... 168442560     23983795     PUBLIC           2
 23983795            HST            image j8hokqwyq ... 168442560     26337641     PUBLIC           2
 23983795            HST            image j8hokqwyq ... 168442560     26337647     PUBLIC           2
 23996331            HST            image j8mbbbd0q ... 168327360     23996331     PUBLIC           2
 23996331            HST            image j8mbbbd0q ... 168327360     26343180     PUBLIC           2
 23996331            HST            image j8mbbbd0q ... 168327360     26343190     PUBLIC           2
 23996331            HST            image j8mbbbd0q ... 168442560     23996331     PUBLIC           2
 23996331            HST            image j8mbbbd0q ... 168442560     26343180     PUBLIC           2
 23996331            HST            image j8mbbbd0q ... 168442560     26343190     PUBLIC           2
 23996731            HST            image j8mbhfe7q ... 168327360     23996731     PUBLIC           2
 23996731            HST            image j8mbhfe7q ... 168327360     26302675     PUBLIC           2
 23996731            HST            image j8mbhfe7q ... 168327360     26302703     PUBLIC           2
 23996731            HST            image j8mbhfe7q ... 168442560     23996731     PUBLIC           2
 23996731            HST            image j8mbhfe7q ... 168442560     26302675     PUBLIC           2
      ...            ...              ...       ... ...       ...          ...        ...         ...
148761244            HST            image jeym73hfq ...  10725120    148913850     PUBLIC           2
148761244            HST            image jeym73hfq ...  10725120    148913896     PUBLIC           2
148761245            HST            image jeym73gyq ...  10725120    148821696     PUBLIC           2
148761245            HST            image jeym73gyq ...  10725120    148913874     PUBLIC           2
148761245            HST            image jeym73gyq ...  10725120    148913896     PUBLIC           2
148761246            HST            image jeym73h2q ...  10725120    148821694     PUBLIC           2
148761246            HST            image jeym73h2q ...  10725120    148913850     PUBLIC           2
148761246            HST            image jeym73h2q ...  10725120    148913896     PUBLIC           2
148761254            HST            image jeym73hhq ...  10725120    148821696     PUBLIC           2
148761254            HST            image jeym73hhq ...  10725120    148913874     PUBLIC           2
148761254            HST            image jeym73hhq ...  10725120    148913896     PUBLIC           2
148761255            HST            image jeym73gxq ...  10725120    148821696     PUBLIC           2
148761255            HST            image jeym73gxq ...  10725120    148913874     PUBLIC           2
148761255            HST            image jeym73gxq ...  10725120    148913896     PUBLIC           2
148761257            HST            image jeym73gvq ...  10725120    148821694     PUBLIC           2
148761257            HST            image jeym73gvq ...  10725120    148913850     PUBLIC           2
148761257            HST            image jeym73gvq ...  10725120    148913896     PUBLIC           2
Length = 1121 rows",1121,"[['mastDownload/HST/j8hokqwyq/j8hokqwyq_flc.fits'], ['mastDownload/HST/j8hokqwyq/j8hokqwyq_flc.fits'], ['mastDownload/HST/j8hokqwyq/j8hokqwyq_flc.fits'], ['mastDownload/HST/j8hokqwyq/j8hokqwyq_flc.fits'], ['mastDownload/HST/j8hokqwyq/j8hokqwyq_flc.fits'], ['mastDownload/HST/j8hokqwyq/j8hokqwyq_flc.fits'], ['mastDownload/HST/j8mbbbd0q/j8mbbbd0q_flc.fits'], ['mastDownload/HST/j8mbbbd0q/j8mbbbd0q_flc.fits'], ['mastDownload/HST/j8mbbbd0q/j8mbbbd0q_flc.fits'], ['mastDownload/HST/j8mbbbd0q/j8mbbbd0q_flc.fits'], ['mastDownload/HST/j8mbbbd0q/j8mbbbd0q_flc.fits'], ['mastDownload/HST/j8mbbbd0q/j8mbbbd0q_flc.fits'], ['mastDownload/HST/j8mbhfe7q/j8mbhfe7q_flc.fits'], ['mastDownload/HST/j8mbhfe7q/j8mbhfe7q_flc.fits'], ['mastDownload/HST/j8mbhfe7q/j8mbhfe7q_flc.fits'], ['mastDownload/HST/j8mbhfe7q/j8mbhfe7q_flc.fits'], ['mastDownload/HST/j8mbhfe7q/j8mbhfe7q_flc.fits'], ['mastDownload/HST/j8mbhfe7q/j8mbhfe7q_flc.fits'], ['mastDownload/HST/j8mbhfe8q/j8mbhfe8q_flc.fits'], ['mastDownload/HST/j8mbhfe8q/j8mbhfe8q_flc.fits'], ['mastDownload/HST/j8mbhfe8q/j8mbhfe8q_flc.fits'], ['mastDownload/HST/j8mbhfe8q/j8mbhfe8q_flc.fits'], ['mastDownload/HST/j8mbhfe8q/j8mbhfe8q_flc.fits'], ['mastDownload/HST/j8mbhfe8q/j8mbhfe8q_flc.fits'], ['mastDownload/HST/j8sl01bsq/j8sl01bsq_flt.fits'], ['mastDownload/HST/j8sl01btq/j8sl01btq_flt.fits'], ['mastDownload/HST/j8sl01buq/j8sl01buq_flt.fits'], ['mastDownload/HST/j8sl01bvq/j8sl01bvq_flt.fits'], ['mastDownload/HST/j8sl01bwq/j8sl01bwq_flt.fits'], ['mastDownload/HST/j8sl01bxq/j8sl01bxq_flt.fits'], ['mastDownload/HST/j8sl01byq/j8sl01byq_flt.fits'], ['mastDownload/HST/j8sl01bzq/j8sl01bzq_flt.fits'], ['mastDownload/HST/j8sl01c0q/j8sl01c0q_flt.fits'], ['mastDownload/HST/j8sl01c1q/j8sl01c1q_flt.fits'], ['mastDownload/HST/j8sl01c2q/j8sl01c2q_flt.fits'], ['mastDownload/HST/j8sl01c4q/j8sl01c4q_flt.fits'], ['mastDownload/HST/j8sl01c5q/j8sl01c5q_flt.fits'], ['mastDownload/HST/j8sl01c6q/j8sl01c6q_flt.fits'], ['mastDownload/HST/j8sl01c7q/j8sl01c7q_flt.fits'], ['mastDownload/HST/j8sl01c8q/j8sl01c8q_flt.fits'], ['mastDownload/HST/j8sl01c9q/j8sl01c9q_flt.fits'], ['mastDownload/HST/j8sl01caq/j8sl01caq_flt.fits'], ['mastDownload/HST/j8sl01cbq/j8sl01cbq_flt.fits'], ['mastDownload/HST/j8sl01ccq/j8sl01ccq_flt.fits'], ['mastDownload/HST/j8sl01cdq/j8sl01cdq_flt.fits'], ['mastDownload/HST/j8sl01ceq/j8sl01ceq_flt.fits'], ['mastDownload/HST/j8sl01cfq/j8sl01cfq_flt.fits'], ['mastDownload/HST/j8sl03fkq/j8sl03fkq_flt.fits'], ['mastDownload/HST/j8sl03flq/j8sl03flq_flt.fits'], ['mastDownload/HST/j8sl03fmq/j8sl03fmq_flt.fits'], ['mastDownload/HST/j8sl03fnq/j8sl03fnq_flt.fits'], ['mastDownload/HST/j8sl03foq/j8sl03foq_flt.fits'], ['mastDownload/HST/j8sl03fpq/j8sl03fpq_flt.fits'], ['mastDownload/HST/j8sl03fqq/j8sl03fqq_flt.fits'], ['mastDownload/HST/j8sl03frq/j8sl03frq_flt.fits'], ['mastDownload/HST/j8sl03fsq/j8sl03fsq_flt.fits'], ['mastDownload/HST/j8sl03ftq/j8sl03ftq_flt.fits'], ['mastDownload/HST/j8sl03fuq/j8sl03fuq_flt.fits'], ['mastDownload/HST/j8sl03fwq/j8sl03fwq_flt.fits'], ['mastDownload/HST/j8sl03fxq/j8sl03fxq_flt.fits'], ['mastDownload/HST/j8sl03fyq/j8sl03fyq_flt.fits'], ['mastDownload/HST/j8sl03fzq/j8sl03fzq_flt.fits'], ['mastDownload/HST/j8sl03g0q/j8sl03g0q_flt.fits'], ['mastDownload/HST/j8sl03g1q/j8sl03g1q_flt.fits'], ['mastDownload/HST/j8sl03g2q/j8sl03g2q_flt.fits'], ['mastDownload/HST/j8sl03g3q/j8sl03g3q_flt.fits'], ['mastDownload/HST/j8sl03g4q/j8sl03g4q_flt.fits'], ['mastDownload/HST/j8sl03g5q/j8sl03g5q_flt.fits'], ['mastDownload/HST/j8sl03g6q/j8sl03g6q_flt.fits'], ['mastDownload/HST/j8sl03g7q/j8sl03g7q_flt.fits'], ['mastDownload/HST/j8sl06afq/j8sl06afq_flt.fits'], ['mastDownload/HST/j8sl06agq/j8sl06agq_flt.fits'], ['mastDownload/HST/j8sl06ahq/j8sl06ahq_flt.fits'], ['mastDownload/HST/j8sl06aiq/j8sl06aiq_flt.fits'], ['mastDownload/HST/j8sl06ajq/j8sl06ajq_flt.fits'], ['mastDownload/HST/j8sl06akq/j8sl06akq_flt.fits'], ['mastDownload/HST/j8sl06alq/j8sl06alq_flt.fits'], ['mastDownload/HST/j8sl06amq/j8sl06amq_flt.fits'], ['mastDownload/HST/j8sl06anq/j8sl06anq_flt.fits'], ['mastDownload/HST/j8sl06aoq/j8sl06aoq_flt.fits'], ['mastDownload/HST/j8sl06apq/j8sl06apq_flt.fits'], ['mastDownload/HST/j8sl06aqq/j8sl06aqq_flt.fits'], ['mastDownload/HST/j8sl06arq/j8sl06arq_flt.fits'], ['mastDownload/HST/j8sl06asq/j8sl06asq_flt.fits'], ['mastDownload/HST/j8sl06atq/j8sl06atq_flt.fits'], ['mastDownload/HST/j8sl06auq/j8sl06auq_flt.fits'], ['mastDownload/HST/j8sl06awq/j8sl06awq_flt.fits'], ['mastDownload/HST/j8sl06axq/j8sl06axq_flt.fits'], ['mastDownload/HST/j8sl06ayq/j8sl06ayq_flt.fits'], ['mastDownload/HST/j8sl06azq/j8sl06azq_flt.fits'], ['mastDownload/HST/j8sl06b0q/j8sl06b0q_flt.fits'], ['mastDownload/HST/j8sl06b1q/j8sl06b1q_flt.fits'], ['mastDownload/HST/j8sl06b2q/j8sl06b2q_flt.fits'], ['mastDownload/HST/j8sl06b3q/j8sl06b3q_flt.fits'], ['mastDownload/HST/j8sl06b4q/j8sl06b4q_flt.fits'], ['mastDownload/HST/j8sl06b5q/j8sl06b5q_flt.fits'], ['mastDownload/HST/j8sl06b6q/j8sl06b6q_flt.fits'], ['mastDownload/HST/j8sl06b7q/j8sl06b7q_flt.fits'], ['mastDownload/HST/j8sl06b8q/j8sl06b8q_flt.fits'], ['mastDownload/HST/j8sl06b9q/j8sl06b9q_flt.fits'], ['mastDownload/HST/j8sl06baq/j8sl06baq_flt.fits'], ['mastDownload/HST/j95b10hvq/j95b10hvq_flt.fits'], ['mastDownload/HST/j95b10hwq/j95b10hwq_flt.fits'], ['mastDownload/HST/j95b10hxq/j95b10hxq_flt.fits'], ['mastDownload/HST/j95b10hyq/j95b10hyq_flt.fits'], ['mastDownload/HST/j95b10hzq/j95b10hzq_flt.fits'], ['mastDownload/HST/j95b10i0q/j95b10i0q_flt.fits'], ['mastDownload/HST/j95b10i1q/j95b10i1q_flt.fits'], ['mastDownload/HST/j95b10i2q/j95b10i2q_flt.fits'], ['mastDownload/HST/j95b10i3q/j95b10i3q_flt.fits'], ['mastDownload/HST/j95b10i4q/j95b10i4q_flt.fits'], ['mastDownload/HST/j95b10i5q/j95b10i5q_flt.fits'], ['mastDownload/HST/j95b10i6q/j95b10i6q_flt.fits'], ['mastDownload/HST/j95b10i7q/j95b10i7q_flt.fits'], ['mastDownload/HST/j95b10i8q/j95b10i8q_flt.fits'], ['mastDownload/HST/j95b10i9q/j95b10i9q_flt.fits'], ['mastDownload/HST/j95b10iaq/j95b10iaq_flt.fits'], ['mastDownload/HST/j95b10icq/j95b10icq_flt.fits'], ['mastDownload/HST/j95b10idq/j95b10idq_flt.fits'], ['mastDownload/HST/j95b10ieq/j95b10ieq_flt.fits'], ['mastDownload/HST/j95b10ifq/j95b10ifq_flt.fits'], ['mastDownload/HST/j95b10igq/j95b10igq_flt.fits'], ['mastDownload/HST/j95b10ihq/j95b10ihq_flt.fits'], ['mastDownload/HST/j95b10iiq/j95b10iiq_flt.fits'], ['mastDownload/HST/j95b10ijq/j95b10ijq_flt.fits'], ['mastDownload/HST/j95b10ikq/j95b10ikq_flt.fits'], ['mastDownload/HST/j95b10ilq/j95b10ilq_flt.fits'], ['mastDownload/HST/j95b10imq/j95b10imq_flt.fits'], ['mastDownload/HST/j95b10inq/j95b10inq_flt.fits'], ['mastDownload/HST/j95b10ioq/j95b10ioq_flt.fits'], ['mastDownload/HST/j95b10ipq/j95b10ipq_flt.fits'], ['mastDownload/HST/j95b20aaq/j95b20aaq_flt.fits'], ['mastDownload/HST/j95b20abq/j95b20abq_flt.fits'], ['mastDownload/HST/j95b20acq/j95b20acq_flt.fits'], ['mastDownload/HST/j95b20adq/j95b20adq_flt.fits'], ['mastDownload/HST/j95b20aeq/j95b20aeq_flt.fits'], ['mastDownload/HST/j95b20afq/j95b20afq_flt.fits'], ['mastDownload/HST/j95b20agq/j95b20agq_flt.fits'], ['mastDownload/HST/j95b20ahq/j95b20ahq_flt.fits'], ['mastDownload/HST/j95b20aiq/j95b20aiq_flt.fits'], ['mastDownload/HST/j95b20ajq/j95b20ajq_flt.fits'], ['mastDownload/HST/j95b20akq/j95b20akq_flt.fits'], ['mastDownload/HST/j95b20alq/j95b20alq_flt.fits'], ['mastDownload/HST/j95b20amq/j95b20amq_flt.fits'], ['mastDownload/HST/j95b20anq/j95b20anq_flt.fits'], ['mastDownload/HST/j95b20aoq/j95b20aoq_flt.fits'], ['mastDownload/HST/j95b20apq/j95b20apq_flt.fits'], ['mastDownload/HST/j95b20arq/j95b20arq_flt.fits'], ['mastDownload/HST/j95b20asq/j95b20asq_flt.fits'], ['mastDownload/HST/j95b20atq/j95b20atq_flt.fits'], ['mastDownload/HST/j95b20auq/j95b20auq_flt.fits'], ['mastDownload/HST/j95b20avq/j95b20avq_flt.fits'], ['mastDownload/HST/j95b20awq/j95b20awq_flt.fits'], ['mastDownload/HST/j95b20axq/j95b20axq_flt.fits'], ['mastDownload/HST/j95b20ayq/j95b20ayq_flt.fits'], ['mastDownload/HST/j95b20azq/j95b20azq_flt.fits'], ['mastDownload/HST/j95b20b0q/j95b20b0q_flt.fits'], ['mastDownload/HST/j95b20b1q/j95b20b1q_flt.fits'], ['mastDownload/HST/j95b20b2q/j95b20b2q_flt.fits'], ['mastDownload/HST/j95b20b3q/j95b20b3q_flt.fits'], ['mastDownload/HST/j95b20b4q/j95b20b4q_flt.fits'], ['mastDownload/HST/j95b30owq/j95b30owq_flt.fits'], ['mastDownload/HST/j95b30oxq/j95b30oxq_flt.fits'], ['mastDownload/HST/j95b30oyq/j95b30oyq_flt.fits'], ['mastDownload/HST/j95b30ozq/j95b30ozq_flt.fits'], ['mastDownload/HST/j95b30p0q/j95b30p0q_flt.fits'], ['mastDownload/HST/j95b30p1q/j95b30p1q_flt.fits'], ['mastDownload/HST/j95b30p2q/j95b30p2q_flt.fits'], ['mastDownload/HST/j95b30p3q/j95b30p3q_flt.fits'], ['mastDownload/HST/j95b30p4q/j95b30p4q_flt.fits'], ['mastDownload/HST/j95b30p5q/j95b30p5q_flt.fits'], ['mastDownload/HST/j95b30p6q/j95b30p6q_flt.fits'], ['mastDownload/HST/j95b30p8q/j95b30p8q_flt.fits'], ['mastDownload/HST/j95b30p9q/j95b30p9q_flt.fits'], ['mastDownload/HST/j95b30paq/j95b30paq_flt.fits'], ['mastDownload/HST/j95b30pbq/j95b30pbq_flt.fits'], ['mastDownload/HST/j95b30pcq/j95b30pcq_flt.fits'], ['mastDownload/HST/j95b30pdq/j95b30pdq_flt.fits'], ['mastDownload/HST/j95b30peq/j95b30peq_flt.fits'], ['mastDownload/HST/j95b30pfq/j95b30pfq_flt.fits'], ['mastDownload/HST/j95b30pgq/j95b30pgq_flt.fits'], ['mastDownload/HST/j95b30phq/j95b30phq_flt.fits'], ['mastDownload/HST/j95b30piq/j95b30piq_flt.fits'], ['mastDownload/HST/j95b30pjq/j95b30pjq_flt.fits'], ['mastDownload/HST/j9fq04npq/j9fq04npq_flt.fits'], ['mastDownload/HST/j9fq04nqq/j9fq04nqq_flt.fits'], ['mastDownload/HST/j9fq04nrq/j9fq04nrq_flt.fits'], ['mastDownload/HST/j9fq04nsq/j9fq04nsq_flt.fits'], ['mastDownload/HST/j9fq04ntq/j9fq04ntq_flt.fits'], ['mastDownload/HST/j9fq04nvq/j9fq04nvq_flt.fits'], ['mastDownload/HST/j9fq04nwq/j9fq04nwq_flt.fits'], ['mastDownload/HST/j9fq04nxq/j9fq04nxq_flt.fits'], ['mastDownload/HST/j9fq04nyq/j9fq04nyq_flt.fits'], ['mastDownload/HST/j9fq04nzq/j9fq04nzq_flt.fits'], ['mastDownload/HST/j9fq04o0q/j9fq04o0q_flt.fits'], ['mastDownload/HST/j9fq04o1q/j9fq04o1q_flt.fits'], ['mastDownload/HST/j9fq04o2q/j9fq04o2q_flt.fits'], ['mastDownload/HST/j9fq04o3q/j9fq04o3q_flt.fits'], ['mastDownload/HST/j9fq04o4q/j9fq04o4q_flt.fits'], ['mastDownload/HST/j9fq04o5q/j9fq04o5q_flt.fits'], ['mastDownload/HST/j9fq04o6q/j9fq04o6q_flt.fits'], ['mastDownload/HST/j9fq04o7q/j9fq04o7q_flt.fits'], ['mastDownload/HST/j9fq08ccq/j9fq08ccq_flt.fits'], ['mastDownload/HST/j9fq08cdq/j9fq08cdq_flt.fits'], ['mastDownload/HST/j9fq08ceq/j9fq08ceq_flt.fits'], ['mastDownload/HST/j9fq08cfq/j9fq08cfq_flt.fits'], ['mastDownload/HST/j9fq08cgq/j9fq08cgq_flt.fits'], ['mastDownload/HST/j9fq08chq/j9fq08chq_flt.fits'], ['mastDownload/HST/j9fq08ciq/j9fq08ciq_flt.fits'], ['mastDownload/HST/j9fq08cjq/j9fq08cjq_flt.fits'], ['mastDownload/HST/j9fq12pbq/j9fq12pbq_flt.fits'], ['mastDownload/HST/j9fq12pcq/j9fq12pcq_flt.fits'], ['mastDownload/HST/j9fq12pdq/j9fq12pdq_flt.fits'], ['mastDownload/HST/j9fq12peq/j9fq12peq_flt.fits'], ['mastDownload/HST/j9fq12pfq/j9fq12pfq_flt.fits'], ['mastDownload/HST/j9fq12phq/j9fq12phq_flt.fits'], ['mastDownload/HST/j9fq12piq/j9fq12piq_flt.fits'], ['mastDownload/HST/j9fq12pjq/j9fq12pjq_flt.fits'], ['mastDownload/HST/j9fq12pkq/j9fq12pkq_flt.fits'], ['mastDownload/HST/j9fq12plq/j9fq12plq_flt.fits'], ['mastDownload/HST/j9fq12pmq/j9fq12pmq_flt.fits'], ['mastDownload/HST/j9fq12pnq/j9fq12pnq_flt.fits'], ['mastDownload/HST/j9fq12poq/j9fq12poq_flt.fits'], ['mastDownload/HST/j9fq12ppq/j9fq12ppq_flt.fits'], ['mastDownload/HST/j9fq12pqq/j9fq12pqq_flt.fits'], ['mastDownload/HST/j9fq12prq/j9fq12prq_flt.fits'], ['mastDownload/HST/j9fq12psq/j9fq12psq_flt.fits'], ['mastDownload/HST/j9fq12ptq/j9fq12ptq_flt.fits'], ['mastDownload/HST/j9fq14dyq/j9fq14dyq_flt.fits'], ['mastDownload/HST/j9fq14dzq/j9fq14dzq_flt.fits'], ['mastDownload/HST/j9fq14e0q/j9fq14e0q_flt.fits'], ['mastDownload/HST/j9fq14e1q/j9fq14e1q_flt.fits'], ['mastDownload/HST/j9fq14e2q/j9fq14e2q_flt.fits'], ['mastDownload/HST/j9fq14e4q/j9fq14e4q_flt.fits'], ['mastDownload/HST/j9fq14e5q/j9fq14e5q_flt.fits'], ['mastDownload/HST/j9fq14e6q/j9fq14e6q_flt.fits'], ['mastDownload/HST/j9fq14e7q/j9fq14e7q_flt.fits'], ['mastDownload/HST/j9fq14e8q/j9fq14e8q_flt.fits'], ['mastDownload/HST/j9fq14e9q/j9fq14e9q_flt.fits'], ['mastDownload/HST/j9fq14eaq/j9fq14eaq_flt.fits'], ['mastDownload/HST/j9fq14ebq/j9fq14ebq_flt.fits'], ['mastDownload/HST/j9fq14ecq/j9fq14ecq_flt.fits'], ['mastDownload/HST/j9fq14edq/j9fq14edq_flt.fits'], ['mastDownload/HST/j9fq14eeq/j9fq14eeq_flt.fits'], ['mastDownload/HST/j9fq14efq/j9fq14efq_flt.fits'], ['mastDownload/HST/j9fq14egq/j9fq14egq_flt.fits'], ['mastDownload/HST/j9fq18r4q/j9fq18r4q_flt.fits'], ['mastDownload/HST/j9fq18r5q/j9fq18r5q_flt.fits'], ['mastDownload/HST/j9fq18r6q/j9fq18r6q_flt.fits'], ['mastDownload/HST/j9fq18r7q/j9fq18r7q_flt.fits'], ['mastDownload/HST/j9fq18r8q/j9fq18r8q_flt.fits'], ['mastDownload/HST/j9fq18raq/j9fq18raq_flt.fits'], ['mastDownload/HST/j9fq18rbq/j9fq18rbq_flt.fits'], ['mastDownload/HST/j9fq18rcq/j9fq18rcq_flt.fits'], ['mastDownload/HST/j9fq18rdq/j9fq18rdq_flt.fits'], ['mastDownload/HST/j9fq18req/j9fq18req_flt.fits'], ['mastDownload/HST/j9fq18rfq/j9fq18rfq_flt.fits'], ['mastDownload/HST/j9fq18rgq/j9fq18rgq_flt.fits'], ['mastDownload/HST/j9fq18rhq/j9fq18rhq_flt.fits'], ['mastDownload/HST/j9fq18riq/j9fq18riq_flt.fits'], ['mastDownload/HST/j9fq18rjq/j9fq18rjq_flt.fits'], ['mastDownload/HST/j9fq18rkq/j9fq18rkq_flt.fits'], ['mastDownload/HST/j9fq18rlq/j9fq18rlq_flt.fits'], ['mastDownload/HST/j9fq18rmq/j9fq18rmq_flt.fits'], ['mastDownload/HST/j9fq22f2q/j9fq22f2q_flt.fits'], ['mastDownload/HST/j9fq22f3q/j9fq22f3q_flt.fits'], ['mastDownload/HST/j9fq22f4q/j9fq22f4q_flt.fits'], ['mastDownload/HST/j9fq22f5q/j9fq22f5q_flt.fits'], ['mastDownload/HST/j9fq22f6q/j9fq22f6q_flt.fits'], ['mastDownload/HST/j9fq22f7q/j9fq22f7q_flt.fits'], ['mastDownload/HST/j9fq22f8q/j9fq22f8q_flt.fits'], ['mastDownload/HST/j9fq22f9q/j9fq22f9q_flt.fits'], ['mastDownload/HST/j9fq26swq/j9fq26swq_flt.fits'], ['mastDownload/HST/j9fq26sxq/j9fq26sxq_flt.fits'], ['mastDownload/HST/j9fq26syq/j9fq26syq_flt.fits'], ['mastDownload/HST/j9fq26szq/j9fq26szq_flt.fits'], ['mastDownload/HST/j9fq26t0q/j9fq26t0q_flt.fits'], ['mastDownload/HST/j9fq26t2q/j9fq26t2q_flt.fits'], ['mastDownload/HST/j9fq26t3q/j9fq26t3q_flt.fits'], ['mastDownload/HST/j9fq26t4q/j9fq26t4q_flt.fits'], ['mastDownload/HST/j9fq26t5q/j9fq26t5q_flt.fits'], ['mastDownload/HST/j9fq26t6q/j9fq26t6q_flt.fits'], ['mastDownload/HST/j9fq26t7q/j9fq26t7q_flt.fits'], ['mastDownload/HST/j9fq26t8q/j9fq26t8q_flt.fits'], ['mastDownload/HST/j9fq26t9q/j9fq26t9q_flt.fits'], ['mastDownload/HST/j9fq26taq/j9fq26taq_flt.fits'], ['mastDownload/HST/j9fq26tbq/j9fq26tbq_flt.fits'], ['mastDownload/HST/j9fq26tcq/j9fq26tcq_flt.fits'], ['mastDownload/HST/j9fq26tdq/j9fq26tdq_flt.fits'], ['mastDownload/HST/j9fq26teq/j9fq26teq_flt.fits'], ['mastDownload/HST/j9fq28pwq/j9fq28pwq_flt.fits'], ['mastDownload/HST/j9fq28pxq/j9fq28pxq_flt.fits'], ['mastDownload/HST/j9fq28pyq/j9fq28pyq_flt.fits'], ['mastDownload/HST/j9fq28pzq/j9fq28pzq_flt.fits'], ['mastDownload/HST/j9fq28q0q/j9fq28q0q_flt.fits'], ['mastDownload/HST/j9fq28q2q/j9fq28q2q_flt.fits'], ['mastDownload/HST/j9fq28q3q/j9fq28q3q_flt.fits'], ['mastDownload/HST/j9fq28q4q/j9fq28q4q_flt.fits'], ['mastDownload/HST/j9fq28q5q/j9fq28q5q_flt.fits'], ['mastDownload/HST/j9fq28q6q/j9fq28q6q_flt.fits'], ['mastDownload/HST/j9fq28q7q/j9fq28q7q_flt.fits'], ['mastDownload/HST/j9fq28q8q/j9fq28q8q_flt.fits'], ['mastDownload/HST/j9fq28q9q/j9fq28q9q_flt.fits'], ['mastDownload/HST/j9fq28qaq/j9fq28qaq_flt.fits'], ['mastDownload/HST/j9fq28qbq/j9fq28qbq_flt.fits'], ['mastDownload/HST/j9fq28qcq/j9fq28qcq_flt.fits'], ['mastDownload/HST/j9fq28qdq/j9fq28qdq_flt.fits'], ['mastDownload/HST/j9fq28qeq/j9fq28qeq_flt.fits'], ['mastDownload/HST/u2gl0101t/u2gl0101t_c0f.fits'], ['mastDownload/HST/u2gl0101t/u2gl0101t_c0f.fits'], ['mastDownload/HST/u2gl0101t/u2gl0101t_c0f.fits'], ['mastDownload/HST/u2gl0101t/u2gl0101t_c0f.fits'], ['mastDownload/HST/u2gl0101t/u2gl0101t_c0f.fits'], ['mastDownload/HST/u2gl0101t/u2gl0101t_c0f.fits'], ['mastDownload/HST/u2gl0101t/u2gl0101t_c0f.fits'], ['mastDownload/HST/u2gl0101t/u2gl0101t_c0f.fits'], ['mastDownload/HST/u2gl0101t/u2gl0101t_c0f.fits'], ['mastDownload/HST/u2gl0101t/u2gl0101t_c0f.fits'], ['mastDownload/HST/u2gl0101t/u2gl0101t_c0f.fits'], ['mastDownload/HST/u2gl0101t/u2gl0101t_c0f.fits'], ['mastDownload/HST/u2gl0101t/u2gl0101t_c0f.fits'], ['mastDownload/HST/u2gl0101t/u2gl0101t_c0f.fits'], ['mastDownload/HST/u2gl0101t/u2gl0101t_c0f.fits'], ['mastDownload/HST/u2gl0102t/u2gl0102t_c0f.fits'], ['mastDownload/HST/u2gl0102t/u2gl0102t_c0f.fits'], ['mastDownload/HST/u2gl0102t/u2gl0102t_c0f.fits'], ['mastDownload/HST/u2gl0102t/u2gl0102t_c0f.fits'], ['mastDownload/HST/u2gl0102t/u2gl0102t_c0f.fits'], ['mastDownload/HST/u2gl0102t/u2gl0102t_c0f.fits'], ['mastDownload/HST/u2gl0102t/u2gl0102t_c0f.fits'], ['mastDownload/HST/u2gl0102t/u2gl0102t_c0f.fits'], ['mastDownload/HST/u2gl0102t/u2gl0102t_c0f.fits'], ['mastDownload/HST/u2gl0102t/u2gl0102t_c0f.fits'], ['mastDownload/HST/u2gl0102t/u2gl0102t_c0f.fits'], ['mastDownload/HST/u2gl0102t/u2gl0102t_c0f.fits'], ['mastDownload/HST/u2gl0102t/u2gl0102t_c0f.fits'], ['mastDownload/HST/u2gl0102t/u2gl0102t_c0f.fits'], ['mastDownload/HST/u2gl0102t/u2gl0102t_c0f.fits'], ['mastDownload/HST/u2gl0103t/u2gl0103t_c0f.fits'], ['mastDownload/HST/u2gl0103t/u2gl0103t_c0f.fits'], ['mastDownload/HST/u2gl0103t/u2gl0103t_c0f.fits'], ['mastDownload/HST/u2gl0103t/u2gl0103t_c0f.fits'], ['mastDownload/HST/u2gl0103t/u2gl0103t_c0f.fits'], ['mastDownload/HST/u2gl0103t/u2gl0103t_c0f.fits'], ['mastDownload/HST/u2gl0103t/u2gl0103t_c0f.fits'], ['mastDownload/HST/u2gl0103t/u2gl0103t_c0f.fits'], ['mastDownload/HST/u2gl0103t/u2gl0103t_c0f.fits'], ['mastDownload/HST/u2gl0103t/u2gl0103t_c0f.fits'], ['mastDownload/HST/u2gl0103t/u2gl0103t_c0f.fits'], ['mastDownload/HST/u2gl0103t/u2gl0103t_c0f.fits'], ['mastDownload/HST/u2gl0103t/u2gl0103t_c0f.fits'], ['mastDownload/HST/u2gl0103t/u2gl0103t_c0f.fits'], ['mastDownload/HST/u2gl0103t/u2gl0103t_c0f.fits'], ['mastDownload/HST/u2gl0104t/u2gl0104t_c0f.fits'], ['mastDownload/HST/u2gl0104t/u2gl0104t_c0f.fits'], ['mastDownload/HST/u2gl0104t/u2gl0104t_c0f.fits'], ['mastDownload/HST/u2gl0104t/u2gl0104t_c0f.fits'], ['mastDownload/HST/u2gl0104t/u2gl0104t_c0f.fits'], ['mastDownload/HST/u2gl0104t/u2gl0104t_c0f.fits'], ['mastDownload/HST/u2gl0104t/u2gl0104t_c0f.fits'], ['mastDownload/HST/u2gl0104t/u2gl0104t_c0f.fits'], ['mastDownload/HST/u2gl0104t/u2gl0104t_c0f.fits'], ['mastDownload/HST/u2gl0104t/u2gl0104t_c0f.fits'], ['mastDownload/HST/u2gl0104t/u2gl0104t_c0f.fits'], ['mastDownload/HST/u2gl0104t/u2gl0104t_c0f.fits'], ['mastDownload/HST/u2gl0104t/u2gl0104t_c0f.fits'], ['mastDownload/HST/u2gl0104t/u2gl0104t_c0f.fits'], ['mastDownload/HST/u2gl0104t/u2gl0104t_c0f.fits'], ['mastDownload/HST/u2gl0105t/u2gl0105t_c0f.fits'], ['mastDownload/HST/u2gl0105t/u2gl0105t_c0f.fits'], ['mastDownload/HST/u2gl0105t/u2gl0105t_c0f.fits'], ['mastDownload/HST/u2gl0105t/u2gl0105t_c0f.fits'], ['mastDownload/HST/u2gl0105t/u2gl0105t_c0f.fits'], ['mastDownload/HST/u2gl0105t/u2gl0105t_c0f.fits'], ['mastDownload/HST/u2gl0105t/u2gl0105t_c0f.fits'], ['mastDownload/HST/u2gl0105t/u2gl0105t_c0f.fits'], ['mastDownload/HST/u2gl0105t/u2gl0105t_c0f.fits'], ['mastDownload/HST/u2gl0105t/u2gl0105t_c0f.fits'], ['mastDownload/HST/u2gl0105t/u2gl0105t_c0f.fits'], ['mastDownload/HST/u2gl0105t/u2gl0105t_c0f.fits'], ['mastDownload/HST/u2gl0105t/u2gl0105t_c0f.fits'], ['mastDownload/HST/u2gl0105t/u2gl0105t_c0f.fits'], ['mastDownload/HST/u2gl0105t/u2gl0105t_c0f.fits'], ['mastDownload/HST/u2gl0106t/u2gl0106t_c0f.fits'], ['mastDownload/HST/u2gl0106t/u2gl0106t_c0f.fits'], ['mastDownload/HST/u2gl0106t/u2gl0106t_c0f.fits'], ['mastDownload/HST/u2gl0106t/u2gl0106t_c0f.fits'], ['mastDownload/HST/u2gl0106t/u2gl0106t_c0f.fits'], ['mastDownload/HST/u2gl0106t/u2gl0106t_c0f.fits'], ['mastDownload/HST/u2gl0106t/u2gl0106t_c0f.fits'], ['mastDownload/HST/u2gl0106t/u2gl0106t_c0f.fits'], ['mastDownload/HST/u2gl0106t/u2gl0106t_c0f.fits'], ['mastDownload/HST/u2gl0106t/u2gl0106t_c0f.fits'], ['mastDownload/HST/u2gl0106t/u2gl0106t_c0f.fits'], ['mastDownload/HST/u2gl0106t/u2gl0106t_c0f.fits'], ['mastDownload/HST/u2gl0106t/u2gl0106t_c0f.fits'], ['mastDownload/HST/u2gl0106t/u2gl0106t_c0f.fits'], ['mastDownload/HST/u2gl0106t/u2gl0106t_c0f.fits'], ['mastDownload/HST/u2gl0107t/u2gl0107t_c0f.fits'], ['mastDownload/HST/u2gl0107t/u2gl0107t_c0f.fits'], ['mastDownload/HST/u2gl0107t/u2gl0107t_c0f.fits'], ['mastDownload/HST/u2gl0107t/u2gl0107t_c0f.fits'], ['mastDownload/HST/u2gl0107t/u2gl0107t_c0f.fits'], ['mastDownload/HST/u2gl0107t/u2gl0107t_c0f.fits'], ['mastDownload/HST/u2gl0107t/u2gl0107t_c0f.fits'], ['mastDownload/HST/u2gl0107t/u2gl0107t_c0f.fits'], ['mastDownload/HST/u2gl0107t/u2gl0107t_c0f.fits'], ['mastDownload/HST/u2gl0107t/u2gl0107t_c0f.fits'], ['mastDownload/HST/u2gl0107t/u2gl0107t_c0f.fits'], ['mastDownload/HST/u2gl0107t/u2gl0107t_c0f.fits'], ['mastDownload/HST/u2gl0107t/u2gl0107t_c0f.fits'], ['mastDownload/HST/u2gl0107t/u2gl0107t_c0f.fits'], ['mastDownload/HST/u2gl0107t/u2gl0107t_c0f.fits'], ['mastDownload/HST/u2gl0108t/u2gl0108t_c0f.fits'], ['mastDownload/HST/u2gl0108t/u2gl0108t_c0f.fits'], ['mastDownload/HST/u2gl0108t/u2gl0108t_c0f.fits'], ['mastDownload/HST/u2gl0108t/u2gl0108t_c0f.fits'], ['mastDownload/HST/u2gl0108t/u2gl0108t_c0f.fits'], ['mastDownload/HST/u2gl0108t/u2gl0108t_c0f.fits'], ['mastDownload/HST/u2gl0108t/u2gl0108t_c0f.fits'], ['mastDownload/HST/u2gl0108t/u2gl0108t_c0f.fits'], ['mastDownload/HST/u2gl0108t/u2gl0108t_c0f.fits'], ['mastDownload/HST/u2gl0108t/u2gl0108t_c0f.fits'], ['mastDownload/HST/u2gl0108t/u2gl0108t_c0f.fits'], ['mastDownload/HST/u2gl0108t/u2gl0108t_c0f.fits'], ['mastDownload/HST/u2gl0108t/u2gl0108t_c0f.fits'], ['mastDownload/HST/u2gl0108t/u2gl0108t_c0f.fits'], ['mastDownload/HST/u2gl0108t/u2gl0108t_c0f.fits'], ['mastDownload/HST/u2gl0201t/u2gl0201t_c0f.fits'], ['mastDownload/HST/u2gl0201t/u2gl0201t_c0f.fits'], ['mastDownload/HST/u2gl0201t/u2gl0201t_c0f.fits'], ['mastDownload/HST/u2gl0201t/u2gl0201t_c0f.fits'], ['mastDownload/HST/u2gl0201t/u2gl0201t_c0f.fits'], ['mastDownload/HST/u2gl0201t/u2gl0201t_c0f.fits'], ['mastDownload/HST/u2gl0201t/u2gl0201t_c0f.fits'], ['mastDownload/HST/u2gl0201t/u2gl0201t_c0f.fits'], ['mastDownload/HST/u2gl0201t/u2gl0201t_c0f.fits'], ['mastDownload/HST/u2gl0201t/u2gl0201t_c0f.fits'], ['mastDownload/HST/u2gl0201t/u2gl0201t_c0f.fits'], ['mastDownload/HST/u2gl0201t/u2gl0201t_c0f.fits'], ['mastDownload/HST/u2gl0201t/u2gl0201t_c0f.fits'], ['mastDownload/HST/u2gl0201t/u2gl0201t_c0f.fits'], ['mastDownload/HST/u2gl0201t/u2gl0201t_c0f.fits'], ['mastDownload/HST/u2gl0202t/u2gl0202t_c0f.fits'], ['mastDownload/HST/u2gl0202t/u2gl0202t_c0f.fits'], ['mastDownload/HST/u2gl0202t/u2gl0202t_c0f.fits'], ['mastDownload/HST/u2gl0202t/u2gl0202t_c0f.fits'], ['mastDownload/HST/u2gl0202t/u2gl0202t_c0f.fits'], ['mastDownload/HST/u2gl0202t/u2gl0202t_c0f.fits'], ['mastDownload/HST/u2gl0202t/u2gl0202t_c0f.fits'], ['mastDownload/HST/u2gl0202t/u2gl0202t_c0f.fits'], ['mastDownload/HST/u2gl0202t/u2gl0202t_c0f.fits'], ['mastDownload/HST/u2gl0202t/u2gl0202t_c0f.fits'], ['mastDownload/HST/u2gl0202t/u2gl0202t_c0f.fits'], ['mastDownload/HST/u2gl0202t/u2gl0202t_c0f.fits'], ['mastDownload/HST/u2gl0202t/u2gl0202t_c0f.fits'], ['mastDownload/HST/u2gl0202t/u2gl0202t_c0f.fits'], ['mastDownload/HST/u2gl0202t/u2gl0202t_c0f.fits'], ['mastDownload/HST/u2gl0203t/u2gl0203t_c0f.fits'], ['mastDownload/HST/u2gl0203t/u2gl0203t_c0f.fits'], ['mastDownload/HST/u2gl0203t/u2gl0203t_c0f.fits'], ['mastDownload/HST/u2gl0203t/u2gl0203t_c0f.fits'], ['mastDownload/HST/u2gl0203t/u2gl0203t_c0f.fits'], ['mastDownload/HST/u2gl0203t/u2gl0203t_c0f.fits'], ['mastDownload/HST/u2gl0203t/u2gl0203t_c0f.fits'], ['mastDownload/HST/u2gl0203t/u2gl0203t_c0f.fits'], ['mastDownload/HST/u2gl0203t/u2gl0203t_c0f.fits'], ['mastDownload/HST/u2gl0203t/u2gl0203t_c0f.fits'], ['mastDownload/HST/u2gl0203t/u2gl0203t_c0f.fits'], ['mastDownload/HST/u2gl0203t/u2gl0203t_c0f.fits'], ['mastDownload/HST/u2gl0203t/u2gl0203t_c0f.fits'], ['mastDownload/HST/u2gl0203t/u2gl0203t_c0f.fits'], ['mastDownload/HST/u2gl0203t/u2gl0203t_c0f.fits'], ['mastDownload/HST/u2gl0301t/u2gl0301t_c0f.fits'], ['mastDownload/HST/u2gl0301t/u2gl0301t_c0f.fits'], ['mastDownload/HST/u2gl0301t/u2gl0301t_c0f.fits'], ['mastDownload/HST/u2gl0301t/u2gl0301t_c0f.fits'], ['mastDownload/HST/u2gl0301t/u2gl0301t_c0f.fits'], ['mastDownload/HST/u2gl0301t/u2gl0301t_c0f.fits'], ['mastDownload/HST/u2gl0301t/u2gl0301t_c0f.fits'], ['mastDownload/HST/u2gl0301t/u2gl0301t_c0f.fits'], ['mastDownload/HST/u2gl0301t/u2gl0301t_c0f.fits'], ['mastDownload/HST/u2gl0301t/u2gl0301t_c0f.fits'], ['mastDownload/HST/u2gl0301t/u2gl0301t_c0f.fits'], ['mastDownload/HST/u2gl0301t/u2gl0301t_c0f.fits'], ['mastDownload/HST/u2gl0301t/u2gl0301t_c0f.fits'], ['mastDownload/HST/u2gl0301t/u2gl0301t_c0f.fits'], ['mastDownload/HST/u2gl0301t/u2gl0301t_c0f.fits'], ['mastDownload/HST/u2gl0302t/u2gl0302t_c0f.fits'], ['mastDownload/HST/u2gl0302t/u2gl0302t_c0f.fits'], ['mastDownload/HST/u2gl0302t/u2gl0302t_c0f.fits'], ['mastDownload/HST/u2gl0302t/u2gl0302t_c0f.fits'], ['mastDownload/HST/u2gl0302t/u2gl0302t_c0f.fits'], ['mastDownload/HST/u2gl0302t/u2gl0302t_c0f.fits'], ['mastDownload/HST/u2gl0302t/u2gl0302t_c0f.fits'], ['mastDownload/HST/u2gl0302t/u2gl0302t_c0f.fits'], ['mastDownload/HST/u2gl0302t/u2gl0302t_c0f.fits'], ['mastDownload/HST/u2gl0302t/u2gl0302t_c0f.fits'], ['mastDownload/HST/u2gl0302t/u2gl0302t_c0f.fits'], ['mastDownload/HST/u2gl0302t/u2gl0302t_c0f.fits'], ['mastDownload/HST/u2gl0302t/u2gl0302t_c0f.fits'], ['mastDownload/HST/u2gl0302t/u2gl0302t_c0f.fits'], ['mastDownload/HST/u2gl0302t/u2gl0302t_c0f.fits'], ['mastDownload/HST/u2gl0303t/u2gl0303t_c0f.fits'], ['mastDownload/HST/u2gl0303t/u2gl0303t_c0f.fits'], ['mastDownload/HST/u2gl0303t/u2gl0303t_c0f.fits'], ['mastDownload/HST/u2gl0303t/u2gl0303t_c0f.fits'], ['mastDownload/HST/u2gl0303t/u2gl0303t_c0f.fits'], ['mastDownload/HST/u2gl0303t/u2gl0303t_c0f.fits'], ['mastDownload/HST/u2gl0303t/u2gl0303t_c0f.fits'], ['mastDownload/HST/u2gl0303t/u2gl0303t_c0f.fits'], ['mastDownload/HST/u2gl0303t/u2gl0303t_c0f.fits'], ['mastDownload/HST/u2gl0303t/u2gl0303t_c0f.fits'], ['mastDownload/HST/u2gl0303t/u2gl0303t_c0f.fits'], ['mastDownload/HST/u2gl0303t/u2gl0303t_c0f.fits'], ['mastDownload/HST/u2gl0303t/u2gl0303t_c0f.fits'], ['mastDownload/HST/u2gl0303t/u2gl0303t_c0f.fits'], ['mastDownload/HST/u2gl0303t/u2gl0303t_c0f.fits'], ['mastDownload/HST/u2gl0304t/u2gl0304t_c0f.fits'], ['mastDownload/HST/u2gl0304t/u2gl0304t_c0f.fits'], ['mastDownload/HST/u2gl0304t/u2gl0304t_c0f.fits'], ['mastDownload/HST/u2gl0304t/u2gl0304t_c0f.fits'], ['mastDownload/HST/u2gl0304t/u2gl0304t_c0f.fits'], ['mastDownload/HST/u2gl0304t/u2gl0304t_c0f.fits'], ['mastDownload/HST/u2gl0304t/u2gl0304t_c0f.fits'], ['mastDownload/HST/u2gl0304t/u2gl0304t_c0f.fits'], ['mastDownload/HST/u2gl0304t/u2gl0304t_c0f.fits'], ['mastDownload/HST/u2gl0304t/u2gl0304t_c0f.fits'], ['mastDownload/HST/u2gl0304t/u2gl0304t_c0f.fits'], ['mastDownload/HST/u2gl0304t/u2gl0304t_c0f.fits'], ['mastDownload/HST/u2gl0304t/u2gl0304t_c0f.fits'], ['mastDownload/HST/u2gl0304t/u2gl0304t_c0f.fits'], ['mastDownload/HST/u2gl0304t/u2gl0304t_c0f.fits'], ['mastDownload/HST/u2gl0305t/u2gl0305t_c0f.fits'], ['mastDownload/HST/u2gl0305t/u2gl0305t_c0f.fits'], ['mastDownload/HST/u2gl0305t/u2gl0305t_c0f.fits'], ['mastDownload/HST/u2gl0305t/u2gl0305t_c0f.fits'], ['mastDownload/HST/u2gl0305t/u2gl0305t_c0f.fits'], ['mastDownload/HST/u2gl0305t/u2gl0305t_c0f.fits'], ['mastDownload/HST/u2gl0305t/u2gl0305t_c0f.fits'], ['mastDownload/HST/u2gl0305t/u2gl0305t_c0f.fits'], ['mastDownload/HST/u2gl0305t/u2gl0305t_c0f.fits'], ['mastDownload/HST/u2gl0305t/u2gl0305t_c0f.fits'], ['mastDownload/HST/u2gl0305t/u2gl0305t_c0f.fits'], ['mastDownload/HST/u2gl0305t/u2gl0305t_c0f.fits'], ['mastDownload/HST/u2gl0305t/u2gl0305t_c0f.fits'], ['mastDownload/HST/u2gl0305t/u2gl0305t_c0f.fits'], ['mastDownload/HST/u2gl0305t/u2gl0305t_c0f.fits'], ['mastDownload/HST/u2gl0306t/u2gl0306t_c0f.fits'], ['mastDownload/HST/u2gl0306t/u2gl0306t_c0f.fits'], ['mastDownload/HST/u2gl0306t/u2gl0306t_c0f.fits'], ['mastDownload/HST/u2gl0306t/u2gl0306t_c0f.fits'], ['mastDownload/HST/u2gl0306t/u2gl0306t_c0f.fits'], ['mastDownload/HST/u2gl0306t/u2gl0306t_c0f.fits'], ['mastDownload/HST/u2gl0306t/u2gl0306t_c0f.fits'], ['mastDownload/HST/u2gl0306t/u2gl0306t_c0f.fits'], ['mastDownload/HST/u2gl0306t/u2gl0306t_c0f.fits'], ['mastDownload/HST/u2gl0306t/u2gl0306t_c0f.fits'], ['mastDownload/HST/u2gl0306t/u2gl0306t_c0f.fits'], ['mastDownload/HST/u2gl0306t/u2gl0306t_c0f.fits'], ['mastDownload/HST/u2gl0306t/u2gl0306t_c0f.fits'], ['mastDownload/HST/u2gl0306t/u2gl0306t_c0f.fits'], ['mastDownload/HST/u2gl0306t/u2gl0306t_c0f.fits'], ['mastDownload/HST/u2gl0401t/u2gl0401t_c0f.fits'], ['mastDownload/HST/u2gl0401t/u2gl0401t_c0f.fits'], ['mastDownload/HST/u2gl0401t/u2gl0401t_c0f.fits'], ['mastDownload/HST/u2gl0401t/u2gl0401t_c0f.fits'], ['mastDownload/HST/u2gl0401t/u2gl0401t_c0f.fits'], ['mastDownload/HST/u2gl0401t/u2gl0401t_c0f.fits'], ['mastDownload/HST/u2gl0401t/u2gl0401t_c0f.fits'], ['mastDownload/HST/u2gl0401t/u2gl0401t_c0f.fits'], ['mastDownload/HST/u2gl0401t/u2gl0401t_c0f.fits'], ['mastDownload/HST/u2gl0401t/u2gl0401t_c0f.fits'], ['mastDownload/HST/u2gl0401t/u2gl0401t_c0f.fits'], ['mastDownload/HST/u2gl0401t/u2gl0401t_c0f.fits'], ['mastDownload/HST/u2gl0401t/u2gl0401t_c0f.fits'], ['mastDownload/HST/u2gl0401t/u2gl0401t_c0f.fits'], ['mastDownload/HST/u2gl0401t/u2gl0401t_c0f.fits'], ['mastDownload/HST/u2gl0402t/u2gl0402t_c0f.fits'], ['mastDownload/HST/u2gl0402t/u2gl0402t_c0f.fits'], ['mastDownload/HST/u2gl0402t/u2gl0402t_c0f.fits'], ['mastDownload/HST/u2gl0402t/u2gl0402t_c0f.fits'], ['mastDownload/HST/u2gl0402t/u2gl0402t_c0f.fits'], ['mastDownload/HST/u2gl0402t/u2gl0402t_c0f.fits'], ['mastDownload/HST/u2gl0402t/u2gl0402t_c0f.fits'], ['mastDownload/HST/u2gl0402t/u2gl0402t_c0f.fits'], ['mastDownload/HST/u2gl0402t/u2gl0402t_c0f.fits'], ['mastDownload/HST/u2gl0402t/u2gl0402t_c0f.fits'], ['mastDownload/HST/u2gl0402t/u2gl0402t_c0f.fits'], ['mastDownload/HST/u2gl0402t/u2gl0402t_c0f.fits'], ['mastDownload/HST/u2gl0402t/u2gl0402t_c0f.fits'], ['mastDownload/HST/u2gl0402t/u2gl0402t_c0f.fits'], ['mastDownload/HST/u2gl0402t/u2gl0402t_c0f.fits'], ['mastDownload/HST/u2gl0403t/u2gl0403t_c0f.fits'], ['mastDownload/HST/u2gl0403t/u2gl0403t_c0f.fits'], ['mastDownload/HST/u2gl0403t/u2gl0403t_c0f.fits'], ['mastDownload/HST/u2gl0403t/u2gl0403t_c0f.fits'], ['mastDownload/HST/u2gl0403t/u2gl0403t_c0f.fits'], ['mastDownload/HST/u2gl0403t/u2gl0403t_c0f.fits'], ['mastDownload/HST/u2gl0403t/u2gl0403t_c0f.fits'], ['mastDownload/HST/u2gl0403t/u2gl0403t_c0f.fits'], ['mastDownload/HST/u2gl0403t/u2gl0403t_c0f.fits'], ['mastDownload/HST/u2gl0403t/u2gl0403t_c0f.fits'], ['mastDownload/HST/u2gl0403t/u2gl0403t_c0f.fits'], ['mastDownload/HST/u2gl0403t/u2gl0403t_c0f.fits'], ['mastDownload/HST/u2gl0403t/u2gl0403t_c0f.fits'], ['mastDownload/HST/u2gl0403t/u2gl0403t_c0f.fits'], ['mastDownload/HST/u2gl0403t/u2gl0403t_c0f.fits'], ['mastDownload/HST/u2ouji01t/u2ouji01t_c0f.fits'], ['mastDownload/HST/u2ouji01t/u2ouji01t_c0f.fits'], ['mastDownload/HST/u2ouji01t/u2ouji01t_c0f.fits'], ['mastDownload/HST/u2ouji01t/u2ouji01t_c0f.fits'], ['mastDownload/HST/u2ouji01t/u2ouji01t_c0f.fits'], ['mastDownload/HST/u2ouji01t/u2ouji01t_c0f.fits'], ['mastDownload/HST/u2ouji01t/u2ouji01t_c0f.fits'], ['mastDownload/HST/u2ouji01t/u2ouji01t_c0f.fits'], ['mastDownload/HST/u2ouji01t/u2ouji01t_c0f.fits'], ['mastDownload/HST/u2ouji01t/u2ouji01t_c0f.fits'], ['mastDownload/HST/u2ouji01t/u2ouji01t_c0f.fits'], ['mastDownload/HST/u2ouji01t/u2ouji01t_c0f.fits'], ['mastDownload/HST/u2ouji01t/u2ouji01t_c0f.fits'], ['mastDownload/HST/u2ouji01t/u2ouji01t_c0f.fits'], ['mastDownload/HST/u2ouji01t/u2ouji01t_c0f.fits'], ['mastDownload/HST/u2ouji02t/u2ouji02t_c0f.fits'], ['mastDownload/HST/u2ouji02t/u2ouji02t_c0f.fits'], ['mastDownload/HST/u2ouji02t/u2ouji02t_c0f.fits'], ['mastDownload/HST/u2ouji02t/u2ouji02t_c0f.fits'], ['mastDownload/HST/u2ouji02t/u2ouji02t_c0f.fits'], ['mastDownload/HST/u2ouji02t/u2ouji02t_c0f.fits'], ['mastDownload/HST/u2ouji02t/u2ouji02t_c0f.fits'], ['mastDownload/HST/u2ouji02t/u2ouji02t_c0f.fits'], ['mastDownload/HST/u2ouji02t/u2ouji02t_c0f.fits'], ['mastDownload/HST/u2ouji02t/u2ouji02t_c0f.fits'], ['mastDownload/HST/u2ouji02t/u2ouji02t_c0f.fits'], ['mastDownload/HST/u2ouji02t/u2ouji02t_c0f.fits'], ['mastDownload/HST/u2ouji02t/u2ouji02t_c0f.fits'], ['mastDownload/HST/u2ouji02t/u2ouji02t_c0f.fits'], ['mastDownload/HST/u2ouji02t/u2ouji02t_c0f.fits'], ['mastDownload/HST/u4770a01r/u4770a01r_c0f.fits'], ['mastDownload/HST/u4770a01r/u4770a01r_c0f.fits'], ['mastDownload/HST/u4770a01r/u4770a01r_c0f.fits'], ['mastDownload/HST/u4770a01r/u4770a01r_c0f.fits'], ['mastDownload/HST/u4770b01r/u4770b01r_c0f.fits'], ['mastDownload/HST/u4770b01r/u4770b01r_c0f.fits'], ['mastDownload/HST/u4770b01r/u4770b01r_c0f.fits'], ['mastDownload/HST/u4770b01r/u4770b01r_c0f.fits'], ['mastDownload/HST/u4770c01r/u4770c01r_c0f.fits'], ['mastDownload/HST/u4770c01r/u4770c01r_c0f.fits'], ['mastDownload/HST/u4770c01r/u4770c01r_c0f.fits'], ['mastDownload/HST/u4770c01r/u4770c01r_c0f.fits'], ['mastDownload/HST/u8l8yi01m/u8l8yi01m_c0f.fits'], ['mastDownload/HST/u8l8yi01m/u8l8yi01m_c0f.fits'], ['mastDownload/HST/u8l8yi01m/u8l8yi01m_c0f.fits'], ['mastDownload/HST/u8l8yi01m/u8l8yi01m_c0f.fits'], ['mastDownload/HST/u8l8yi01m/u8l8yi01m_c0f.fits'], ['mastDownload/HST/u8l8yi01m/u8l8yi01m_c0f.fits'], ['mastDownload/HST/u8l8yi01m/u8l8yi01m_c0f.fits'], ['mastDownload/HST/u8l8yi01m/u8l8yi01m_c0f.fits'], ['mastDownload/HST/u8l8yi01m/u8l8yi01m_c0f.fits'], ['mastDownload/HST/u8l8yi01m/u8l8yi01m_c0f.fits'], ['mastDownload/HST/u8l8yi01m/u8l8yi01m_c0f.fits'], ['mastDownload/HST/u8l8yi01m/u8l8yi01m_c0f.fits'], ['mastDownload/HST/u8l8yi01m/u8l8yi01m_c0f.fits'], ['mastDownload/HST/u8l8yi01m/u8l8yi01m_c0f.fits'], ['mastDownload/HST/u8l8yi01m/u8l8yi01m_c0f.fits'], ['mastDownload/HST/u8l8yi02m/u8l8yi02m_c0f.fits'], ['mastDownload/HST/u8l8yi02m/u8l8yi02m_c0f.fits'], ['mastDownload/HST/u8l8yi02m/u8l8yi02m_c0f.fits'], ['mastDownload/HST/u8l8yi02m/u8l8yi02m_c0f.fits'], ['mastDownload/HST/u8l8yi02m/u8l8yi02m_c0f.fits'], ['mastDownload/HST/u8l8yi02m/u8l8yi02m_c0f.fits'], ['mastDownload/HST/u8l8yi02m/u8l8yi02m_c0f.fits'], ['mastDownload/HST/u8l8yi02m/u8l8yi02m_c0f.fits'], ['mastDownload/HST/u8l8yi02m/u8l8yi02m_c0f.fits'], ['mastDownload/HST/u8l8yi02m/u8l8yi02m_c0f.fits'], ['mastDownload/HST/u8l8yi02m/u8l8yi02m_c0f.fits'], ['mastDownload/HST/u8l8yi02m/u8l8yi02m_c0f.fits'], ['mastDownload/HST/u8l8yi02m/u8l8yi02m_c0f.fits'], ['mastDownload/HST/u8l8yi02m/u8l8yi02m_c0f.fits'], ['mastDownload/HST/u8l8yi02m/u8l8yi02m_c0f.fits'], ['mastDownload/HST/u8u84y01m/u8u84y01m_c0f.fits'], ['mastDownload/HST/u8u84y01m/u8u84y01m_c0f.fits'], ['mastDownload/HST/u8u84y01m/u8u84y01m_c0f.fits'], ['mastDownload/HST/u8u84y01m/u8u84y01m_c0f.fits'], ['mastDownload/HST/u8u84z01m/u8u84z01m_c0f.fits'], ['mastDownload/HST/u8u84z01m/u8u84z01m_c0f.fits'], ['mastDownload/HST/u8u84z01m/u8u84z01m_c0f.fits'], ['mastDownload/HST/u8u84z01m/u8u84z01m_c0f.fits'], ['mastDownload/HST/u8u85001m/u8u85001m_c0f.fits'], ['mastDownload/HST/u8u85001m/u8u85001m_c0f.fits'], ['mastDownload/HST/u8u85001m/u8u85001m_c0f.fits'], ['mastDownload/HST/u8u85001m/u8u85001m_c0f.fits'], ['mastDownload/HST/u8u90p01m/u8u90p01m_c0f.fits'], ['mastDownload/HST/u8u90p01m/u8u90p01m_c0f.fits'], ['mastDownload/HST/u8u90p01m/u8u90p01m_c0f.fits'], ['mastDownload/HST/u8u90p01m/u8u90p01m_c0f.fits'], ['mastDownload/HST/w0uo0u01t/w0uo0u01t_c0f.fits'], ['mastDownload/HST/w0uo0u01t/w0uo0u01t_c0f.fits'], ['mastDownload/HST/w0uo0u02t/w0uo0u02t_c0f.fits'], ['mastDownload/HST/w0uo0u02t/w0uo0u02t_c0f.fits'], ['mastDownload/HST/w0uo0u03t/w0uo0u03t_c0f.fits'], ['mastDownload/HST/w0uo0u03t/w0uo0u03t_c0f.fits'], ['mastDownload/HST/w0yi5i01t/w0yi5i01t_c0f.fits'], ['mastDownload/HST/w0yi5i01t/w0yi5i01t_c0f.fits'], ['mastDownload/HST/w0yj4r01t/w0yj4r01t_c0f.fits'], ['mastDownload/HST/w0yj4r01t/w0yj4r01t_c0f.fits'], ['mastDownload/HST/w16p7t01t/w16p7t01t_c0f.fits'], ['mastDownload/HST/w16p7t01t/w16p7t01t_c0f.fits'], ['mastDownload/HST/w16p7u01t/w16p7u01t_c0f.fits'], ['mastDownload/HST/w16p7u01t/w16p7u01t_c0f.fits'], ['mastDownload/HST/w16p7v01t/w16p7v01t_c0f.fits'], ['mastDownload/HST/w16p7v01t/w16p7v01t_c0f.fits'], ['mastDownload/HST/jcym04dyq/jcym04dyq_flt.fits'], ['mastDownload/HST/jcym04dyq/jcym04dyq_flt.fits'], ['mastDownload/HST/jcym04dyq/jcym04dyq_flt.fits'], ['mastDownload/HST/jcym04dzq/jcym04dzq_flt.fits'], ['mastDownload/HST/jcym04dzq/jcym04dzq_flt.fits'], ['mastDownload/HST/jcym04dzq/jcym04dzq_flt.fits'], ['mastDownload/HST/jcym04e0q/jcym04e0q_flt.fits'], ['mastDownload/HST/jcym04e0q/jcym04e0q_flt.fits'], ['mastDownload/HST/jcym04e0q/jcym04e0q_flt.fits'], ['mastDownload/HST/jcym04e1q/jcym04e1q_flt.fits'], ['mastDownload/HST/jcym04e1q/jcym04e1q_flt.fits'], ['mastDownload/HST/jcym04e1q/jcym04e1q_flt.fits'], ['mastDownload/HST/jcym04e3q/jcym04e3q_flt.fits'], ['mastDownload/HST/jcym04e3q/jcym04e3q_flt.fits'], ['mastDownload/HST/jcym04e3q/jcym04e3q_flt.fits'], ['mastDownload/HST/jcym04e4q/jcym04e4q_flt.fits'], ['mastDownload/HST/jcym04e4q/jcym04e4q_flt.fits'], ['mastDownload/HST/jcym04e4q/jcym04e4q_flt.fits'], ['mastDownload/HST/jcym04e5q/jcym04e5q_flt.fits'], ['mastDownload/HST/jcym04e5q/jcym04e5q_flt.fits'], ['mastDownload/HST/jcym04e5q/jcym04e5q_flt.fits'], ['mastDownload/HST/jcym04e6q/jcym04e6q_flt.fits'], ['mastDownload/HST/jcym04e6q/jcym04e6q_flt.fits'], ['mastDownload/HST/jcym04e6q/jcym04e6q_flt.fits'], ['mastDownload/HST/jcym04e8q/jcym04e8q_flt.fits'], ['mastDownload/HST/jcym04e8q/jcym04e8q_flt.fits'], ['mastDownload/HST/jcym04e8q/jcym04e8q_flt.fits'], ['mastDownload/HST/jdbaakz0q/jdbaakz0q_flc.fits'], ['mastDownload/HST/jdbaakz0q/jdbaakz0q_flc.fits'], ['mastDownload/HST/jdbaakz0q/jdbaakz0q_flc.fits'], ['mastDownload/HST/jdbaakz0q/jdbaakz0q_flc.fits'], ['mastDownload/HST/jdbaakz0q/jdbaakz0q_flc.fits'], ['mastDownload/HST/jdbaakz0q/jdbaakz0q_flc.fits'], ['mastDownload/HST/jdbaakz3q/jdbaakz3q_flc.fits'], ['mastDownload/HST/jdbaakz3q/jdbaakz3q_flc.fits'], ['mastDownload/HST/jdbaakz3q/jdbaakz3q_flc.fits'], ['mastDownload/HST/jdbaakz3q/jdbaakz3q_flc.fits'], ['mastDownload/HST/jdbaakz3q/jdbaakz3q_flc.fits'], ['mastDownload/HST/jdbaakz3q/jdbaakz3q_flc.fits'], ['mastDownload/HST/je9u01vcq/je9u01vcq_flt.fits'], ['mastDownload/HST/je9u01vdq/je9u01vdq_flt.fits'], ['mastDownload/HST/je9ua1vtq/je9ua1vtq_flt.fits'], ['mastDownload/HST/je9u01vhq/je9u01vhq_flt.fits'], ['mastDownload/HST/je9ua1vrq/je9ua1vrq_flt.fits'], ['mastDownload/HST/je9u01vgq/je9u01vgq_flt.fits'], ['mastDownload/HST/je9ua1voq/je9ua1voq_flt.fits'], ['mastDownload/HST/je9u01veq/je9u01veq_flt.fits'], ['mastDownload/HST/je9ua1vpq/je9ua1vpq_flt.fits'], ['mastDownload/HST/je9ua1vqq/je9ua1vqq_flt.fits'], ['mastDownload/HST/jeym28c6q/jeym28c6q_flt.fits'], ['mastDownload/HST/jeym28c6q/jeym28c6q_flt.fits'], ['mastDownload/HST/jeym28c6q/jeym28c6q_flt.fits'], ['mastDownload/HST/jeym28c1q/jeym28c1q_flt.fits'], ['mastDownload/HST/jeym28c1q/jeym28c1q_flt.fits'], ['mastDownload/HST/jeym28c1q/jeym28c1q_flt.fits'], ['mastDownload/HST/jeym28c7q/jeym28c7q_flt.fits'], ['mastDownload/HST/jeym28c7q/jeym28c7q_flt.fits'], ['mastDownload/HST/jeym28c7q/jeym28c7q_flt.fits'], ['mastDownload/HST/jeym28ceq/jeym28ceq_flt.fits'], ['mastDownload/HST/jeym28ceq/jeym28ceq_flt.fits'], ['mastDownload/HST/jeym28ceq/jeym28ceq_flt.fits'], ['mastDownload/HST/jeym28cjq/jeym28cjq_flt.fits'], ['mastDownload/HST/jeym28cjq/jeym28cjq_flt.fits'], ['mastDownload/HST/jeym28cjq/jeym28cjq_flt.fits'], ['mastDownload/HST/jeym28ckq/jeym28ckq_flt.fits'], ['mastDownload/HST/jeym28ckq/jeym28ckq_flt.fits'], ['mastDownload/HST/jeym28ckq/jeym28ckq_flt.fits'], ['mastDownload/HST/jeym28c0q/jeym28c0q_flt.fits'], ['mastDownload/HST/jeym28c0q/jeym28c0q_flt.fits'], ['mastDownload/HST/jeym28c0q/jeym28c0q_flt.fits'], ['mastDownload/HST/jeym28cdq/jeym28cdq_flt.fits'], ['mastDownload/HST/jeym28cdq/jeym28cdq_flt.fits'], ['mastDownload/HST/jeym28cdq/jeym28cdq_flt.fits'], ['mastDownload/HST/jeym28c3q/jeym28c3q_flt.fits'], ['mastDownload/HST/jeym28c3q/jeym28c3q_flt.fits'], ['mastDownload/HST/jeym28c3q/jeym28c3q_flt.fits'], ['mastDownload/HST/jeym28cnq/jeym28cnq_flt.fits'], ['mastDownload/HST/jeym28cnq/jeym28cnq_flt.fits'], ['mastDownload/HST/jeym28cnq/jeym28cnq_flt.fits'], ['mastDownload/HST/jeym28c4q/jeym28c4q_flt.fits'], ['mastDownload/HST/jeym28c4q/jeym28c4q_flt.fits'], ['mastDownload/HST/jeym28c4q/jeym28c4q_flt.fits'], ['mastDownload/HST/jeym28clq/jeym28clq_flt.fits'], ['mastDownload/HST/jeym28clq/jeym28clq_flt.fits'], ['mastDownload/HST/jeym28clq/jeym28clq_flt.fits'], ['mastDownload/HST/jeym28c9q/jeym28c9q_flt.fits'], ['mastDownload/HST/jeym28c9q/jeym28c9q_flt.fits'], ['mastDownload/HST/jeym28c9q/jeym28c9q_flt.fits'], ['mastDownload/HST/jeym28cfq/jeym28cfq_flt.fits'], ['mastDownload/HST/jeym28cfq/jeym28cfq_flt.fits'], ['mastDownload/HST/jeym28cfq/jeym28cfq_flt.fits'], ['mastDownload/HST/jeym28ciq/jeym28ciq_flt.fits'], ['mastDownload/HST/jeym28ciq/jeym28ciq_flt.fits'], ['mastDownload/HST/jeym28ciq/jeym28ciq_flt.fits'], ['mastDownload/HST/jeym28c5q/jeym28c5q_flt.fits'], ['mastDownload/HST/jeym28c5q/jeym28c5q_flt.fits'], ['mastDownload/HST/jeym28c5q/jeym28c5q_flt.fits'], ['mastDownload/HST/jeym28cmq/jeym28cmq_flt.fits'], ['mastDownload/HST/jeym28cmq/jeym28cmq_flt.fits'], ['mastDownload/HST/jeym28cmq/jeym28cmq_flt.fits'], ['mastDownload/HST/jeym28cgq/jeym28cgq_flt.fits'], ['mastDownload/HST/jeym28cgq/jeym28cgq_flt.fits'], ['mastDownload/HST/jeym28cgq/jeym28cgq_flt.fits'], ['mastDownload/HST/jeym28chq/jeym28chq_flt.fits'], ['mastDownload/HST/jeym28chq/jeym28chq_flt.fits'], ['mastDownload/HST/jeym28chq/jeym28chq_flt.fits'], ['mastDownload/HST/jeym28c2q/jeym28c2q_flt.fits'], ['mastDownload/HST/jeym28c2q/jeym28c2q_flt.fits'], ['mastDownload/HST/jeym28c2q/jeym28c2q_flt.fits'], ['mastDownload/HST/jeym28c8q/jeym28c8q_flt.fits'], ['mastDownload/HST/jeym28c8q/jeym28c8q_flt.fits'], ['mastDownload/HST/jeym28c8q/jeym28c8q_flt.fits'], ['mastDownload/HST/jeym28cbq/jeym28cbq_flt.fits'], ['mastDownload/HST/jeym28cbq/jeym28cbq_flt.fits'], ['mastDownload/HST/jeym28cbq/jeym28cbq_flt.fits'], ['mastDownload/HST/jeym28caq/jeym28caq_flt.fits'], ['mastDownload/HST/jeym28caq/jeym28caq_flt.fits'], ['mastDownload/HST/jeym28caq/jeym28caq_flt.fits'], ['mastDownload/HST/jeym28coq/jeym28coq_flt.fits'], ['mastDownload/HST/jeym28coq/jeym28coq_flt.fits'], ['mastDownload/HST/jeym28coq/jeym28coq_flt.fits'], ['mastDownload/HST/jeym62ndq/jeym62ndq_flt.fits'], ['mastDownload/HST/jeym62ndq/jeym62ndq_flt.fits'], ['mastDownload/HST/jeym62ndq/jeym62ndq_flt.fits'], ['mastDownload/HST/jeym62ncq/jeym62ncq_flt.fits'], ['mastDownload/HST/jeym62ncq/jeym62ncq_flt.fits'], ['mastDownload/HST/jeym62ncq/jeym62ncq_flt.fits'], ['mastDownload/HST/jeym62nkq/jeym62nkq_flt.fits'], ['mastDownload/HST/jeym62nkq/jeym62nkq_flt.fits'], ['mastDownload/HST/jeym62nkq/jeym62nkq_flt.fits'], ['mastDownload/HST/jeym62njq/jeym62njq_flt.fits'], ['mastDownload/HST/jeym62njq/jeym62njq_flt.fits'], ['mastDownload/HST/jeym62njq/jeym62njq_flt.fits'], ['mastDownload/HST/jeym62neq/jeym62neq_flt.fits'], ['mastDownload/HST/jeym62neq/jeym62neq_flt.fits'], ['mastDownload/HST/jeym62neq/jeym62neq_flt.fits'], ['mastDownload/HST/jeym62nbq/jeym62nbq_flt.fits'], ['mastDownload/HST/jeym62nbq/jeym62nbq_flt.fits'], ['mastDownload/HST/jeym62nbq/jeym62nbq_flt.fits'], ['mastDownload/HST/jeym62npq/jeym62npq_flt.fits'], ['mastDownload/HST/jeym62npq/jeym62npq_flt.fits'], ['mastDownload/HST/jeym62npq/jeym62npq_flt.fits'], ['mastDownload/HST/jeym62ntq/jeym62ntq_flt.fits'], ['mastDownload/HST/jeym62ntq/jeym62ntq_flt.fits'], ['mastDownload/HST/jeym62ntq/jeym62ntq_flt.fits'], ['mastDownload/HST/jeym62nhq/jeym62nhq_flt.fits'], ['mastDownload/HST/jeym62nhq/jeym62nhq_flt.fits'], ['mastDownload/HST/jeym62nhq/jeym62nhq_flt.fits'], ['mastDownload/HST/jeym62ngq/jeym62ngq_flt.fits'], ['mastDownload/HST/jeym62ngq/jeym62ngq_flt.fits'], ['mastDownload/HST/jeym62ngq/jeym62ngq_flt.fits'], ['mastDownload/HST/jeym62nfq/jeym62nfq_flt.fits'], ['mastDownload/HST/jeym62nfq/jeym62nfq_flt.fits'], ['mastDownload/HST/jeym62nfq/jeym62nfq_flt.fits'], ['mastDownload/HST/jeym62n6q/jeym62n6q_flt.fits'], ['mastDownload/HST/jeym62n6q/jeym62n6q_flt.fits'], ['mastDownload/HST/jeym62n6q/jeym62n6q_flt.fits'], ['mastDownload/HST/jeym62noq/jeym62noq_flt.fits'], ['mastDownload/HST/jeym62noq/jeym62noq_flt.fits'], ['mastDownload/HST/jeym62noq/jeym62noq_flt.fits'], ['mastDownload/HST/jeym62nlq/jeym62nlq_flt.fits'], ['mastDownload/HST/jeym62nlq/jeym62nlq_flt.fits'], ['mastDownload/HST/jeym62nlq/jeym62nlq_flt.fits'], ['mastDownload/HST/jeym62nrq/jeym62nrq_flt.fits'], ['mastDownload/HST/jeym62nrq/jeym62nrq_flt.fits'], ['mastDownload/HST/jeym62nrq/jeym62nrq_flt.fits'], ['mastDownload/HST/jeym62nmq/jeym62nmq_flt.fits'], ['mastDownload/HST/jeym62nmq/jeym62nmq_flt.fits'], ['mastDownload/HST/jeym62nmq/jeym62nmq_flt.fits'], ['mastDownload/HST/jeym62n7q/jeym62n7q_flt.fits'], ['mastDownload/HST/jeym62n7q/jeym62n7q_flt.fits'], ['mastDownload/HST/jeym62n7q/jeym62n7q_flt.fits'], ['mastDownload/HST/jeym62nnq/jeym62nnq_flt.fits'], ['mastDownload/HST/jeym62nnq/jeym62nnq_flt.fits'], ['mastDownload/HST/jeym62nnq/jeym62nnq_flt.fits'], ['mastDownload/HST/jeym62nuq/jeym62nuq_flt.fits'], ['mastDownload/HST/jeym62nuq/jeym62nuq_flt.fits'], ['mastDownload/HST/jeym62nuq/jeym62nuq_flt.fits'], ['mastDownload/HST/jeym62n9q/jeym62n9q_flt.fits'], ['mastDownload/HST/jeym62n9q/jeym62n9q_flt.fits'], ['mastDownload/HST/jeym62n9q/jeym62n9q_flt.fits'], ['mastDownload/HST/jeym62nsq/jeym62nsq_flt.fits'], ['mastDownload/HST/jeym62nsq/jeym62nsq_flt.fits'], ['mastDownload/HST/jeym62nsq/jeym62nsq_flt.fits'], ['mastDownload/HST/jeym62nqq/jeym62nqq_flt.fits'], ['mastDownload/HST/jeym62nqq/jeym62nqq_flt.fits'], ['mastDownload/HST/jeym62nqq/jeym62nqq_flt.fits'], ['mastDownload/HST/jeym62n8q/jeym62n8q_flt.fits'], ['mastDownload/HST/jeym62n8q/jeym62n8q_flt.fits'], ['mastDownload/HST/jeym62n8q/jeym62n8q_flt.fits'], ['mastDownload/HST/jeym62naq/jeym62naq_flt.fits'], ['mastDownload/HST/jeym62naq/jeym62naq_flt.fits'], ['mastDownload/HST/jeym62naq/jeym62naq_flt.fits'], ['mastDownload/HST/jeym09e6q/jeym09e6q_flt.fits'], ['mastDownload/HST/jeym09e6q/jeym09e6q_flt.fits'], ['mastDownload/HST/jeym09e6q/jeym09e6q_flt.fits'], ['mastDownload/HST/jeym09e0q/jeym09e0q_flt.fits'], ['mastDownload/HST/jeym09e0q/jeym09e0q_flt.fits'], ['mastDownload/HST/jeym09e0q/jeym09e0q_flt.fits'], ['mastDownload/HST/jeym09dmq/jeym09dmq_flt.fits'], ['mastDownload/HST/jeym09dmq/jeym09dmq_flt.fits'], ['mastDownload/HST/jeym09dmq/jeym09dmq_flt.fits'], ['mastDownload/HST/jeym09dqq/jeym09dqq_flt.fits'], ['mastDownload/HST/jeym09dqq/jeym09dqq_flt.fits'], ['mastDownload/HST/jeym09dqq/jeym09dqq_flt.fits'], ['mastDownload/HST/jeym09dnq/jeym09dnq_flt.fits'], ['mastDownload/HST/jeym09dnq/jeym09dnq_flt.fits'], ['mastDownload/HST/jeym09dnq/jeym09dnq_flt.fits'], ['mastDownload/HST/jeym09dvq/jeym09dvq_flt.fits'], ['mastDownload/HST/jeym09dvq/jeym09dvq_flt.fits'], ['mastDownload/HST/jeym09dvq/jeym09dvq_flt.fits'], ['mastDownload/HST/jeym09e2q/jeym09e2q_flt.fits'], ['mastDownload/HST/jeym09e2q/jeym09e2q_flt.fits'], ['mastDownload/HST/jeym09e2q/jeym09e2q_flt.fits'], ['mastDownload/HST/jeym09doq/jeym09doq_flt.fits'], ['mastDownload/HST/jeym09doq/jeym09doq_flt.fits'], ['mastDownload/HST/jeym09doq/jeym09doq_flt.fits'], ['mastDownload/HST/jeym09dsq/jeym09dsq_flt.fits'], ['mastDownload/HST/jeym09dsq/jeym09dsq_flt.fits'], ['mastDownload/HST/jeym09dsq/jeym09dsq_flt.fits'], ['mastDownload/HST/jeym09e1q/jeym09e1q_flt.fits'], ['mastDownload/HST/jeym09e1q/jeym09e1q_flt.fits'], ['mastDownload/HST/jeym09e1q/jeym09e1q_flt.fits'], ['mastDownload/HST/jeym09duq/jeym09duq_flt.fits'], ['mastDownload/HST/jeym09duq/jeym09duq_flt.fits'], ['mastDownload/HST/jeym09duq/jeym09duq_flt.fits'], ['mastDownload/HST/jeym09dpq/jeym09dpq_flt.fits'], ['mastDownload/HST/jeym09dpq/jeym09dpq_flt.fits'], ['mastDownload/HST/jeym09dpq/jeym09dpq_flt.fits'], ['mastDownload/HST/jeym09drq/jeym09drq_flt.fits'], ['mastDownload/HST/jeym09drq/jeym09drq_flt.fits'], ['mastDownload/HST/jeym09drq/jeym09drq_flt.fits'], ['mastDownload/HST/jeym09dwq/jeym09dwq_flt.fits'], ['mastDownload/HST/jeym09dwq/jeym09dwq_flt.fits'], ['mastDownload/HST/jeym09dwq/jeym09dwq_flt.fits'], ['mastDownload/HST/jeym09dxq/jeym09dxq_flt.fits'], ['mastDownload/HST/jeym09dxq/jeym09dxq_flt.fits'], ['mastDownload/HST/jeym09dxq/jeym09dxq_flt.fits'], ['mastDownload/HST/jeym09e3q/jeym09e3q_flt.fits'], ['mastDownload/HST/jeym09e3q/jeym09e3q_flt.fits'], ['mastDownload/HST/jeym09e3q/jeym09e3q_flt.fits'], ['mastDownload/HST/jeym09e5q/jeym09e5q_flt.fits'], ['mastDownload/HST/jeym09e5q/jeym09e5q_flt.fits'], ['mastDownload/HST/jeym09e5q/jeym09e5q_flt.fits'], ['mastDownload/HST/jeym09dtq/jeym09dtq_flt.fits'], ['mastDownload/HST/jeym09dtq/jeym09dtq_flt.fits'], ['mastDownload/HST/jeym09dtq/jeym09dtq_flt.fits'], ['mastDownload/HST/jeym09e4q/jeym09e4q_flt.fits'], ['mastDownload/HST/jeym09e4q/jeym09e4q_flt.fits'], ['mastDownload/HST/jeym09e4q/jeym09e4q_flt.fits'], ['mastDownload/HST/jeym09dzq/jeym09dzq_flt.fits'], ['mastDownload/HST/jeym09dzq/jeym09dzq_flt.fits'], ['mastDownload/HST/jeym09dzq/jeym09dzq_flt.fits'], ['mastDownload/HST/jeym09e8q/jeym09e8q_flt.fits'], ['mastDownload/HST/jeym09e8q/jeym09e8q_flt.fits'], ['mastDownload/HST/jeym09e8q/jeym09e8q_flt.fits'], ['mastDownload/HST/jeym09eaq/jeym09eaq_flt.fits'], ['mastDownload/HST/jeym09eaq/jeym09eaq_flt.fits'], ['mastDownload/HST/jeym09eaq/jeym09eaq_flt.fits'], ['mastDownload/HST/jeym09e9q/jeym09e9q_flt.fits'], ['mastDownload/HST/jeym09e9q/jeym09e9q_flt.fits'], ['mastDownload/HST/jeym09e9q/jeym09e9q_flt.fits'], ['mastDownload/HST/jeym09e7q/jeym09e7q_flt.fits'], ['mastDownload/HST/jeym09e7q/jeym09e7q_flt.fits'], ['mastDownload/HST/jeym09e7q/jeym09e7q_flt.fits'], ['mastDownload/HST/jeym43a8q/jeym43a8q_flt.fits'], ['mastDownload/HST/jeym43a8q/jeym43a8q_flt.fits'], ['mastDownload/HST/jeym43a8q/jeym43a8q_flt.fits'], ['mastDownload/HST/jeym43a6q/jeym43a6q_flt.fits'], ['mastDownload/HST/jeym43a6q/jeym43a6q_flt.fits'], ['mastDownload/HST/jeym43a6q/jeym43a6q_flt.fits'], ['mastDownload/HST/jeym43a4q/jeym43a4q_flt.fits'], ['mastDownload/HST/jeym43a4q/jeym43a4q_flt.fits'], ['mastDownload/HST/jeym43a4q/jeym43a4q_flt.fits'], ['mastDownload/HST/jeym43a5q/jeym43a5q_flt.fits'], ['mastDownload/HST/jeym43a5q/jeym43a5q_flt.fits'], ['mastDownload/HST/jeym43a5q/jeym43a5q_flt.fits'], ['mastDownload/HST/jeym43ajq/jeym43ajq_flt.fits'], ['mastDownload/HST/jeym43ajq/jeym43ajq_flt.fits'], ['mastDownload/HST/jeym43ajq/jeym43ajq_flt.fits'], ['mastDownload/HST/jeym43acq/jeym43acq_flt.fits'], ['mastDownload/HST/jeym43acq/jeym43acq_flt.fits'], ['mastDownload/HST/jeym43acq/jeym43acq_flt.fits'], ['mastDownload/HST/jeym43a3q/jeym43a3q_flt.fits'], ['mastDownload/HST/jeym43a3q/jeym43a3q_flt.fits'], ['mastDownload/HST/jeym43a3q/jeym43a3q_flt.fits'], ['mastDownload/HST/jeym43a1q/jeym43a1q_flt.fits'], ['mastDownload/HST/jeym43a1q/jeym43a1q_flt.fits'], ['mastDownload/HST/jeym43a1q/jeym43a1q_flt.fits'], ['mastDownload/HST/jeym43a7q/jeym43a7q_flt.fits'], ['mastDownload/HST/jeym43a7q/jeym43a7q_flt.fits'], ['mastDownload/HST/jeym43a7q/jeym43a7q_flt.fits'], ['mastDownload/HST/jeym43aiq/jeym43aiq_flt.fits'], ['mastDownload/HST/jeym43aiq/jeym43aiq_flt.fits'], ['mastDownload/HST/jeym43aiq/jeym43aiq_flt.fits'], ['mastDownload/HST/jeym43abq/jeym43abq_flt.fits'], ['mastDownload/HST/jeym43abq/jeym43abq_flt.fits'], ['mastDownload/HST/jeym43abq/jeym43abq_flt.fits'], ['mastDownload/HST/jeym43a9q/jeym43a9q_flt.fits'], ['mastDownload/HST/jeym43a9q/jeym43a9q_flt.fits'], ['mastDownload/HST/jeym43a9q/jeym43a9q_flt.fits'], ['mastDownload/HST/jeym43a2q/jeym43a2q_flt.fits'], ['mastDownload/HST/jeym43a2q/jeym43a2q_flt.fits'], ['mastDownload/HST/jeym43a2q/jeym43a2q_flt.fits'], ['mastDownload/HST/jeym43aaq/jeym43aaq_flt.fits'], ['mastDownload/HST/jeym43aaq/jeym43aaq_flt.fits'], ['mastDownload/HST/jeym43aaq/jeym43aaq_flt.fits'], ['mastDownload/HST/jeym43akq/jeym43akq_flt.fits'], ['mastDownload/HST/jeym43akq/jeym43akq_flt.fits'], ['mastDownload/HST/jeym43akq/jeym43akq_flt.fits'], ['mastDownload/HST/jeym43amq/jeym43amq_flt.fits'], ['mastDownload/HST/jeym43amq/jeym43amq_flt.fits'], ['mastDownload/HST/jeym43amq/jeym43amq_flt.fits'], ['mastDownload/HST/jeym43alq/jeym43alq_flt.fits'], ['mastDownload/HST/jeym43alq/jeym43alq_flt.fits'], ['mastDownload/HST/jeym43alq/jeym43alq_flt.fits'], ['mastDownload/HST/jeym43anq/jeym43anq_flt.fits'], ['mastDownload/HST/jeym43anq/jeym43anq_flt.fits'], ['mastDownload/HST/jeym43anq/jeym43anq_flt.fits'], ['mastDownload/HST/jeym43apq/jeym43apq_flt.fits'], ['mastDownload/HST/jeym43apq/jeym43apq_flt.fits'], ['mastDownload/HST/jeym43apq/jeym43apq_flt.fits'], ['mastDownload/HST/jeym43aoq/jeym43aoq_flt.fits'], ['mastDownload/HST/jeym43aoq/jeym43aoq_flt.fits'], ['mastDownload/HST/jeym43aoq/jeym43aoq_flt.fits'], ['mastDownload/HST/jeym43arq/jeym43arq_flt.fits'], ['mastDownload/HST/jeym43arq/jeym43arq_flt.fits'], ['mastDownload/HST/jeym43arq/jeym43arq_flt.fits'], ['mastDownload/HST/jeym43aqq/jeym43aqq_flt.fits'], ['mastDownload/HST/jeym43aqq/jeym43aqq_flt.fits'], ['mastDownload/HST/jeym43aqq/jeym43aqq_flt.fits'], ['mastDownload/HST/jeym43asq/jeym43asq_flt.fits'], ['mastDownload/HST/jeym43asq/jeym43asq_flt.fits'], ['mastDownload/HST/jeym43asq/jeym43asq_flt.fits'], ['mastDownload/HST/jeym43atq/jeym43atq_flt.fits'], ['mastDownload/HST/jeym43atq/jeym43atq_flt.fits'], ['mastDownload/HST/jeym43atq/jeym43atq_flt.fits'], ['mastDownload/HST/jeym73guq/jeym73guq_flt.fits'], ['mastDownload/HST/jeym73guq/jeym73guq_flt.fits'], ['mastDownload/HST/jeym73guq/jeym73guq_flt.fits'], ['mastDownload/HST/jeym73hdq/jeym73hdq_flt.fits'], ['mastDownload/HST/jeym73hdq/jeym73hdq_flt.fits'], ['mastDownload/HST/jeym73hdq/jeym73hdq_flt.fits'], ['mastDownload/HST/jeym73h6q/jeym73h6q_flt.fits'], ['mastDownload/HST/jeym73h6q/jeym73h6q_flt.fits'], ['mastDownload/HST/jeym73h6q/jeym73h6q_flt.fits'], ['mastDownload/HST/jeym73h7q/jeym73h7q_flt.fits'], ['mastDownload/HST/jeym73h7q/jeym73h7q_flt.fits'], ['mastDownload/HST/jeym73h7q/jeym73h7q_flt.fits'], ['mastDownload/HST/jeym73gzq/jeym73gzq_flt.fits'], ['mastDownload/HST/jeym73gzq/jeym73gzq_flt.fits'], ['mastDownload/HST/jeym73gzq/jeym73gzq_flt.fits'], ['mastDownload/HST/jeym73h0q/jeym73h0q_flt.fits'], ['mastDownload/HST/jeym73h0q/jeym73h0q_flt.fits'], ['mastDownload/HST/jeym73h0q/jeym73h0q_flt.fits'], ['mastDownload/HST/jeym73gtq/jeym73gtq_flt.fits'], ['mastDownload/HST/jeym73gtq/jeym73gtq_flt.fits'], ['mastDownload/HST/jeym73gtq/jeym73gtq_flt.fits'], ['mastDownload/HST/jeym73hcq/jeym73hcq_flt.fits'], ['mastDownload/HST/jeym73hcq/jeym73hcq_flt.fits'], ['mastDownload/HST/jeym73hcq/jeym73hcq_flt.fits'], ['mastDownload/HST/jeym73gwq/jeym73gwq_flt.fits'], ['mastDownload/HST/jeym73gwq/jeym73gwq_flt.fits'], ['mastDownload/HST/jeym73gwq/jeym73gwq_flt.fits'], ['mastDownload/HST/jeym73h1q/jeym73h1q_flt.fits'], ['mastDownload/HST/jeym73h1q/jeym73h1q_flt.fits'], ['mastDownload/HST/jeym73h1q/jeym73h1q_flt.fits'], ['mastDownload/HST/jeym73h8q/jeym73h8q_flt.fits'], ['mastDownload/HST/jeym73h8q/jeym73h8q_flt.fits'], ['mastDownload/HST/jeym73h8q/jeym73h8q_flt.fits'], ['mastDownload/HST/jeym73h9q/jeym73h9q_flt.fits'], ['mastDownload/HST/jeym73h9q/jeym73h9q_flt.fits'], ['mastDownload/HST/jeym73h9q/jeym73h9q_flt.fits'], ['mastDownload/HST/jeym73h3q/jeym73h3q_flt.fits'], ['mastDownload/HST/jeym73h3q/jeym73h3q_flt.fits'], ['mastDownload/HST/jeym73h3q/jeym73h3q_flt.fits'], ['mastDownload/HST/jeym73h4q/jeym73h4q_flt.fits'], ['mastDownload/HST/jeym73h4q/jeym73h4q_flt.fits'], ['mastDownload/HST/jeym73h4q/jeym73h4q_flt.fits'], ['mastDownload/HST/jeym73hbq/jeym73hbq_flt.fits'], ['mastDownload/HST/jeym73hbq/jeym73hbq_flt.fits'], ['mastDownload/HST/jeym73hbq/jeym73hbq_flt.fits'], ['mastDownload/HST/jeym73heq/jeym73heq_flt.fits'], ['mastDownload/HST/jeym73heq/jeym73heq_flt.fits'], ['mastDownload/HST/jeym73heq/jeym73heq_flt.fits'], ['mastDownload/HST/jeym73haq/jeym73haq_flt.fits'], ['mastDownload/HST/jeym73haq/jeym73haq_flt.fits'], ['mastDownload/HST/jeym73haq/jeym73haq_flt.fits'], ['mastDownload/HST/jeym73hgq/jeym73hgq_flt.fits'], ['mastDownload/HST/jeym73hgq/jeym73hgq_flt.fits'], ['mastDownload/HST/jeym73hgq/jeym73hgq_flt.fits'], ['mastDownload/HST/jeym73hfq/jeym73hfq_flt.fits'], ['mastDownload/HST/jeym73hfq/jeym73hfq_flt.fits'], ['mastDownload/HST/jeym73hfq/jeym73hfq_flt.fits'], ['mastDownload/HST/jeym73gyq/jeym73gyq_flt.fits'], ['mastDownload/HST/jeym73gyq/jeym73gyq_flt.fits'], ['mastDownload/HST/jeym73gyq/jeym73gyq_flt.fits'], ['mastDownload/HST/jeym73h2q/jeym73h2q_flt.fits'], ['mastDownload/HST/jeym73h2q/jeym73h2q_flt.fits'], ['mastDownload/HST/jeym73h2q/jeym73h2q_flt.fits'], ['mastDownload/HST/jeym73hhq/jeym73hhq_flt.fits'], ['mastDownload/HST/jeym73hhq/jeym73hhq_flt.fits'], ['mastDownload/HST/jeym73hhq/jeym73hhq_flt.fits'], ['mastDownload/HST/jeym73gxq/jeym73gxq_flt.fits'], ['mastDownload/HST/jeym73gxq/jeym73gxq_flt.fits'], ['mastDownload/HST/jeym73gxq/jeym73gxq_flt.fits'], ['mastDownload/HST/jeym73gvq/jeym73gvq_flt.fits'], ['mastDownload/HST/jeym73gvq/jeym73gvq_flt.fits'], ['mastDownload/HST/jeym73gvq/jeym73gvq_flt.fits']]"
4,* alf Car,95.98795783,-52.69566138,-0.74," obsID   obs_collection dataproduct_type   obs_id  ...    size   parent_obsid dataRights calib_level
-------- -------------- ---------------- --------- ... --------- ------------ ---------- -----------
24570642            HST            image u33j2901t ...  10307520     24570642     PUBLIC           2
24570642            HST            image u33j2901t ...  10307520    207108093     PUBLIC           2
24570642            HST            image u33j2901t ...  10307520    207109897     PUBLIC           2
24570642            HST            image u33j2901t ...   5178240     24570642     PUBLIC           2
24570642            HST            image u33j2901t ...   5178240    207108093     PUBLIC           2
24570642            HST            image u33j2901t ...   5178240    207109897     PUBLIC           2
24570642            HST            image u33j2901t ...  10307520     24570642     PUBLIC           2
24570642            HST            image u33j2901t ...  10307520    207108093     PUBLIC           2
24570642            HST            image u33j2901t ...  10307520    207109897     PUBLIC           2
24570642            HST            image u33j2901t ...   5184000     24570642     PUBLIC           2
24570642            HST            image u33j2901t ...   5184000    207108093     PUBLIC           2
24570642            HST            image u33j2901t ...   5184000    207109897     PUBLIC           2
24570642            HST            image u33j2901t ...  25920000     24570642     PUBLIC           2
24570642            HST            image u33j2901t ...  25920000    207108093     PUBLIC           2
24570642            HST            image u33j2901t ...  25920000    207109897     PUBLIC           2
24570643            HST            image u33j2902t ...  10307520     24570643     PUBLIC           2
24570643            HST            image u33j2902t ...  10307520    207108093     PUBLIC           2
     ...            ...              ...       ... ...       ...          ...        ...         ...
24659621            HST            image u6kexx02m ...   5184000    207694862     PUBLIC           2
24659621            HST            image u6kexx02m ...   5184000    207694872     PUBLIC           2
24659621            HST            image u6kexx02m ...  25882560     24659621     PUBLIC           2
24659621            HST            image u6kexx02m ...  25882560    207694862     PUBLIC           2
24659621            HST            image u6kexx02m ...  25882560    207694872     PUBLIC           2
26131580            HST            image jdrz4zkgq ... 168330240     26131670     PUBLIC           2
26131580            HST            image jdrz4zkgq ... 168330240     26491173     PUBLIC           2
26131580            HST            image jdrz4zkgq ... 168330240     26491177     PUBLIC           2
26131580            HST            image jdrz4zkgq ... 168442560     26131670     PUBLIC           2
26131580            HST            image jdrz4zkgq ... 168442560     26491173     PUBLIC           2
26131580            HST            image jdrz4zkgq ... 168442560     26491177     PUBLIC           2
26131581            HST            image jdrz4zkhq ... 168330240     26131670     PUBLIC           2
26131581            HST            image jdrz4zkhq ... 168330240     26491173     PUBLIC           2
26131581            HST            image jdrz4zkhq ... 168330240     26491177     PUBLIC           2
26131581            HST            image jdrz4zkhq ... 168442560     26131670     PUBLIC           2
26131581            HST            image jdrz4zkhq ... 168442560     26491173     PUBLIC           2
26131581            HST            image jdrz4zkhq ... 168442560     26491177     PUBLIC           2
Length = 854 rows",854,"[['mastDownload/HST/u33j2901t/u33j2901t_c0f.fits'], ['mastDownload/HST/u33j2901t/u33j2901t_c0f.fits'], ['mastDownload/HST/u33j2901t/u33j2901t_c0f.fits'], ['mastDownload/HST/u33j2901t/u33j2901t_c0f.fits'], ['mastDownload/HST/u33j2901t/u33j2901t_c0f.fits'], ['mastDownload/HST/u33j2901t/u33j2901t_c0f.fits'], ['mastDownload/HST/u33j2901t/u33j2901t_c0f.fits'], ['mastDownload/HST/u33j2901t/u33j2901t_c0f.fits'], ['mastDownload/HST/u33j2901t/u33j2901t_c0f.fits'], ['mastDownload/HST/u33j2901t/u33j2901t_c0f.fits'], ['mastDownload/HST/u33j2901t/u33j2901t_c0f.fits'], ['mastDownload/HST/u33j2901t/u33j2901t_c0f.fits'], ['mastDownload/HST/u33j2901t/u33j2901t_c0f.fits'], ['mastDownload/HST/u33j2901t/u33j2901t_c0f.fits'], ['mastDownload/HST/u33j2901t/u33j2901t_c0f.fits'], ['mastDownload/HST/u33j2902t/u33j2902t_c0f.fits'], ['mastDownload/HST/u33j2902t/u33j2902t_c0f.fits'], ['mastDownload/HST/u33j2902t/u33j2902t_c0f.fits'], ['mastDownload/HST/u33j2902t/u33j2902t_c0f.fits'], ['mastDownload/HST/u33j2902t/u33j2902t_c0f.fits'], ['mastDownload/HST/u33j2902t/u33j2902t_c0f.fits'], ['mastDownload/HST/u33j2902t/u33j2902t_c0f.fits'], ['mastDownload/HST/u33j2902t/u33j2902t_c0f.fits'], ['mastDownload/HST/u33j2902t/u33j2902t_c0f.fits'], ['mastDownload/HST/u33j2902t/u33j2902t_c0f.fits'], ['mastDownload/HST/u33j2902t/u33j2902t_c0f.fits'], ['mastDownload/HST/u33j2902t/u33j2902t_c0f.fits'], ['mastDownload/HST/u33j2902t/u33j2902t_c0f.fits'], ['mastDownload/HST/u33j2902t/u33j2902t_c0f.fits'], ['mastDownload/HST/u33j2902t/u33j2902t_c0f.fits'], ['mastDownload/HST/u33j2903t/u33j2903t_c0f.fits'], ['mastDownload/HST/u33j2903t/u33j2903t_c0f.fits'], ['mastDownload/HST/u33j2903t/u33j2903t_c0f.fits'], ['mastDownload/HST/u33j2903t/u33j2903t_c0f.fits'], ['mastDownload/HST/u33j2903t/u33j2903t_c0f.fits'], ['mastDownload/HST/u33j2903t/u33j2903t_c0f.fits'], ['mastDownload/HST/u33j2903t/u33j2903t_c0f.fits'], ['mastDownload/HST/u33j2903t/u33j2903t_c0f.fits'], ['mastDownload/HST/u33j2903t/u33j2903t_c0f.fits'], ['mastDownload/HST/u33j2903t/u33j2903t_c0f.fits'], ['mastDownload/HST/u33j2903t/u33j2903t_c0f.fits'], ['mastDownload/HST/u33j2903t/u33j2903t_c0f.fits'], ['mastDownload/HST/u33j2903t/u33j2903t_c0f.fits'], ['mastDownload/HST/u33j2903t/u33j2903t_c0f.fits'], ['mastDownload/HST/u33j2903t/u33j2903t_c0f.fits'], ['mastDownload/HST/u3698701r/u3698701r_c0f.fits'], ['mastDownload/HST/u3698701r/u3698701r_c0f.fits'], ['mastDownload/HST/u3698701r/u3698701r_c0f.fits'], ['mastDownload/HST/u3698701r/u3698701r_c0f.fits'], ['mastDownload/HST/u3698701r/u3698701r_c0f.fits'], ['mastDownload/HST/u3698701r/u3698701r_c0f.fits'], ['mastDownload/HST/u3698701r/u3698701r_c0f.fits'], ['mastDownload/HST/u3698701r/u3698701r_c0f.fits'], ['mastDownload/HST/u3698701r/u3698701r_c0f.fits'], ['mastDownload/HST/u3698701r/u3698701r_c0f.fits'], ['mastDownload/HST/u3698701r/u3698701r_c0f.fits'], ['mastDownload/HST/u3698701r/u3698701r_c0f.fits'], ['mastDownload/HST/u3698701r/u3698701r_c0f.fits'], ['mastDownload/HST/u3698701r/u3698701r_c0f.fits'], ['mastDownload/HST/u3698701r/u3698701r_c0f.fits'], ['mastDownload/HST/u3698702r/u3698702r_c0f.fits'], ['mastDownload/HST/u3698702r/u3698702r_c0f.fits'], ['mastDownload/HST/u3698702r/u3698702r_c0f.fits'], ['mastDownload/HST/u3698702r/u3698702r_c0f.fits'], ['mastDownload/HST/u3698702r/u3698702r_c0f.fits'], ['mastDownload/HST/u3698702r/u3698702r_c0f.fits'], ['mastDownload/HST/u3698702r/u3698702r_c0f.fits'], ['mastDownload/HST/u3698702r/u3698702r_c0f.fits'], ['mastDownload/HST/u3698702r/u3698702r_c0f.fits'], ['mastDownload/HST/u3698702r/u3698702r_c0f.fits'], ['mastDownload/HST/u3698702r/u3698702r_c0f.fits'], ['mastDownload/HST/u3698702r/u3698702r_c0f.fits'], ['mastDownload/HST/u3698702r/u3698702r_c0f.fits'], ['mastDownload/HST/u3698702r/u3698702r_c0f.fits'], ['mastDownload/HST/u3698702r/u3698702r_c0f.fits'], ['mastDownload/HST/u3698703r/u3698703r_c0f.fits'], ['mastDownload/HST/u3698703r/u3698703r_c0f.fits'], ['mastDownload/HST/u3698703r/u3698703r_c0f.fits'], ['mastDownload/HST/u3698703r/u3698703r_c0f.fits'], ['mastDownload/HST/u3698703r/u3698703r_c0f.fits'], ['mastDownload/HST/u3698703r/u3698703r_c0f.fits'], ['mastDownload/HST/u3698703r/u3698703r_c0f.fits'], ['mastDownload/HST/u3698703r/u3698703r_c0f.fits'], ['mastDownload/HST/u3698703r/u3698703r_c0f.fits'], ['mastDownload/HST/u3698703r/u3698703r_c0f.fits'], ['mastDownload/HST/u3698703r/u3698703r_c0f.fits'], ['mastDownload/HST/u3698703r/u3698703r_c0f.fits'], ['mastDownload/HST/u3698703r/u3698703r_c0f.fits'], ['mastDownload/HST/u3698703r/u3698703r_c0f.fits'], ['mastDownload/HST/u3698703r/u3698703r_c0f.fits'], ['mastDownload/HST/u581yd01r/u581yd01r_c0f.fits'], ['mastDownload/HST/u581yd01r/u581yd01r_c0f.fits'], ['mastDownload/HST/u581yd01r/u581yd01r_c0f.fits'], ['mastDownload/HST/u581yd01r/u581yd01r_c0f.fits'], ['mastDownload/HST/u581yd02r/u581yd02r_c0f.fits'], ['mastDownload/HST/u581yd02r/u581yd02r_c0f.fits'], ['mastDownload/HST/u581yd02r/u581yd02r_c0f.fits'], ['mastDownload/HST/u581yd02r/u581yd02r_c0f.fits'], ['mastDownload/HST/u581yd03r/u581yd03r_c0f.fits'], ['mastDownload/HST/u581yd03r/u581yd03r_c0f.fits'], ['mastDownload/HST/u581yd03r/u581yd03r_c0f.fits'], ['mastDownload/HST/u581yd03r/u581yd03r_c0f.fits'], ['mastDownload/HST/u581yd04o/u581yd04o_c0f.fits'], ['mastDownload/HST/u581yd04o/u581yd04o_c0f.fits'], ['mastDownload/HST/u581yd04o/u581yd04o_c0f.fits'], ['mastDownload/HST/u581yd04o/u581yd04o_c0f.fits'], ['mastDownload/HST/u581yd05o/u581yd05o_c0f.fits'], ['mastDownload/HST/u581yd05o/u581yd05o_c0f.fits'], ['mastDownload/HST/u581yd05o/u581yd05o_c0f.fits'], ['mastDownload/HST/u581yd05o/u581yd05o_c0f.fits'], ['mastDownload/HST/u5hniq01r/u5hniq01r_c0f.fits'], ['mastDownload/HST/u5hniq01r/u5hniq01r_c0f.fits'], ['mastDownload/HST/u5hniq01r/u5hniq01r_c0f.fits'], ['mastDownload/HST/u5hniq01r/u5hniq01r_c0f.fits'], ['mastDownload/HST/u5hniq02r/u5hniq02r_c0f.fits'], ['mastDownload/HST/u5hniq02r/u5hniq02r_c0f.fits'], ['mastDownload/HST/u5hniq02r/u5hniq02r_c0f.fits'], ['mastDownload/HST/u5hniq02r/u5hniq02r_c0f.fits'], ['mastDownload/HST/u5hnir01m/u5hnir01m_c0f.fits'], ['mastDownload/HST/u5hnir01m/u5hnir01m_c0f.fits'], ['mastDownload/HST/u5hnir01m/u5hnir01m_c0f.fits'], ['mastDownload/HST/u5hnir01m/u5hnir01m_c0f.fits'], ['mastDownload/HST/u5hnir02r/u5hnir02r_c0f.fits'], ['mastDownload/HST/u5hnir02r/u5hnir02r_c0f.fits'], ['mastDownload/HST/u5hnir02r/u5hnir02r_c0f.fits'], ['mastDownload/HST/u5hnir02r/u5hnir02r_c0f.fits'], ['mastDownload/HST/u5jc0701r/u5jc0701r_c0f.fits'], ['mastDownload/HST/u5jc0701r/u5jc0701r_c0f.fits'], ['mastDownload/HST/u5jc0701r/u5jc0701r_c0f.fits'], ['mastDownload/HST/u5jc0701r/u5jc0701r_c0f.fits'], ['mastDownload/HST/u5jc0702r/u5jc0702r_c0f.fits'], ['mastDownload/HST/u5jc0702r/u5jc0702r_c0f.fits'], ['mastDownload/HST/u5jc0702r/u5jc0702r_c0f.fits'], ['mastDownload/HST/u5jc0702r/u5jc0702r_c0f.fits'], ['mastDownload/HST/u5jc0703r/u5jc0703r_c0f.fits'], ['mastDownload/HST/u5jc0703r/u5jc0703r_c0f.fits'], ['mastDownload/HST/u5jc0703r/u5jc0703r_c0f.fits'], ['mastDownload/HST/u5jc0703r/u5jc0703r_c0f.fits'], ['mastDownload/HST/u5jc0704r/u5jc0704r_c0f.fits'], ['mastDownload/HST/u5jc0704r/u5jc0704r_c0f.fits'], ['mastDownload/HST/u5jc0704r/u5jc0704r_c0f.fits'], ['mastDownload/HST/u5jc0704r/u5jc0704r_c0f.fits'], ['mastDownload/HST/u5jc0705r/u5jc0705r_c0f.fits'], ['mastDownload/HST/u5jc0705r/u5jc0705r_c0f.fits'], ['mastDownload/HST/u5jc0705r/u5jc0705r_c0f.fits'], ['mastDownload/HST/u5jc0705r/u5jc0705r_c0f.fits'], ['mastDownload/HST/u5jc0706r/u5jc0706r_c0f.fits'], ['mastDownload/HST/u5jc0706r/u5jc0706r_c0f.fits'], ['mastDownload/HST/u5jc0706r/u5jc0706r_c0f.fits'], ['mastDownload/HST/u5jc0706r/u5jc0706r_c0f.fits'], ['mastDownload/HST/u5jc0707r/u5jc0707r_c0f.fits'], ['mastDownload/HST/u5jc0707r/u5jc0707r_c0f.fits'], ['mastDownload/HST/u5jc0707r/u5jc0707r_c0f.fits'], ['mastDownload/HST/u5jc0707r/u5jc0707r_c0f.fits'], ['mastDownload/HST/u5jc0708r/u5jc0708r_c0f.fits'], ['mastDownload/HST/u5jc0708r/u5jc0708r_c0f.fits'], ['mastDownload/HST/u5jc0708r/u5jc0708r_c0f.fits'], ['mastDownload/HST/u5jc0708r/u5jc0708r_c0f.fits'], ['mastDownload/HST/u5jc0709m/u5jc0709m_c0f.fits'], ['mastDownload/HST/u5jc0709m/u5jc0709m_c0f.fits'], ['mastDownload/HST/u5jc0709m/u5jc0709m_c0f.fits'], ['mastDownload/HST/u5jc0709m/u5jc0709m_c0f.fits'], ['mastDownload/HST/u5jc070ar/u5jc070ar_c0f.fits'], ['mastDownload/HST/u5jc070ar/u5jc070ar_c0f.fits'], ['mastDownload/HST/u5jc070ar/u5jc070ar_c0f.fits'], ['mastDownload/HST/u5jc070ar/u5jc070ar_c0f.fits'], ['mastDownload/HST/u5jc070br/u5jc070br_c0f.fits'], ['mastDownload/HST/u5jc070br/u5jc070br_c0f.fits'], ['mastDownload/HST/u5jc070br/u5jc070br_c0f.fits'], ['mastDownload/HST/u5jc070br/u5jc070br_c0f.fits'], ['mastDownload/HST/u5jc070cr/u5jc070cr_c0f.fits'], ['mastDownload/HST/u5jc070cr/u5jc070cr_c0f.fits'], ['mastDownload/HST/u5jc070cr/u5jc070cr_c0f.fits'], ['mastDownload/HST/u5jc070cr/u5jc070cr_c0f.fits'], ['mastDownload/HST/u5jd0101o/u5jd0101o_c0f.fits'], ['mastDownload/HST/u5jd0101o/u5jd0101o_c0f.fits'], ['mastDownload/HST/u5jd0101o/u5jd0101o_c0f.fits'], ['mastDownload/HST/u5jd0101o/u5jd0101o_c0f.fits'], ['mastDownload/HST/u5jd0804r/u5jd0804r_c0f.fits'], ['mastDownload/HST/u5jd0804r/u5jd0804r_c0f.fits'], ['mastDownload/HST/u5jd0804r/u5jd0804r_c0f.fits'], ['mastDownload/HST/u5jd0804r/u5jd0804r_c0f.fits'], ['mastDownload/HST/u5jd0805r/u5jd0805r_c0f.fits'], ['mastDownload/HST/u5jd0805r/u5jd0805r_c0f.fits'], ['mastDownload/HST/u5jd0805r/u5jd0805r_c0f.fits'], ['mastDownload/HST/u5jd0805r/u5jd0805r_c0f.fits'], ['mastDownload/HST/u5jd0806r/u5jd0806r_c0f.fits'], ['mastDownload/HST/u5jd0806r/u5jd0806r_c0f.fits'], ['mastDownload/HST/u5jd0806r/u5jd0806r_c0f.fits'], ['mastDownload/HST/u5jd0806r/u5jd0806r_c0f.fits'], ['mastDownload/HST/u5jd0807r/u5jd0807r_c0f.fits'], ['mastDownload/HST/u5jd0807r/u5jd0807r_c0f.fits'], ['mastDownload/HST/u5jd0807r/u5jd0807r_c0f.fits'], ['mastDownload/HST/u5jd0807r/u5jd0807r_c0f.fits'], ['mastDownload/HST/u5jd0808r/u5jd0808r_c0f.fits'], ['mastDownload/HST/u5jd0808r/u5jd0808r_c0f.fits'], ['mastDownload/HST/u5jd0808r/u5jd0808r_c0f.fits'], ['mastDownload/HST/u5jd0808r/u5jd0808r_c0f.fits'], ['mastDownload/HST/u5jd0809r/u5jd0809r_c0f.fits'], ['mastDownload/HST/u5jd0809r/u5jd0809r_c0f.fits'], ['mastDownload/HST/u5jd0809r/u5jd0809r_c0f.fits'], ['mastDownload/HST/u5jd0809r/u5jd0809r_c0f.fits'], ['mastDownload/HST/u5jd080ar/u5jd080ar_c0f.fits'], ['mastDownload/HST/u5jd080ar/u5jd080ar_c0f.fits'], ['mastDownload/HST/u5jd080ar/u5jd080ar_c0f.fits'], ['mastDownload/HST/u5jd080ar/u5jd080ar_c0f.fits'], ['mastDownload/HST/u5jd080br/u5jd080br_c0f.fits'], ['mastDownload/HST/u5jd080br/u5jd080br_c0f.fits'], ['mastDownload/HST/u5jd080br/u5jd080br_c0f.fits'], ['mastDownload/HST/u5jd080br/u5jd080br_c0f.fits'], ['mastDownload/HST/u5jd080cr/u5jd080cr_c0f.fits'], ['mastDownload/HST/u5jd080cr/u5jd080cr_c0f.fits'], ['mastDownload/HST/u5jd080cr/u5jd080cr_c0f.fits'], ['mastDownload/HST/u5jd080cr/u5jd080cr_c0f.fits'], ['mastDownload/HST/u5jd080dr/u5jd080dr_c0f.fits'], ['mastDownload/HST/u5jd080dr/u5jd080dr_c0f.fits'], ['mastDownload/HST/u5jd080dr/u5jd080dr_c0f.fits'], ['mastDownload/HST/u5jd080dr/u5jd080dr_c0f.fits'], ['mastDownload/HST/u5jd080er/u5jd080er_c0f.fits'], ['mastDownload/HST/u5jd080er/u5jd080er_c0f.fits'], ['mastDownload/HST/u5jd080er/u5jd080er_c0f.fits'], ['mastDownload/HST/u5jd080er/u5jd080er_c0f.fits'], ['mastDownload/HST/u5jd080fr/u5jd080fr_c0f.fits'], ['mastDownload/HST/u5jd080fr/u5jd080fr_c0f.fits'], ['mastDownload/HST/u5jd080fr/u5jd080fr_c0f.fits'], ['mastDownload/HST/u5jd080fr/u5jd080fr_c0f.fits'], ['mastDownload/HST/u5jd080gr/u5jd080gr_c0f.fits'], ['mastDownload/HST/u5jd080gr/u5jd080gr_c0f.fits'], ['mastDownload/HST/u5jd080gr/u5jd080gr_c0f.fits'], ['mastDownload/HST/u5jd080gr/u5jd080gr_c0f.fits'], ['mastDownload/HST/u5jd1601r/u5jd1601r_c0f.fits'], ['mastDownload/HST/u5jd1601r/u5jd1601r_c0f.fits'], ['mastDownload/HST/u5jd1601r/u5jd1601r_c0f.fits'], ['mastDownload/HST/u5jd1601r/u5jd1601r_c0f.fits'], ['mastDownload/HST/u62g8301r/u62g8301r_c0f.fits'], ['mastDownload/HST/u62g8301r/u62g8301r_c0f.fits'], ['mastDownload/HST/u62g8301r/u62g8301r_c0f.fits'], ['mastDownload/HST/u62g8301r/u62g8301r_c0f.fits'], ['mastDownload/HST/u62g8301r/u62g8301r_c0f.fits'], ['mastDownload/HST/u62g8301r/u62g8301r_c0f.fits'], ['mastDownload/HST/u62g8301r/u62g8301r_c0f.fits'], ['mastDownload/HST/u62g8301r/u62g8301r_c0f.fits'], ['mastDownload/HST/u62g8301r/u62g8301r_c0f.fits'], ['mastDownload/HST/u62g8301r/u62g8301r_c0f.fits'], ['mastDownload/HST/u62g8301r/u62g8301r_c0f.fits'], ['mastDownload/HST/u62g8301r/u62g8301r_c0f.fits'], ['mastDownload/HST/u62g8301r/u62g8301r_c0f.fits'], ['mastDownload/HST/u62g8301r/u62g8301r_c0f.fits'], ['mastDownload/HST/u62g8301r/u62g8301r_c0f.fits'], ['mastDownload/HST/u62g8302r/u62g8302r_c0f.fits'], ['mastDownload/HST/u62g8302r/u62g8302r_c0f.fits'], ['mastDownload/HST/u62g8302r/u62g8302r_c0f.fits'], ['mastDownload/HST/u62g8302r/u62g8302r_c0f.fits'], ['mastDownload/HST/u62g8302r/u62g8302r_c0f.fits'], ['mastDownload/HST/u62g8302r/u62g8302r_c0f.fits'], ['mastDownload/HST/u62g8302r/u62g8302r_c0f.fits'], ['mastDownload/HST/u62g8302r/u62g8302r_c0f.fits'], ['mastDownload/HST/u62g8302r/u62g8302r_c0f.fits'], ['mastDownload/HST/u62g8302r/u62g8302r_c0f.fits'], ['mastDownload/HST/u62g8302r/u62g8302r_c0f.fits'], ['mastDownload/HST/u62g8302r/u62g8302r_c0f.fits'], ['mastDownload/HST/u62g8302r/u62g8302r_c0f.fits'], ['mastDownload/HST/u62g8302r/u62g8302r_c0f.fits'], ['mastDownload/HST/u62g8302r/u62g8302r_c0f.fits'], ['mastDownload/HST/u6as1001m/u6as1001m_c0f.fits'], ['mastDownload/HST/u6as1001m/u6as1001m_c0f.fits'], ['mastDownload/HST/u6as1001m/u6as1001m_c0f.fits'], ['mastDownload/HST/u6as1001m/u6as1001m_c0f.fits'], ['mastDownload/HST/u6as1001m/u6as1001m_c0f.fits'], ['mastDownload/HST/u6as1001m/u6as1001m_c0f.fits'], ['mastDownload/HST/u6as1001m/u6as1001m_c0f.fits'], ['mastDownload/HST/u6as1001m/u6as1001m_c0f.fits'], ['mastDownload/HST/u6as1001m/u6as1001m_c0f.fits'], ['mastDownload/HST/u6as1001m/u6as1001m_c0f.fits'], ['mastDownload/HST/u6as1001m/u6as1001m_c0f.fits'], ['mastDownload/HST/u6as1001m/u6as1001m_c0f.fits'], ['mastDownload/HST/u6as1001m/u6as1001m_c0f.fits'], ['mastDownload/HST/u6as1001m/u6as1001m_c0f.fits'], ['mastDownload/HST/u6as1001m/u6as1001m_c0f.fits'], ['mastDownload/HST/u6as1002m/u6as1002m_c0f.fits'], ['mastDownload/HST/u6as1002m/u6as1002m_c0f.fits'], ['mastDownload/HST/u6as1002m/u6as1002m_c0f.fits'], ['mastDownload/HST/u6as1002m/u6as1002m_c0f.fits'], ['mastDownload/HST/u6as1002m/u6as1002m_c0f.fits'], ['mastDownload/HST/u6as1002m/u6as1002m_c0f.fits'], ['mastDownload/HST/u6as1002m/u6as1002m_c0f.fits'], ['mastDownload/HST/u6as1002m/u6as1002m_c0f.fits'], ['mastDownload/HST/u6as1002m/u6as1002m_c0f.fits'], ['mastDownload/HST/u6as1002m/u6as1002m_c0f.fits'], ['mastDownload/HST/u6as1002m/u6as1002m_c0f.fits'], ['mastDownload/HST/u6as1002m/u6as1002m_c0f.fits'], ['mastDownload/HST/u6as1002m/u6as1002m_c0f.fits'], ['mastDownload/HST/u6as1002m/u6as1002m_c0f.fits'], ['mastDownload/HST/u6as1002m/u6as1002m_c0f.fits'], ['mastDownload/HST/u6as1003m/u6as1003m_c0f.fits'], ['mastDownload/HST/u6as1003m/u6as1003m_c0f.fits'], ['mastDownload/HST/u6as1003m/u6as1003m_c0f.fits'], ['mastDownload/HST/u6as1003m/u6as1003m_c0f.fits'], ['mastDownload/HST/u6as1003m/u6as1003m_c0f.fits'], ['mastDownload/HST/u6as1003m/u6as1003m_c0f.fits'], ['mastDownload/HST/u6as1003m/u6as1003m_c0f.fits'], ['mastDownload/HST/u6as1003m/u6as1003m_c0f.fits'], ['mastDownload/HST/u6as1003m/u6as1003m_c0f.fits'], ['mastDownload/HST/u6as1003m/u6as1003m_c0f.fits'], ['mastDownload/HST/u6as1003m/u6as1003m_c0f.fits'], ['mastDownload/HST/u6as1003m/u6as1003m_c0f.fits'], ['mastDownload/HST/u6as1003m/u6as1003m_c0f.fits'], ['mastDownload/HST/u6as1003m/u6as1003m_c0f.fits'], ['mastDownload/HST/u6as1003m/u6as1003m_c0f.fits'], ['mastDownload/HST/u6as1004m/u6as1004m_c0f.fits'], ['mastDownload/HST/u6as1004m/u6as1004m_c0f.fits'], ['mastDownload/HST/u6as1004m/u6as1004m_c0f.fits'], ['mastDownload/HST/u6as1004m/u6as1004m_c0f.fits'], ['mastDownload/HST/u6as1004m/u6as1004m_c0f.fits'], ['mastDownload/HST/u6as1004m/u6as1004m_c0f.fits'], ['mastDownload/HST/u6as1004m/u6as1004m_c0f.fits'], ['mastDownload/HST/u6as1004m/u6as1004m_c0f.fits'], ['mastDownload/HST/u6as1004m/u6as1004m_c0f.fits'], ['mastDownload/HST/u6as1004m/u6as1004m_c0f.fits'], ['mastDownload/HST/u6as1004m/u6as1004m_c0f.fits'], ['mastDownload/HST/u6as1004m/u6as1004m_c0f.fits'], ['mastDownload/HST/u6as1004m/u6as1004m_c0f.fits'], ['mastDownload/HST/u6as1004m/u6as1004m_c0f.fits'], ['mastDownload/HST/u6as1004m/u6as1004m_c0f.fits'], ['mastDownload/HST/u6as1005m/u6as1005m_c0f.fits'], ['mastDownload/HST/u6as1005m/u6as1005m_c0f.fits'], ['mastDownload/HST/u6as1005m/u6as1005m_c0f.fits'], ['mastDownload/HST/u6as1005m/u6as1005m_c0f.fits'], ['mastDownload/HST/u6as1005m/u6as1005m_c0f.fits'], ['mastDownload/HST/u6as1005m/u6as1005m_c0f.fits'], ['mastDownload/HST/u6as1005m/u6as1005m_c0f.fits'], ['mastDownload/HST/u6as1005m/u6as1005m_c0f.fits'], ['mastDownload/HST/u6as1005m/u6as1005m_c0f.fits'], ['mastDownload/HST/u6as1005m/u6as1005m_c0f.fits'], ['mastDownload/HST/u6as1005m/u6as1005m_c0f.fits'], ['mastDownload/HST/u6as1005m/u6as1005m_c0f.fits'], ['mastDownload/HST/u6as1005m/u6as1005m_c0f.fits'], ['mastDownload/HST/u6as1005m/u6as1005m_c0f.fits'], ['mastDownload/HST/u6as1005m/u6as1005m_c0f.fits'], ['mastDownload/HST/u6as1006m/u6as1006m_c0f.fits'], ['mastDownload/HST/u6as1006m/u6as1006m_c0f.fits'], ['mastDownload/HST/u6as1006m/u6as1006m_c0f.fits'], ['mastDownload/HST/u6as1006m/u6as1006m_c0f.fits'], ['mastDownload/HST/u6as1006m/u6as1006m_c0f.fits'], ['mastDownload/HST/u6as1006m/u6as1006m_c0f.fits'], ['mastDownload/HST/u6as1006m/u6as1006m_c0f.fits'], ['mastDownload/HST/u6as1006m/u6as1006m_c0f.fits'], ['mastDownload/HST/u6as1006m/u6as1006m_c0f.fits'], ['mastDownload/HST/u6as1006m/u6as1006m_c0f.fits'], ['mastDownload/HST/u6as1006m/u6as1006m_c0f.fits'], ['mastDownload/HST/u6as1006m/u6as1006m_c0f.fits'], ['mastDownload/HST/u6as1006m/u6as1006m_c0f.fits'], ['mastDownload/HST/u6as1006m/u6as1006m_c0f.fits'], ['mastDownload/HST/u6as1006m/u6as1006m_c0f.fits'], ['mastDownload/HST/u6as1007m/u6as1007m_c0f.fits'], ['mastDownload/HST/u6as1007m/u6as1007m_c0f.fits'], ['mastDownload/HST/u6as1007m/u6as1007m_c0f.fits'], ['mastDownload/HST/u6as1007m/u6as1007m_c0f.fits'], ['mastDownload/HST/u6as1007m/u6as1007m_c0f.fits'], ['mastDownload/HST/u6as1007m/u6as1007m_c0f.fits'], ['mastDownload/HST/u6as1007m/u6as1007m_c0f.fits'], ['mastDownload/HST/u6as1007m/u6as1007m_c0f.fits'], ['mastDownload/HST/u6as1007m/u6as1007m_c0f.fits'], ['mastDownload/HST/u6as1007m/u6as1007m_c0f.fits'], ['mastDownload/HST/u6as1007m/u6as1007m_c0f.fits'], ['mastDownload/HST/u6as1007m/u6as1007m_c0f.fits'], ['mastDownload/HST/u6as1007m/u6as1007m_c0f.fits'], ['mastDownload/HST/u6as1007m/u6as1007m_c0f.fits'], ['mastDownload/HST/u6as1007m/u6as1007m_c0f.fits'], ['mastDownload/HST/u6as1008m/u6as1008m_c0f.fits'], ['mastDownload/HST/u6as1008m/u6as1008m_c0f.fits'], ['mastDownload/HST/u6as1008m/u6as1008m_c0f.fits'], ['mastDownload/HST/u6as1008m/u6as1008m_c0f.fits'], ['mastDownload/HST/u6as1008m/u6as1008m_c0f.fits'], ['mastDownload/HST/u6as1008m/u6as1008m_c0f.fits'], ['mastDownload/HST/u6as1008m/u6as1008m_c0f.fits'], ['mastDownload/HST/u6as1008m/u6as1008m_c0f.fits'], ['mastDownload/HST/u6as1008m/u6as1008m_c0f.fits'], ['mastDownload/HST/u6as1008m/u6as1008m_c0f.fits'], ['mastDownload/HST/u6as1008m/u6as1008m_c0f.fits'], ['mastDownload/HST/u6as1008m/u6as1008m_c0f.fits'], ['mastDownload/HST/u6as1008m/u6as1008m_c0f.fits'], ['mastDownload/HST/u6as1008m/u6as1008m_c0f.fits'], ['mastDownload/HST/u6as1008m/u6as1008m_c0f.fits'], ['mastDownload/HST/u6as1101m/u6as1101m_c0f.fits'], ['mastDownload/HST/u6as1101m/u6as1101m_c0f.fits'], ['mastDownload/HST/u6as1101m/u6as1101m_c0f.fits'], ['mastDownload/HST/u6as1101m/u6as1101m_c0f.fits'], ['mastDownload/HST/u6as1101m/u6as1101m_c0f.fits'], ['mastDownload/HST/u6as1101m/u6as1101m_c0f.fits'], ['mastDownload/HST/u6as1101m/u6as1101m_c0f.fits'], ['mastDownload/HST/u6as1101m/u6as1101m_c0f.fits'], ['mastDownload/HST/u6as1101m/u6as1101m_c0f.fits'], ['mastDownload/HST/u6as1101m/u6as1101m_c0f.fits'], ['mastDownload/HST/u6as1101m/u6as1101m_c0f.fits'], ['mastDownload/HST/u6as1101m/u6as1101m_c0f.fits'], ['mastDownload/HST/u6as1101m/u6as1101m_c0f.fits'], ['mastDownload/HST/u6as1101m/u6as1101m_c0f.fits'], ['mastDownload/HST/u6as1101m/u6as1101m_c0f.fits'], ['mastDownload/HST/u6as1102m/u6as1102m_c0f.fits'], ['mastDownload/HST/u6as1102m/u6as1102m_c0f.fits'], ['mastDownload/HST/u6as1102m/u6as1102m_c0f.fits'], ['mastDownload/HST/u6as1102m/u6as1102m_c0f.fits'], ['mastDownload/HST/u6as1102m/u6as1102m_c0f.fits'], ['mastDownload/HST/u6as1102m/u6as1102m_c0f.fits'], ['mastDownload/HST/u6as1102m/u6as1102m_c0f.fits'], ['mastDownload/HST/u6as1102m/u6as1102m_c0f.fits'], ['mastDownload/HST/u6as1102m/u6as1102m_c0f.fits'], ['mastDownload/HST/u6as1102m/u6as1102m_c0f.fits'], ['mastDownload/HST/u6as1102m/u6as1102m_c0f.fits'], ['mastDownload/HST/u6as1102m/u6as1102m_c0f.fits'], ['mastDownload/HST/u6as1102m/u6as1102m_c0f.fits'], ['mastDownload/HST/u6as1102m/u6as1102m_c0f.fits'], ['mastDownload/HST/u6as1102m/u6as1102m_c0f.fits'], ['mastDownload/HST/u6as1103r/u6as1103r_c0f.fits'], ['mastDownload/HST/u6as1103r/u6as1103r_c0f.fits'], ['mastDownload/HST/u6as1103r/u6as1103r_c0f.fits'], ['mastDownload/HST/u6as1103r/u6as1103r_c0f.fits'], ['mastDownload/HST/u6as1103r/u6as1103r_c0f.fits'], ['mastDownload/HST/u6as1103r/u6as1103r_c0f.fits'], ['mastDownload/HST/u6as1103r/u6as1103r_c0f.fits'], ['mastDownload/HST/u6as1103r/u6as1103r_c0f.fits'], ['mastDownload/HST/u6as1103r/u6as1103r_c0f.fits'], ['mastDownload/HST/u6as1103r/u6as1103r_c0f.fits'], ['mastDownload/HST/u6as1103r/u6as1103r_c0f.fits'], ['mastDownload/HST/u6as1103r/u6as1103r_c0f.fits'], ['mastDownload/HST/u6as1103r/u6as1103r_c0f.fits'], ['mastDownload/HST/u6as1103r/u6as1103r_c0f.fits'], ['mastDownload/HST/u6as1103r/u6as1103r_c0f.fits'], ['mastDownload/HST/u6as1104m/u6as1104m_c0f.fits'], ['mastDownload/HST/u6as1104m/u6as1104m_c0f.fits'], ['mastDownload/HST/u6as1104m/u6as1104m_c0f.fits'], ['mastDownload/HST/u6as1104m/u6as1104m_c0f.fits'], ['mastDownload/HST/u6as1104m/u6as1104m_c0f.fits'], ['mastDownload/HST/u6as1104m/u6as1104m_c0f.fits'], ['mastDownload/HST/u6as1104m/u6as1104m_c0f.fits'], ['mastDownload/HST/u6as1104m/u6as1104m_c0f.fits'], ['mastDownload/HST/u6as1104m/u6as1104m_c0f.fits'], ['mastDownload/HST/u6as1104m/u6as1104m_c0f.fits'], ['mastDownload/HST/u6as1104m/u6as1104m_c0f.fits'], ['mastDownload/HST/u6as1104m/u6as1104m_c0f.fits'], ['mastDownload/HST/u6as1104m/u6as1104m_c0f.fits'], ['mastDownload/HST/u6as1104m/u6as1104m_c0f.fits'], ['mastDownload/HST/u6as1104m/u6as1104m_c0f.fits'], ['mastDownload/HST/u6as1105m/u6as1105m_c0f.fits'], ['mastDownload/HST/u6as1105m/u6as1105m_c0f.fits'], ['mastDownload/HST/u6as1105m/u6as1105m_c0f.fits'], ['mastDownload/HST/u6as1105m/u6as1105m_c0f.fits'], ['mastDownload/HST/u6as1105m/u6as1105m_c0f.fits'], ['mastDownload/HST/u6as1105m/u6as1105m_c0f.fits'], ['mastDownload/HST/u6as1105m/u6as1105m_c0f.fits'], ['mastDownload/HST/u6as1105m/u6as1105m_c0f.fits'], ['mastDownload/HST/u6as1105m/u6as1105m_c0f.fits'], ['mastDownload/HST/u6as1105m/u6as1105m_c0f.fits'], ['mastDownload/HST/u6as1105m/u6as1105m_c0f.fits'], ['mastDownload/HST/u6as1105m/u6as1105m_c0f.fits'], ['mastDownload/HST/u6as1105m/u6as1105m_c0f.fits'], ['mastDownload/HST/u6as1105m/u6as1105m_c0f.fits'], ['mastDownload/HST/u6as1105m/u6as1105m_c0f.fits'], ['mastDownload/HST/u6as1106m/u6as1106m_c0f.fits'], ['mastDownload/HST/u6as1106m/u6as1106m_c0f.fits'], ['mastDownload/HST/u6as1106m/u6as1106m_c0f.fits'], ['mastDownload/HST/u6as1106m/u6as1106m_c0f.fits'], ['mastDownload/HST/u6as1106m/u6as1106m_c0f.fits'], ['mastDownload/HST/u6as1106m/u6as1106m_c0f.fits'], ['mastDownload/HST/u6as1106m/u6as1106m_c0f.fits'], ['mastDownload/HST/u6as1106m/u6as1106m_c0f.fits'], ['mastDownload/HST/u6as1106m/u6as1106m_c0f.fits'], ['mastDownload/HST/u6as1106m/u6as1106m_c0f.fits'], ['mastDownload/HST/u6as1106m/u6as1106m_c0f.fits'], ['mastDownload/HST/u6as1106m/u6as1106m_c0f.fits'], ['mastDownload/HST/u6as1106m/u6as1106m_c0f.fits'], ['mastDownload/HST/u6as1106m/u6as1106m_c0f.fits'], ['mastDownload/HST/u6as1106m/u6as1106m_c0f.fits'], ['mastDownload/HST/u6as1107m/u6as1107m_c0f.fits'], ['mastDownload/HST/u6as1107m/u6as1107m_c0f.fits'], ['mastDownload/HST/u6as1107m/u6as1107m_c0f.fits'], ['mastDownload/HST/u6as1107m/u6as1107m_c0f.fits'], ['mastDownload/HST/u6as1107m/u6as1107m_c0f.fits'], ['mastDownload/HST/u6as1107m/u6as1107m_c0f.fits'], ['mastDownload/HST/u6as1107m/u6as1107m_c0f.fits'], ['mastDownload/HST/u6as1107m/u6as1107m_c0f.fits'], ['mastDownload/HST/u6as1107m/u6as1107m_c0f.fits'], ['mastDownload/HST/u6as1107m/u6as1107m_c0f.fits'], ['mastDownload/HST/u6as1107m/u6as1107m_c0f.fits'], ['mastDownload/HST/u6as1107m/u6as1107m_c0f.fits'], ['mastDownload/HST/u6as1107m/u6as1107m_c0f.fits'], ['mastDownload/HST/u6as1107m/u6as1107m_c0f.fits'], ['mastDownload/HST/u6as1107m/u6as1107m_c0f.fits'], ['mastDownload/HST/u6as1108m/u6as1108m_c0f.fits'], ['mastDownload/HST/u6as1108m/u6as1108m_c0f.fits'], ['mastDownload/HST/u6as1108m/u6as1108m_c0f.fits'], ['mastDownload/HST/u6as1108m/u6as1108m_c0f.fits'], ['mastDownload/HST/u6as1108m/u6as1108m_c0f.fits'], ['mastDownload/HST/u6as1108m/u6as1108m_c0f.fits'], ['mastDownload/HST/u6as1108m/u6as1108m_c0f.fits'], ['mastDownload/HST/u6as1108m/u6as1108m_c0f.fits'], ['mastDownload/HST/u6as1108m/u6as1108m_c0f.fits'], ['mastDownload/HST/u6as1108m/u6as1108m_c0f.fits'], ['mastDownload/HST/u6as1108m/u6as1108m_c0f.fits'], ['mastDownload/HST/u6as1108m/u6as1108m_c0f.fits'], ['mastDownload/HST/u6as1108m/u6as1108m_c0f.fits'], ['mastDownload/HST/u6as1108m/u6as1108m_c0f.fits'], ['mastDownload/HST/u6as1108m/u6as1108m_c0f.fits'], ['mastDownload/HST/u6as1201m/u6as1201m_c0f.fits'], ['mastDownload/HST/u6as1201m/u6as1201m_c0f.fits'], ['mastDownload/HST/u6as1201m/u6as1201m_c0f.fits'], ['mastDownload/HST/u6as1201m/u6as1201m_c0f.fits'], ['mastDownload/HST/u6as1201m/u6as1201m_c0f.fits'], ['mastDownload/HST/u6as1201m/u6as1201m_c0f.fits'], ['mastDownload/HST/u6as1201m/u6as1201m_c0f.fits'], ['mastDownload/HST/u6as1201m/u6as1201m_c0f.fits'], ['mastDownload/HST/u6as1201m/u6as1201m_c0f.fits'], ['mastDownload/HST/u6as1201m/u6as1201m_c0f.fits'], ['mastDownload/HST/u6as1201m/u6as1201m_c0f.fits'], ['mastDownload/HST/u6as1201m/u6as1201m_c0f.fits'], ['mastDownload/HST/u6as1201m/u6as1201m_c0f.fits'], ['mastDownload/HST/u6as1201m/u6as1201m_c0f.fits'], ['mastDownload/HST/u6as1201m/u6as1201m_c0f.fits'], ['mastDownload/HST/u6as1202m/u6as1202m_c0f.fits'], ['mastDownload/HST/u6as1202m/u6as1202m_c0f.fits'], ['mastDownload/HST/u6as1202m/u6as1202m_c0f.fits'], ['mastDownload/HST/u6as1202m/u6as1202m_c0f.fits'], ['mastDownload/HST/u6as1202m/u6as1202m_c0f.fits'], ['mastDownload/HST/u6as1202m/u6as1202m_c0f.fits'], ['mastDownload/HST/u6as1202m/u6as1202m_c0f.fits'], ['mastDownload/HST/u6as1202m/u6as1202m_c0f.fits'], ['mastDownload/HST/u6as1202m/u6as1202m_c0f.fits'], ['mastDownload/HST/u6as1202m/u6as1202m_c0f.fits'], ['mastDownload/HST/u6as1202m/u6as1202m_c0f.fits'], ['mastDownload/HST/u6as1202m/u6as1202m_c0f.fits'], ['mastDownload/HST/u6as1202m/u6as1202m_c0f.fits'], ['mastDownload/HST/u6as1202m/u6as1202m_c0f.fits'], ['mastDownload/HST/u6as1202m/u6as1202m_c0f.fits'], ['mastDownload/HST/u6as1203m/u6as1203m_c0f.fits'], ['mastDownload/HST/u6as1203m/u6as1203m_c0f.fits'], ['mastDownload/HST/u6as1203m/u6as1203m_c0f.fits'], ['mastDownload/HST/u6as1203m/u6as1203m_c0f.fits'], ['mastDownload/HST/u6as1203m/u6as1203m_c0f.fits'], ['mastDownload/HST/u6as1203m/u6as1203m_c0f.fits'], ['mastDownload/HST/u6as1203m/u6as1203m_c0f.fits'], ['mastDownload/HST/u6as1203m/u6as1203m_c0f.fits'], ['mastDownload/HST/u6as1203m/u6as1203m_c0f.fits'], ['mastDownload/HST/u6as1203m/u6as1203m_c0f.fits'], ['mastDownload/HST/u6as1203m/u6as1203m_c0f.fits'], ['mastDownload/HST/u6as1203m/u6as1203m_c0f.fits'], ['mastDownload/HST/u6as1203m/u6as1203m_c0f.fits'], ['mastDownload/HST/u6as1203m/u6as1203m_c0f.fits'], ['mastDownload/HST/u6as1203m/u6as1203m_c0f.fits'], ['mastDownload/HST/u6as1204m/u6as1204m_c0f.fits'], ['mastDownload/HST/u6as1204m/u6as1204m_c0f.fits'], ['mastDownload/HST/u6as1204m/u6as1204m_c0f.fits'], ['mastDownload/HST/u6as1204m/u6as1204m_c0f.fits'], ['mastDownload/HST/u6as1204m/u6as1204m_c0f.fits'], ['mastDownload/HST/u6as1204m/u6as1204m_c0f.fits'], ['mastDownload/HST/u6as1204m/u6as1204m_c0f.fits'], ['mastDownload/HST/u6as1204m/u6as1204m_c0f.fits'], ['mastDownload/HST/u6as1204m/u6as1204m_c0f.fits'], ['mastDownload/HST/u6as1204m/u6as1204m_c0f.fits'], ['mastDownload/HST/u6as1204m/u6as1204m_c0f.fits'], ['mastDownload/HST/u6as1204m/u6as1204m_c0f.fits'], ['mastDownload/HST/u6as1204m/u6as1204m_c0f.fits'], ['mastDownload/HST/u6as1204m/u6as1204m_c0f.fits'], ['mastDownload/HST/u6as1204m/u6as1204m_c0f.fits'], ['mastDownload/HST/u6as1205m/u6as1205m_c0f.fits'], ['mastDownload/HST/u6as1205m/u6as1205m_c0f.fits'], ['mastDownload/HST/u6as1205m/u6as1205m_c0f.fits'], ['mastDownload/HST/u6as1205m/u6as1205m_c0f.fits'], ['mastDownload/HST/u6as1205m/u6as1205m_c0f.fits'], ['mastDownload/HST/u6as1205m/u6as1205m_c0f.fits'], ['mastDownload/HST/u6as1205m/u6as1205m_c0f.fits'], ['mastDownload/HST/u6as1205m/u6as1205m_c0f.fits'], ['mastDownload/HST/u6as1205m/u6as1205m_c0f.fits'], ['mastDownload/HST/u6as1205m/u6as1205m_c0f.fits'], ['mastDownload/HST/u6as1205m/u6as1205m_c0f.fits'], ['mastDownload/HST/u6as1205m/u6as1205m_c0f.fits'], ['mastDownload/HST/u6as1205m/u6as1205m_c0f.fits'], ['mastDownload/HST/u6as1205m/u6as1205m_c0f.fits'], ['mastDownload/HST/u6as1205m/u6as1205m_c0f.fits'], ['mastDownload/HST/u6as1206m/u6as1206m_c0f.fits'], ['mastDownload/HST/u6as1206m/u6as1206m_c0f.fits'], ['mastDownload/HST/u6as1206m/u6as1206m_c0f.fits'], ['mastDownload/HST/u6as1206m/u6as1206m_c0f.fits'], ['mastDownload/HST/u6as1206m/u6as1206m_c0f.fits'], ['mastDownload/HST/u6as1206m/u6as1206m_c0f.fits'], ['mastDownload/HST/u6as1206m/u6as1206m_c0f.fits'], ['mastDownload/HST/u6as1206m/u6as1206m_c0f.fits'], ['mastDownload/HST/u6as1206m/u6as1206m_c0f.fits'], ['mastDownload/HST/u6as1206m/u6as1206m_c0f.fits'], ['mastDownload/HST/u6as1206m/u6as1206m_c0f.fits'], ['mastDownload/HST/u6as1206m/u6as1206m_c0f.fits'], ['mastDownload/HST/u6as1206m/u6as1206m_c0f.fits'], ['mastDownload/HST/u6as1206m/u6as1206m_c0f.fits'], ['mastDownload/HST/u6as1206m/u6as1206m_c0f.fits'], ['mastDownload/HST/u6as1207m/u6as1207m_c0f.fits'], ['mastDownload/HST/u6as1207m/u6as1207m_c0f.fits'], ['mastDownload/HST/u6as1207m/u6as1207m_c0f.fits'], ['mastDownload/HST/u6as1207m/u6as1207m_c0f.fits'], ['mastDownload/HST/u6as1207m/u6as1207m_c0f.fits'], ['mastDownload/HST/u6as1207m/u6as1207m_c0f.fits'], ['mastDownload/HST/u6as1207m/u6as1207m_c0f.fits'], ['mastDownload/HST/u6as1207m/u6as1207m_c0f.fits'], ['mastDownload/HST/u6as1207m/u6as1207m_c0f.fits'], ['mastDownload/HST/u6as1207m/u6as1207m_c0f.fits'], ['mastDownload/HST/u6as1207m/u6as1207m_c0f.fits'], ['mastDownload/HST/u6as1207m/u6as1207m_c0f.fits'], ['mastDownload/HST/u6as1207m/u6as1207m_c0f.fits'], ['mastDownload/HST/u6as1207m/u6as1207m_c0f.fits'], ['mastDownload/HST/u6as1207m/u6as1207m_c0f.fits'], ['mastDownload/HST/u6as1208m/u6as1208m_c0f.fits'], ['mastDownload/HST/u6as1208m/u6as1208m_c0f.fits'], ['mastDownload/HST/u6as1208m/u6as1208m_c0f.fits'], ['mastDownload/HST/u6as1208m/u6as1208m_c0f.fits'], ['mastDownload/HST/u6as1208m/u6as1208m_c0f.fits'], ['mastDownload/HST/u6as1208m/u6as1208m_c0f.fits'], ['mastDownload/HST/u6as1208m/u6as1208m_c0f.fits'], ['mastDownload/HST/u6as1208m/u6as1208m_c0f.fits'], ['mastDownload/HST/u6as1208m/u6as1208m_c0f.fits'], ['mastDownload/HST/u6as1208m/u6as1208m_c0f.fits'], ['mastDownload/HST/u6as1208m/u6as1208m_c0f.fits'], ['mastDownload/HST/u6as1208m/u6as1208m_c0f.fits'], ['mastDownload/HST/u6as1208m/u6as1208m_c0f.fits'], ['mastDownload/HST/u6as1208m/u6as1208m_c0f.fits'], ['mastDownload/HST/u6as1208m/u6as1208m_c0f.fits'], ['mastDownload/HST/u6as1301m/u6as1301m_c0f.fits'], ['mastDownload/HST/u6as1301m/u6as1301m_c0f.fits'], ['mastDownload/HST/u6as1301m/u6as1301m_c0f.fits'], ['mastDownload/HST/u6as1301m/u6as1301m_c0f.fits'], ['mastDownload/HST/u6as1301m/u6as1301m_c0f.fits'], ['mastDownload/HST/u6as1301m/u6as1301m_c0f.fits'], ['mastDownload/HST/u6as1301m/u6as1301m_c0f.fits'], ['mastDownload/HST/u6as1301m/u6as1301m_c0f.fits'], ['mastDownload/HST/u6as1301m/u6as1301m_c0f.fits'], ['mastDownload/HST/u6as1301m/u6as1301m_c0f.fits'], ['mastDownload/HST/u6as1301m/u6as1301m_c0f.fits'], ['mastDownload/HST/u6as1301m/u6as1301m_c0f.fits'], ['mastDownload/HST/u6as1301m/u6as1301m_c0f.fits'], ['mastDownload/HST/u6as1301m/u6as1301m_c0f.fits'], ['mastDownload/HST/u6as1301m/u6as1301m_c0f.fits'], ['mastDownload/HST/u6as1302m/u6as1302m_c0f.fits'], ['mastDownload/HST/u6as1302m/u6as1302m_c0f.fits'], ['mastDownload/HST/u6as1302m/u6as1302m_c0f.fits'], ['mastDownload/HST/u6as1302m/u6as1302m_c0f.fits'], ['mastDownload/HST/u6as1302m/u6as1302m_c0f.fits'], ['mastDownload/HST/u6as1302m/u6as1302m_c0f.fits'], ['mastDownload/HST/u6as1302m/u6as1302m_c0f.fits'], ['mastDownload/HST/u6as1302m/u6as1302m_c0f.fits'], ['mastDownload/HST/u6as1302m/u6as1302m_c0f.fits'], ['mastDownload/HST/u6as1302m/u6as1302m_c0f.fits'], ['mastDownload/HST/u6as1302m/u6as1302m_c0f.fits'], ['mastDownload/HST/u6as1302m/u6as1302m_c0f.fits'], ['mastDownload/HST/u6as1302m/u6as1302m_c0f.fits'], ['mastDownload/HST/u6as1302m/u6as1302m_c0f.fits'], ['mastDownload/HST/u6as1302m/u6as1302m_c0f.fits'], ['mastDownload/HST/u6as1303m/u6as1303m_c0f.fits'], ['mastDownload/HST/u6as1303m/u6as1303m_c0f.fits'], ['mastDownload/HST/u6as1303m/u6as1303m_c0f.fits'], ['mastDownload/HST/u6as1303m/u6as1303m_c0f.fits'], ['mastDownload/HST/u6as1303m/u6as1303m_c0f.fits'], ['mastDownload/HST/u6as1303m/u6as1303m_c0f.fits'], ['mastDownload/HST/u6as1303m/u6as1303m_c0f.fits'], ['mastDownload/HST/u6as1303m/u6as1303m_c0f.fits'], ['mastDownload/HST/u6as1303m/u6as1303m_c0f.fits'], ['mastDownload/HST/u6as1303m/u6as1303m_c0f.fits'], ['mastDownload/HST/u6as1303m/u6as1303m_c0f.fits'], ['mastDownload/HST/u6as1303m/u6as1303m_c0f.fits'], ['mastDownload/HST/u6as1303m/u6as1303m_c0f.fits'], ['mastDownload/HST/u6as1303m/u6as1303m_c0f.fits'], ['mastDownload/HST/u6as1303m/u6as1303m_c0f.fits'], ['mastDownload/HST/u6as1304m/u6as1304m_c0f.fits'], ['mastDownload/HST/u6as1304m/u6as1304m_c0f.fits'], ['mastDownload/HST/u6as1304m/u6as1304m_c0f.fits'], ['mastDownload/HST/u6as1304m/u6as1304m_c0f.fits'], ['mastDownload/HST/u6as1304m/u6as1304m_c0f.fits'], ['mastDownload/HST/u6as1304m/u6as1304m_c0f.fits'], ['mastDownload/HST/u6as1304m/u6as1304m_c0f.fits'], ['mastDownload/HST/u6as1304m/u6as1304m_c0f.fits'], ['mastDownload/HST/u6as1304m/u6as1304m_c0f.fits'], ['mastDownload/HST/u6as1304m/u6as1304m_c0f.fits'], ['mastDownload/HST/u6as1304m/u6as1304m_c0f.fits'], ['mastDownload/HST/u6as1304m/u6as1304m_c0f.fits'], ['mastDownload/HST/u6as1304m/u6as1304m_c0f.fits'], ['mastDownload/HST/u6as1304m/u6as1304m_c0f.fits'], ['mastDownload/HST/u6as1304m/u6as1304m_c0f.fits'], ['mastDownload/HST/u6as1305r/u6as1305r_c0f.fits'], ['mastDownload/HST/u6as1305r/u6as1305r_c0f.fits'], ['mastDownload/HST/u6as1305r/u6as1305r_c0f.fits'], ['mastDownload/HST/u6as1305r/u6as1305r_c0f.fits'], ['mastDownload/HST/u6as1305r/u6as1305r_c0f.fits'], ['mastDownload/HST/u6as1305r/u6as1305r_c0f.fits'], ['mastDownload/HST/u6as1305r/u6as1305r_c0f.fits'], ['mastDownload/HST/u6as1305r/u6as1305r_c0f.fits'], ['mastDownload/HST/u6as1305r/u6as1305r_c0f.fits'], ['mastDownload/HST/u6as1305r/u6as1305r_c0f.fits'], ['mastDownload/HST/u6as1305r/u6as1305r_c0f.fits'], ['mastDownload/HST/u6as1305r/u6as1305r_c0f.fits'], ['mastDownload/HST/u6as1305r/u6as1305r_c0f.fits'], ['mastDownload/HST/u6as1305r/u6as1305r_c0f.fits'], ['mastDownload/HST/u6as1305r/u6as1305r_c0f.fits'], ['mastDownload/HST/u6as1306r/u6as1306r_c0f.fits'], ['mastDownload/HST/u6as1306r/u6as1306r_c0f.fits'], ['mastDownload/HST/u6as1306r/u6as1306r_c0f.fits'], ['mastDownload/HST/u6as1306r/u6as1306r_c0f.fits'], ['mastDownload/HST/u6as1306r/u6as1306r_c0f.fits'], ['mastDownload/HST/u6as1306r/u6as1306r_c0f.fits'], ['mastDownload/HST/u6as1306r/u6as1306r_c0f.fits'], ['mastDownload/HST/u6as1306r/u6as1306r_c0f.fits'], ['mastDownload/HST/u6as1306r/u6as1306r_c0f.fits'], ['mastDownload/HST/u6as1306r/u6as1306r_c0f.fits'], ['mastDownload/HST/u6as1306r/u6as1306r_c0f.fits'], ['mastDownload/HST/u6as1306r/u6as1306r_c0f.fits'], ['mastDownload/HST/u6as1306r/u6as1306r_c0f.fits'], ['mastDownload/HST/u6as1306r/u6as1306r_c0f.fits'], ['mastDownload/HST/u6as1306r/u6as1306r_c0f.fits'], ['mastDownload/HST/u6as1307r/u6as1307r_c0f.fits'], ['mastDownload/HST/u6as1307r/u6as1307r_c0f.fits'], ['mastDownload/HST/u6as1307r/u6as1307r_c0f.fits'], ['mastDownload/HST/u6as1307r/u6as1307r_c0f.fits'], ['mastDownload/HST/u6as1307r/u6as1307r_c0f.fits'], ['mastDownload/HST/u6as1307r/u6as1307r_c0f.fits'], ['mastDownload/HST/u6as1307r/u6as1307r_c0f.fits'], ['mastDownload/HST/u6as1307r/u6as1307r_c0f.fits'], ['mastDownload/HST/u6as1307r/u6as1307r_c0f.fits'], ['mastDownload/HST/u6as1307r/u6as1307r_c0f.fits'], ['mastDownload/HST/u6as1307r/u6as1307r_c0f.fits'], ['mastDownload/HST/u6as1307r/u6as1307r_c0f.fits'], ['mastDownload/HST/u6as1307r/u6as1307r_c0f.fits'], ['mastDownload/HST/u6as1307r/u6as1307r_c0f.fits'], ['mastDownload/HST/u6as1307r/u6as1307r_c0f.fits'], ['mastDownload/HST/u6as1308r/u6as1308r_c0f.fits'], ['mastDownload/HST/u6as1308r/u6as1308r_c0f.fits'], ['mastDownload/HST/u6as1308r/u6as1308r_c0f.fits'], ['mastDownload/HST/u6as1308r/u6as1308r_c0f.fits'], ['mastDownload/HST/u6as1308r/u6as1308r_c0f.fits'], ['mastDownload/HST/u6as1308r/u6as1308r_c0f.fits'], ['mastDownload/HST/u6as1308r/u6as1308r_c0f.fits'], ['mastDownload/HST/u6as1308r/u6as1308r_c0f.fits'], ['mastDownload/HST/u6as1308r/u6as1308r_c0f.fits'], ['mastDownload/HST/u6as1308r/u6as1308r_c0f.fits'], ['mastDownload/HST/u6as1308r/u6as1308r_c0f.fits'], ['mastDownload/HST/u6as1308r/u6as1308r_c0f.fits'], ['mastDownload/HST/u6as1308r/u6as1308r_c0f.fits'], ['mastDownload/HST/u6as1308r/u6as1308r_c0f.fits'], ['mastDownload/HST/u6as1308r/u6as1308r_c0f.fits'], ['mastDownload/HST/u6hh2y01m/u6hh2y01m_c0f.fits'], ['mastDownload/HST/u6hh2y01m/u6hh2y01m_c0f.fits'], ['mastDownload/HST/u6hh2y01m/u6hh2y01m_c0f.fits'], ['mastDownload/HST/u6hh2y01m/u6hh2y01m_c0f.fits'], ['mastDownload/HST/u6hh2z01m/u6hh2z01m_c0f.fits'], ['mastDownload/HST/u6hh2z01m/u6hh2z01m_c0f.fits'], ['mastDownload/HST/u6hh2z01m/u6hh2z01m_c0f.fits'], ['mastDownload/HST/u6hh2z01m/u6hh2z01m_c0f.fits'], ['mastDownload/HST/u6kat001m/u6kat001m_c0f.fits'], ['mastDownload/HST/u6kat001m/u6kat001m_c0f.fits'], ['mastDownload/HST/u6kat001m/u6kat001m_c0f.fits'], ['mastDownload/HST/u6kat001m/u6kat001m_c0f.fits'], ['mastDownload/HST/u6kat001m/u6kat001m_c0f.fits'], ['mastDownload/HST/u6kat001m/u6kat001m_c0f.fits'], ['mastDownload/HST/u6kat001m/u6kat001m_c0f.fits'], ['mastDownload/HST/u6kat001m/u6kat001m_c0f.fits'], ['mastDownload/HST/u6kat001m/u6kat001m_c0f.fits'], ['mastDownload/HST/u6kat001m/u6kat001m_c0f.fits'], ['mastDownload/HST/u6kat001m/u6kat001m_c0f.fits'], ['mastDownload/HST/u6kat001m/u6kat001m_c0f.fits'], ['mastDownload/HST/u6kat001m/u6kat001m_c0f.fits'], ['mastDownload/HST/u6kat001m/u6kat001m_c0f.fits'], ['mastDownload/HST/u6kat001m/u6kat001m_c0f.fits'], ['mastDownload/HST/u6kat002m/u6kat002m_c0f.fits'], ['mastDownload/HST/u6kat002m/u6kat002m_c0f.fits'], ['mastDownload/HST/u6kat002m/u6kat002m_c0f.fits'], ['mastDownload/HST/u6kat002m/u6kat002m_c0f.fits'], ['mastDownload/HST/u6kat002m/u6kat002m_c0f.fits'], ['mastDownload/HST/u6kat002m/u6kat002m_c0f.fits'], ['mastDownload/HST/u6kat002m/u6kat002m_c0f.fits'], ['mastDownload/HST/u6kat002m/u6kat002m_c0f.fits'], ['mastDownload/HST/u6kat002m/u6kat002m_c0f.fits'], ['mastDownload/HST/u6kat002m/u6kat002m_c0f.fits'], ['mastDownload/HST/u6kat002m/u6kat002m_c0f.fits'], ['mastDownload/HST/u6kat002m/u6kat002m_c0f.fits'], ['mastDownload/HST/u6kat002m/u6kat002m_c0f.fits'], ['mastDownload/HST/u6kat002m/u6kat002m_c0f.fits'], ['mastDownload/HST/u6kat002m/u6kat002m_c0f.fits'], ['mastDownload/HST/u6katf01m/u6katf01m_c0f.fits'], ['mastDownload/HST/u6katf01m/u6katf01m_c0f.fits'], ['mastDownload/HST/u6katf01m/u6katf01m_c0f.fits'], ['mastDownload/HST/u6katf01m/u6katf01m_c0f.fits'], ['mastDownload/HST/u6katf01m/u6katf01m_c0f.fits'], ['mastDownload/HST/u6katf01m/u6katf01m_c0f.fits'], ['mastDownload/HST/u6katf01m/u6katf01m_c0f.fits'], ['mastDownload/HST/u6katf01m/u6katf01m_c0f.fits'], ['mastDownload/HST/u6katf01m/u6katf01m_c0f.fits'], ['mastDownload/HST/u6katf01m/u6katf01m_c0f.fits'], ['mastDownload/HST/u6katf01m/u6katf01m_c0f.fits'], ['mastDownload/HST/u6katf01m/u6katf01m_c0f.fits'], ['mastDownload/HST/u6katf01m/u6katf01m_c0f.fits'], ['mastDownload/HST/u6katf01m/u6katf01m_c0f.fits'], ['mastDownload/HST/u6katf01m/u6katf01m_c0f.fits'], ['mastDownload/HST/u6katf02m/u6katf02m_c0f.fits'], ['mastDownload/HST/u6katf02m/u6katf02m_c0f.fits'], ['mastDownload/HST/u6katf02m/u6katf02m_c0f.fits'], ['mastDownload/HST/u6katf02m/u6katf02m_c0f.fits'], ['mastDownload/HST/u6katf02m/u6katf02m_c0f.fits'], ['mastDownload/HST/u6katf02m/u6katf02m_c0f.fits'], ['mastDownload/HST/u6katf02m/u6katf02m_c0f.fits'], ['mastDownload/HST/u6katf02m/u6katf02m_c0f.fits'], ['mastDownload/HST/u6katf02m/u6katf02m_c0f.fits'], ['mastDownload/HST/u6katf02m/u6katf02m_c0f.fits'], ['mastDownload/HST/u6katf02m/u6katf02m_c0f.fits'], ['mastDownload/HST/u6katf02m/u6katf02m_c0f.fits'], ['mastDownload/HST/u6katf02m/u6katf02m_c0f.fits'], ['mastDownload/HST/u6katf02m/u6katf02m_c0f.fits'], ['mastDownload/HST/u6katf02m/u6katf02m_c0f.fits'], ['mastDownload/HST/u6kexx01m/u6kexx01m_c0f.fits'], ['mastDownload/HST/u6kexx01m/u6kexx01m_c0f.fits'], ['mastDownload/HST/u6kexx01m/u6kexx01m_c0f.fits'], ['mastDownload/HST/u6kexx01m/u6kexx01m_c0f.fits'], ['mastDownload/HST/u6kexx01m/u6kexx01m_c0f.fits'], ['mastDownload/HST/u6kexx01m/u6kexx01m_c0f.fits'], ['mastDownload/HST/u6kexx01m/u6kexx01m_c0f.fits'], ['mastDownload/HST/u6kexx01m/u6kexx01m_c0f.fits'], ['mastDownload/HST/u6kexx01m/u6kexx01m_c0f.fits'], ['mastDownload/HST/u6kexx01m/u6kexx01m_c0f.fits'], ['mastDownload/HST/u6kexx01m/u6kexx01m_c0f.fits'], ['mastDownload/HST/u6kexx01m/u6kexx01m_c0f.fits'], ['mastDownload/HST/u6kexx01m/u6kexx01m_c0f.fits'], ['mastDownload/HST/u6kexx01m/u6kexx01m_c0f.fits'], ['mastDownload/HST/u6kexx01m/u6kexx01m_c0f.fits'], ['mastDownload/HST/u6kexx02m/u6kexx02m_c0f.fits'], ['mastDownload/HST/u6kexx02m/u6kexx02m_c0f.fits'], ['mastDownload/HST/u6kexx02m/u6kexx02m_c0f.fits'], ['mastDownload/HST/u6kexx02m/u6kexx02m_c0f.fits'], ['mastDownload/HST/u6kexx02m/u6kexx02m_c0f.fits'], ['mastDownload/HST/u6kexx02m/u6kexx02m_c0f.fits'], ['mastDownload/HST/u6kexx02m/u6kexx02m_c0f.fits'], ['mastDownload/HST/u6kexx02m/u6kexx02m_c0f.fits'], ['mastDownload/HST/u6kexx02m/u6kexx02m_c0f.fits'], ['mastDownload/HST/u6kexx02m/u6kexx02m_c0f.fits'], ['mastDownload/HST/u6kexx02m/u6kexx02m_c0f.fits'], ['mastDownload/HST/u6kexx02m/u6kexx02m_c0f.fits'], ['mastDownload/HST/u6kexx02m/u6kexx02m_c0f.fits'], ['mastDownload/HST/u6kexx02m/u6kexx02m_c0f.fits'], ['mastDownload/HST/u6kexx02m/u6kexx02m_c0f.fits'], ['mastDownload/HST/jdrz4zkgq/jdrz4zkgq_flc.fits'], ['mastDownload/HST/jdrz4zkgq/jdrz4zkgq_flc.fits'], ['mastDownload/HST/jdrz4zkgq/jdrz4zkgq_flc.fits'], ['mastDownload/HST/jdrz4zkgq/jdrz4zkgq_flc.fits'], ['mastDownload/HST/jdrz4zkgq/jdrz4zkgq_flc.fits'], ['mastDownload/HST/jdrz4zkgq/jdrz4zkgq_flc.fits'], ['mastDownload/HST/jdrz4zkhq/jdrz4zkhq_flc.fits'], ['mastDownload/HST/jdrz4zkhq/jdrz4zkhq_flc.fits'], ['mastDownload/HST/jdrz4zkhq/jdrz4zkhq_flc.fits'], ['mastDownload/HST/jdrz4zkhq/jdrz4zkhq_flc.fits'], ['mastDownload/HST/jdrz4zkhq/jdrz4zkhq_flc.fits'], ['mastDownload/HST/jdrz4zkhq/jdrz4zkhq_flc.fits']]"
