,SCA,xmid,ymid,ramid,decmid,xmin,ymin,xmax,ymax,straylight_total,mainoffender_total
0,1,255,255,206.84280571515336,49.6598954476495,0,0,511,511,0.002120595,594
1,1,255,766,206.8638584563636,49.652839129203166,0,511,511,1022,0.0020869253,594
2,1,255,1277,206.88490510002924,49.645778992405624,0,1022,511,1533,0.0020872403,594
3,1,255,1788,206.9059456431217,49.63871504032594,0,1533,511,2044,0.0021018714,594
4,1,255,2299,206.92698008262053,49.63164727603495,0,2044,511,2555,0.00212341,594
5,1,255,2810,206.9480084155139,49.624575702605505,0,2555,511,3066,0.002193768,594
6,1,255,3321,206.96903063879807,49.61750032311224,0,3066,511,3577,0.0022359726,594
7,1,255,3832,206.99004674947773,49.61042114063167,0,3577,511,4088,0.0021865615,594
8,1,766,255,206.8540364053721,49.67374841795328,511,0,1022,511,0.0021514408,594
9,1,766,766,206.87509351885487,49.66669006428567,511,511,1022,1022,0.0021246402,594
10,1,766,1277,206.89614452875549,49.659627890990485,511,1022,1022,1533,0.0022264605,594
11,1,766,1788,206.9171894320465,49.652561901138945,511,1533,1022,2044,0.0021273291,594
12,1,766,2299,206.9382282257088,49.64549209780419,511,2044,1022,2555,0.0022147014,594
13,1,766,2810,206.95926090673157,49.638418484061184,511,2555,1022,3066,0.0020811157,594
14,1,766,3321,206.98028747211234,49.631341062986785,511,3066,1022,3577,0.0021099586,594
15,1,766,3832,207.00130791885698,49.62425983765972,511,3577,1022,4088,0.0020657985,594
16,1,1277,255,206.8652734991148,49.687600306778265,1022,0,1533,511,0.002130085,594
17,1,1277,766,206.88633498481437,49.680539916987286,1022,511,1533,1022,0.0021205193,594
18,1,1277,1277,206.90739036088837,49.67347570629317,1022,1022,1533,1533,0.0020851793,594
19,1,1277,1788,206.92843962431044,49.66640767776932,1022,1533,1533,2044,0.0020864275,594
20,1,1277,2299,206.94948277206265,49.65933583449111,1022,2044,1533,2555,0.0021995679,594
21,1,1277,2810,206.97051980113542,49.6522601795357,1022,2555,1533,3066,0.0021529184,594
22,1,1277,3321,206.99155070852746,49.645180715982164,1022,3066,1533,3577,0.0021120699,594
23,1,1277,3832,207.01257549124583,49.638097446911395,1022,3577,1533,4088,0.0021429195,594
24,1,1788,255,206.87651700099454,49.70145111090585,1533,0,2044,511,0.0021549829,594
25,1,1788,766,206.89758285885202,49.6943886840891,1533,511,2044,1022,0.0021317643,594
26,1,1788,1277,206.9186426010345,49.68732243509443,1533,1022,2044,1533,0.002102109,594
27,1,1788,1788,206.9396962245168,49.68025236699753,1533,1533,2044,2044,0.0020540226,594
28,1,1788,2299,206.96074372628223,49.673178482875926,1533,2044,2044,2555,0.0020701052,594
29,1,1788,2810,206.9817851033223,49.666100785808965,1533,2555,2044,3066,0.002112542,594
30,1,1788,3321,207.00282035263697,49.659019278877985,1533,3066,2044,3577,0.0021258371,594
31,1,1788,3832,207.0238494712346,49.65193396516606,1533,3577,2044,4088,0.002249122,594
32,1,2299,255,206.8877669156277,49.715300827116515,2044,0,2555,511,0.002134753,594
33,1,2299,766,206.90883714558095,49.70823636237127,2044,511,2555,1022,0.0020970562,594
34,1,2299,1277,206.9299012538038,49.70116807417421,2044,1022,2555,1533,0.0021352433,594
35,1,2299,1788,206.95095923727231,49.69409596560318,2044,1533,2555,2044,0.0020686742,594
36,1,2299,2299,206.9720110929709,49.68702003973793,2044,2044,2555,2555,0.0021934342,594
37,1,2299,2810,206.99305681789235,49.67994029966006,2044,2555,2555,3066,0.0021800296,594
38,1,2299,3321,207.01409640903785,49.67285674845303,2044,3066,2555,3577,0.002104458,594
39,1,2299,3832,207.03512986341693,49.66576938920218,2044,3577,2555,4088,0.0020958576,594
40,1,2810,255,206.89902324763398,49.729149452189986,2555,0,3066,511,0.0021094168,594
41,1,2810,766,206.92009784961758,49.72208294861328,2555,511,3066,1022,0.0020813541,594
42,1,2810,1277,206.94116632380943,49.715012620311626,2555,1022,3066,1533,0.002191987,594
43,1,2810,1788,206.9622286671868,49.70793847036514,2555,1533,3066,2044,0.0021446827,594
44,1,2810,2299,206.9832848767353,49.70086050185572,2555,2044,3066,2555,0.0021476613,594
45,1,2810,2810,207.00433494944895,49.69377871786721,2555,2555,3066,3066,0.0021580125,594
46,1,2810,3321,207.0253788823301,49.68669312148529,2555,3066,3066,3577,0.0022627898,594
47,1,2810,3832,207.04641667238957,49.6796037157975,2555,3577,3066,4088,0.0021770734,594
48,1,3321,255,206.9102860016364,49.74299698290508,3066,0,3577,511,0.002104207,594
49,1,3321,766,206.93136497558163,49.735928439593614,3066,511,3577,1022,0.0021024253,594
50,1,3321,1277,206.95243781566785,49.72885607028493,3066,1022,3577,1533,0.0021846157,594
51,1,3321,1788,206.9735045188735,49.72177987806135,3066,1533,3577,2044,0.002195447,594
52,1,3321,2299,206.99456508218537,49.71469986600697,3066,2044,3577,2555,0.0021735276,594
53,1,3321,2810,207.0156195025987,49.70761603720784,3066,2555,3577,3066,0.0020674407,594
54,1,3321,3321,207.03666777711712,49.700528394751885,3066,3066,3577,3577,0.0021140883,594
55,1,3321,3832,207.05770990275263,49.69343694172881,3066,3577,3577,4088,0.0020823244,594
56,1,3832,255,206.92155518226116,49.75684341603984,3577,0,4088,511,0.0021776324,594
57,1,3832,766,206.94263852809615,49.74977283209003,3577,511,4088,1022,0.002227612,594
58,1,3832,1277,206.9637157339988,49.74269842087158,3577,1022,4088,1533,0.0021948372,594
59,1,3832,1788,206.98478679694884,49.73562018546896,3577,1533,4088,2044,0.0021166657,594
60,1,3832,2299,207.00585171393422,49.728538128968516,3577,2044,4088,2555,0.0021411616,594
61,1,3832,2810,207.0269104819515,49.72145225445854,3577,2555,4088,3066,0.0021226997,594
62,1,3832,3321,207.04796309800548,49.7143625650291,3577,3066,4088,3577,0.0020923563,594
63,1,3832,3832,207.0690095591094,49.70726906377217,3577,3577,4088,4088,0.0022369195,594
0,2,255,255,206.64394115293467,49.726584200556445,0,0,511,511,0.0021119532,594
1,2,255,766,206.66462303621236,49.71975681514851,0,511,511,1022,468.17587,1
2,2,255,1277,206.68529910986595,49.71292574621048,0,1022,511,1533,0.0021063813,594
3,2,255,1788,206.70596937096028,49.70609099660226,0,1533,511,2044,0.0022156262,594
4,2,255,2299,206.7266338165678,49.69925256918539,0,2044,511,2555,289.35934,1
5,2,255,2810,206.74729244376877,49.69241046682326,0,2555,511,3066,0.0021283645,594
6,2,255,3321,206.76794524965106,49.68556469238098,0,3066,511,3577,0.0022372347,594
7,2,255,3832,206.78859223131028,49.67871524872544,0,3577,511,4088,0.0020892785,594
8,2,766,255,206.6550281135299,49.74036187250025,511,0,1022,511,0.0020899212,594
9,2,766,766,206.67571431442497,49.7335325140457,511,511,1022,1022,0.0021860392,594
10,2,766,1277,206.69639469994237,49.726699470826226,511,1022,1022,1533,0.0020594,594
11,2,766,1788,206.717069267148,49.719862745703765,511,1533,1022,2044,0.0020786752,594
12,2,766,2299,206.73773801311526,49.71302234154196,511,2044,1022,2555,0.0020479271,594
13,2,766,2810,206.7584009349254,49.706178261206226,511,2555,1022,3066,0.0020993708,594
14,2,766,3321,206.77905802966725,49.699330507563786,511,3066,1022,3577,0.0021094584,594
15,2,766,3832,206.79970929443752,49.69247908348355,511,3577,1022,4088,0.0021435285,594
16,2,1277,255,206.66612137613475,49.7541384909215,1022,0,1533,511,0.0021433448,594
17,2,1277,766,206.68681189466395,49.7473071585382,1022,511,1533,1022,0.0020871852,594
18,2,1277,1277,206.70749659205634,49.740472140155916,1022,1022,1533,1533,0.0020361326,594
19,2,1277,1788,206.7281754653787,49.73363343863861,1022,1533,1533,2044,0.002213404,594
20,2,1277,2299,206.7488485117055,49.726791056852015,1022,2044,1533,2555,0.0021307294,594
21,2,1277,2810,206.76951572811888,49.71994499766359,1022,2555,1533,3066,0.0020944455,594
22,2,1277,3321,206.7901771117088,49.713095263942634,1022,3066,1533,3577,0.0021784722,594
23,2,1277,3832,206.8108326595729,49.70624185856011,1022,3577,1533,4088,0.0022351576,594
24,2,1788,255,206.6772209452916,49.76791405267695,1533,0,2044,511,0.0020685669,594
25,2,1788,766,206.69791578146874,49.761080745482495,1533,511,2044,1022,0.0021209647,594
26,2,1788,1277,206.7186047907442,49.754243751055725,1533,1022,2044,1533,0.0021364857,594
27,2,1788,1788,206.7392879701857,49.74740307226266,1533,1533,2044,2044,147.97774,1
28,2,1788,2299,206.75996531686872,49.740558711971104,1533,2044,2044,2555,0.0021344991,594
29,2,1788,2810,206.78063682787644,49.7337106730506,1533,2555,2044,3066,0.00218639,594
30,2,1788,3321,206.80130250029978,49.726858958372496,1533,3066,2044,3577,0.002152026,594
31,2,1788,3832,206.8219623312374,49.720003570809844,1533,3577,2044,4088,0.0022012403,594
32,2,2299,255,206.68832682554606,49.78168855462257,2044,0,2555,511,0.002071914,594
33,2,2299,766,206.7090259793819,49.77485327173423,2044,511,2555,1022,298.23624,1
34,2,2299,1277,206.72971930054544,49.768014300381004,2044,1022,2555,1533,0.0021263072,594
35,2,2299,1788,206.75040678610546,49.76117164343097,2044,1533,2555,2044,0.0022006098,594
36,2,2299,2299,206.77108843313835,49.75432530375402,2044,2044,2555,2555,0.0022985053,594
37,2,2299,2810,206.7917642387284,49.74747528422177,2044,2555,2555,3066,0.0022214737,594
38,2,2299,3321,206.81243419996747,49.740621587707594,2044,3066,2555,3577,0.0021161307,594
39,2,2299,3832,206.8330983139553,49.73376421708663,2044,3577,2555,4088,0.002243491,594
40,2,2810,255,206.69943902144706,49.79546199361349,2555,0,3066,511,0.0021485765,594
41,2,2810,766,206.7201424929493,49.788624734148236,2555,511,3066,1022,0.002155606,594
42,2,2810,1277,206.74084012600292,49.7817837849863,2555,1022,3066,1533,0.0021549936,594
43,2,2810,1788,206.7615319176777,49.77493914899782,2555,1533,3066,2044,0.0021811253,594
44,2,2810,2299,206.7822178650511,49.76809082905474,2555,2044,3066,2555,0.00214264,594
45,2,2810,2810,206.80289796520842,49.761238828030756,2555,2555,3066,3066,0.002072197,594
46,2,2810,3321,206.82357221524248,49.75438314880132,2555,3066,3066,3577,0.0021125558,594
47,2,2810,3832,206.84424061225408,49.74752379424361,2555,3577,3066,4088,0.0022860272,594
48,2,3321,255,206.71055753754683,49.80923436650405,3066,0,3577,511,0.0021607194,594
49,2,3321,766,206.73126532672006,49.802395129578585,3066,511,3577,1022,0.0021265678,594
50,2,3321,1277,206.7519672716627,49.7955522017254,3066,1022,3577,1533,0.0021373418,594
51,2,3321,1788,206.7726633694455,49.78870558581664,3066,1533,3577,2044,0.0020896532,594
52,2,3321,2299,206.79335361714695,49.78185528472642,3066,2044,3577,2555,0.0020535928,594
53,2,3321,2810,206.8140380118533,49.77500130133045,3066,2555,3577,3066,0.0021274926,594
54,2,3321,3321,206.83471655065853,49.76814363850625,3066,3066,3577,3577,0.0021273794,594
55,2,3321,3832,206.85538923066443,49.76128229913308,3066,3577,3577,4088,0.0021561524,594
56,2,3832,255,206.72168237840083,49.823005670147744,3577,0,4088,511,0.0021094012,594
57,2,3832,766,206.74239448524662,49.81616445487845,3577,511,4088,1022,0.0021557051,594
58,2,3832,1277,206.7631007420741,49.80931954745115,3577,1022,4088,1533,0.0021116752,594
59,2,3832,1788,206.78380114595507,49.802470950740094,3577,1533,4088,2044,0.002098993,594
60,2,3832,2299,206.80449569396902,49.795618667621405,3577,2044,4088,2555,0.0021633308,594
61,2,3832,2810,206.8251843832032,49.788762700972896,3577,2555,4088,3066,0.0022675667,594
62,2,3832,3321,206.8458672107527,49.78190305367416,3577,3066,4088,3577,0.0021172478,594
63,2,3832,3832,206.86654417372023,49.77503972860654,3577,3577,4088,4088,0.002183573,594
0,3,255,255,206.46597166448913,49.78611421131761,0,0,511,511,0.0021992836,199
1,3,255,766,206.48619144509246,49.77948167124528,0,511,511,1022,0.0020444852,594
2,3,255,1277,206.50640569616343,49.77284561167917,0,1022,511,1533,0.0020815663,594
3,3,255,1788,206.52661441493984,49.766206035272546,0,1533,511,2044,0.0019175004,594
4,3,255,2299,206.54681759866654,49.75956294468021,0,2044,511,2555,0.00094038853,594
5,3,255,2810,206.56701524459532,49.75291634255869,0,2555,511,3066,0.0020108356,594
6,3,255,3321,206.58720734998514,49.746266231566025,0,3066,511,3577,0.0020711657,594
7,3,255,3832,206.60739391210177,49.739612614361924,0,3577,511,4088,0.0020677214,594
8,3,766,255,206.47696908404393,49.79978069380643,511,0,1022,511,1554.682,1
9,3,766,766,206.49719307009312,49.79314624097612,511,511,1022,1022,0.0020119925,594
10,3,766,1277,206.51741152115818,49.78650826748027,511,1022,1022,1533,0.002005951,594
11,3,766,1788,206.5376244344778,49.77986677597401,511,1533,1022,2044,0.0019809292,594
12,3,766,2299,206.55783180729767,49.77322176911411,511,2044,1022,2555,0.001999327,594
13,3,766,2810,206.57803363687052,49.766573249558945,511,2555,1022,3066,0.002010335,594
14,3,766,3321,206.5982299204561,49.75992121996853,511,3066,1022,3577,0.0020880962,594
15,3,766,3832,206.61842065532116,49.75326568300442,511,3577,1022,4088,0.002101433,594
16,3,1277,255,206.48797271727426,49.81344614005391,1022,0,1533,511,0.001981056,594
17,3,1277,766,206.50820090880273,49.80680977361072,1022,511,1533,1022,0.002048949,594
18,3,1277,1277,206.5284235598899,49.800169885330924,1022,1022,1533,1533,0.0019623237,594
19,3,1277,1788,206.54864066777537,49.79352647787156,1022,1533,1533,2044,0.0020373128,594
20,3,1277,2299,206.56885222970567,49.78687955389129,1022,2044,1533,2555,0.0021991318,594
21,3,1277,2810,206.5890582429345,49.78022911605045,1022,2555,1533,3066,3311.7961,1
22,3,1277,3321,206.6092587047224,49.773575167010904,1022,3066,1533,3577,0.0020529486,594
23,3,1277,3832,206.62945361233713,49.76691770943619,1022,3577,1533,4088,0.0021127039,594
24,3,1788,255,206.49898256863548,49.82711054699228,1533,0,2044,511,0.0020039051,594
25,3,1788,766,206.51921496567368,49.82047226608103,1533,511,2044,1022,0.0020571132,594
26,3,1788,1277,206.53944181680805,49.813830462162834,1533,1022,2044,1533,0.0020423527,594
27,3,1788,1788,206.5596631192791,49.807185137896596,1533,1533,2044,2044,0.0019697035,594
28,3,1788,2299,206.57987887033426,49.80053629594293,1533,2044,2044,2555,0.0020980507,594
29,3,1788,2810,206.60008906722803,49.79388393896406,1533,2555,2044,3066,0.0020495474,594
30,3,1788,3321,206.62029370722198,49.787228069623765,1533,3066,2044,3577,0.0020549656,594
31,3,1788,3832,206.6404927875847,49.78056869058751,1533,3577,2044,4088,0.0020790445,594
32,3,2299,255,206.5099986425861,49.84077391155304,2044,0,2555,511,0.0020146891,594
33,3,2299,766,206.53023524516158,49.834133715318295,2044,511,2555,1022,0.0021173132,594
34,3,2299,1277,206.55046629636539,49.827489994906905,2044,1022,2555,1533,0.0019917944,594
35,3,2299,1788,206.5706917934388,49.820842752979765,2044,1533,2555,2044,0.0020151027,594
36,3,2299,2299,206.59091173363026,49.81419199219936,2044,2044,2555,2555,0.0020029761,594
37,3,2299,2810,206.61112611419514,49.80753771522981,2044,2555,2555,3066,0.0021245037,594
38,3,2299,3321,206.63133493239587,49.80087992473687,2044,3066,2555,3577,0.002163127,594
39,3,2299,3832,206.65153818550203,49.79421862338785,2044,3577,2555,4088,0.0020569954,594
40,3,2810,255,206.52102094358779,49.85443623066693,2555,0,3066,511,0.0019512096,594
41,3,2810,766,206.54126175172522,49.84779411825292,2555,511,3066,1022,0.0019569367,594
42,3,2810,1277,206.56149700301773,49.841148480493324,2555,1022,3066,1533,0.0019893544,594
43,3,2810,1788,206.58172669470753,49.83449932005091,2555,1533,3066,2044,0.0019944739,594
44,3,2810,2299,206.60195082404383,49.82784663959014,2555,2044,3066,2555,0.0021825612,594
45,3,2810,2810,206.62216938828297,49.82119044177702,2555,2555,3066,3066,0.0019720711,594
46,3,2810,3321,206.64238238468832,49.81453072927923,2555,3066,3066,3577,0.002186904,594
47,3,2810,3832,206.66258981053036,49.80786750476601,2555,3577,3066,4088,0.0021142764,594
48,3,3321,255,206.53204947610544,49.86809750126381,3066,0,3577,511,0.0020383846,594
49,3,3321,766,206.55229448982666,49.8614534718145,3066,511,3577,1022,0.0019862081,594
50,3,3321,1277,206.57253394122426,49.85480591585136,3066,1022,3577,1533,0.002063048,594
51,3,3321,1788,206.59276782754137,49.848154836039086,3066,1533,3577,2044,0.0020288301,594
52,3,3321,2299,206.61299614602817,49.841500235044045,3066,2044,3577,2555,0.002024161,594
53,3,3321,2810,206.63321889394186,49.83484211553419,3066,2555,3577,3066,0.001988038,594
54,3,3321,3321,206.65343606854674,49.82818048017907,3066,3066,3577,3577,0.0021009054,594
55,3,3321,3832,206.67364766711418,49.82151533164986,3066,3577,3577,4088,0.002196193,594
56,3,3832,255,206.54308424460726,49.88175772027285,3577,0,4088,511,0.0019231094,594
57,3,3832,766,206.56333346393106,49.875111772931895,3577,511,4088,1022,0.0019743883,594
58,3,3832,1277,206.5835771154472,49.86846229790957,3577,1022,4088,1533,0.0019752453,594
59,3,3832,1788,206.60381519639972,49.86180929787256,3577,1533,4088,2044,0.0020679329,594
60,3,3832,2299,206.6240477040397,49.855152775489074,3577,2044,4088,2555,0.0021202674,594
61,3,3832,2810,206.64427463562524,49.84849273342899,3577,2555,4088,3066,0.00207819,594
62,3,3832,3321,206.66449598842163,49.84182917436382,3577,3066,4088,3577,0.0020415399,594
63,3,3832,3832,206.68471175970112,49.83516210096663,3577,3577,4088,4088,0.0021340963,594
0,4,255,255,206.97550799996353,49.76787210029299,0,0,511,511,0.0021906379,594
1,4,255,766,206.99668049585523,49.760853299643195,0,511,511,1022,0.0022853275,594
2,4,255,1277,207.0178468688891,49.753830639484875,0,1022,511,1533,0.0021988957,594
3,4,255,1788,207.03900711594588,49.74680412290084,0,1533,511,2044,0.0021700028,594
4,4,255,2299,207.06016123391495,49.7397737529758,0,2044,511,2555,0.0021693718,594
5,4,255,2810,207.0813092196941,49.7327395327964,0,2555,511,3066,0.0020973326,594
6,4,255,3321,207.1024510701896,49.725701465451195,0,3066,511,3577,0.0021731367,594
7,4,255,3832,207.12358678231624,49.71865955403068,0,3577,511,4088,0.0021748862,594
8,4,766,255,206.98687188047973,49.78161853216126,511,0,1022,511,0.0021970496,594
9,4,766,766,207.00804874252486,49.77459766174132,511,511,1022,1022,435.8849,1
10,4,766,1277,207.02921947560694,49.76757293054971,511,1022,1022,1533,0.002376555,594
11,4,766,1788,207.05038407660786,49.76054434167144,511,1533,1022,2044,0.0022576116,594
12,4,766,2299,207.07154254241823,49.75351189819352,511,2044,1022,2555,0.0022071041,594
13,4,766,2810,207.09269486993702,49.746475603204814,511,2555,1022,3066,0.002239859,594
14,4,766,3321,207.11384105607175,49.73943545979614,511,3066,1022,3577,0.0022184043,594
15,4,766,3832,207.13498109773838,49.7323914710602,511,3577,1022,4088,0.0021240842,594
16,4,1277,255,206.99824221525196,49.795363857317845,1022,0,1533,511,0.0021955993,594
17,4,1277,766,207.01942344332772,49.78834091619411,1022,511,1533,1022,0.0022350708,594
18,4,1277,1277,207.0405985363291,49.78131411303638,1022,1022,1533,1533,0.0021775085,594
19,4,1277,1788,207.0617674911394,49.774283450931975,1022,1533,1533,2044,0.002218392,594
20,4,1277,2299,207.08293030465023,49.767248932970055,1022,2044,1533,2555,0.0021759293,594
21,4,1277,2810,207.10408697376192,49.76021056224182,1022,2555,1533,3066,0.002268657,594
22,4,1277,3321,207.12523749538312,49.75316834184025,1022,3066,1533,3577,0.002266099,594
23,4,1277,3832,207.14638186643108,49.74612227486033,1022,3577,1533,4088,0.0022335248,594
24,4,1788,255,207.0096190088842,49.809108072555645,1533,0,2044,511,0.0022012193,594
25,4,1788,766,207.03080460286427,49.80208305979418,1533,511,2044,1022,0.0021730205,594
26,4,1788,1277,207.0519840556528,49.79505418373727,1533,1022,2044,1533,0.0022169414,594
27,4,1788,1788,207.07315736413423,49.788021447474456,1533,1533,2044,2044,0.0020835223,594
28,4,1788,2299,207.09432452520144,49.78098485409717,1533,2044,2044,2555,0.002142258,594
29,4,1788,2810,207.11548553575585,49.77394440669883,1533,2555,2044,3066,0.0021693315,594
30,4,1788,3321,207.13664039270742,49.76690010837471,1533,3066,2044,3577,0.002165442,594
31,4,1788,3832,207.1577890929746,49.75985196222206,1533,3577,2044,4088,0.0022071353,594
32,4,2299,255,207.02100226598336,49.82285117466666,2044,0,2555,511,0.0022468632,594
33,4,2299,766,207.04219222573826,49.815824089333255,2044,511,2555,1022,0.0022246034,594
34,4,2299,1277,207.0633760381784,49.808793139443786,2044,1022,2555,1533,0.0022349153,594
35,4,2299,1788,207.0845537001894,49.80175832809007,2044,1533,2555,2044,0.0021407076,594
36,4,2299,2299,207.10572520866538,49.79471965836578,2044,2044,2555,2555,0.0021864588,594
37,4,2299,2810,207.126890560509,49.78767713336654,2044,2555,2555,3066,0.0021501759,594
38,4,2299,3321,207.14804975263144,49.78063075618995,2044,3066,2555,3577,0.0021124673,594
39,4,2299,3832,207.1692027819524,49.77358052993542,2044,3577,2555,4088,0.0021603599,594
40,4,2810,255,207.03239199115984,49.836593160442085,2555,0,3066,511,0.0021978433,594
41,4,2810,766,207.0535863165566,49.82956400160223,2555,511,3066,1022,0.0021027697,594
42,4,2810,1277,207.07477448850938,49.82253097694657,2555,1022,3066,1533,0.002143749,594
43,4,2810,1788,207.095956503905,49.81549408956915,2555,1533,3066,2044,0.0021771104,594
44,4,2810,2299,207.11713235963882,49.808453342565905,2555,2044,3066,2555,0.002215793,594
45,4,2810,2810,207.13830205261476,49.80140873903474,2555,2555,3066,3066,0.002223052,594
46,4,2810,3321,207.15946557974516,49.794360282075445,2555,3066,3066,3577,4825.9995,1
47,4,2810,3832,207.1806229379511,49.78730797478973,2555,3577,3066,4088,0.0020536433,594
48,4,3321,255,207.04378818902708,49.850334026672236,3066,0,3577,511,0.0022661064,594
49,4,3321,766,207.06498687992936,49.843302793391175,3066,511,3577,1022,0.0022918847,594
50,4,3321,1277,207.08617941125246,49.836267693035424,3066,1022,3577,1533,0.002108892,594
51,4,3321,1788,207.1073657798844,49.82922872870124,3066,1533,3577,2044,0.0021691087,594
52,4,3321,2299,207.12854598272173,49.822185903486854,3066,2044,3577,2555,0.002228648,594
53,4,3321,2810,207.14972001666962,49.8151392204924,3066,2555,3577,3066,0.0021943427,594
54,4,3321,3321,207.1708878786418,49.80808868281993,3066,3066,3577,3577,0.0021847214,594
55,4,3321,3832,207.19204956556035,49.8010342935734,3066,3577,3577,4088,0.0022391954,594
56,4,3832,255,207.0551908642017,49.864073770146646,3577,0,4088,511,0.0022257387,594
57,4,3832,766,207.07639392046983,49.85704046148935,3577,511,4088,1022,0.0022012666,594
58,4,3832,1277,207.09759081101754,49.850003284499294,3577,1022,4088,1533,0.0022018556,594
59,4,3832,1788,207.11878153273403,49.842962242275014,3577,1533,4088,2044,0.0021145598,594
60,4,3832,2299,207.1399660825172,49.835917337917024,3577,2044,4088,2555,0.0022862367,594
61,4,3832,2810,207.16114445727337,49.82886857452767,3577,2555,4088,3066,0.0021804234,594
62,4,3832,3321,207.1823166539175,49.82181595521128,3577,3066,4088,3577,0.0022164958,594
63,4,3832,3832,207.20348266937305,49.814759483074035,3577,3577,4088,4088,0.0021823482,594
0,5,255,255,206.77573838764758,49.8352015899067,0,0,511,511,0.0021930172,594
1,5,255,766,206.7965465023625,49.82838577590115,0,511,511,1022,0.0021582094,594
2,5,255,1277,206.8173487595707,49.82156623561417,0,1022,511,1533,0.0022911371,594
3,5,255,1788,206.83814515626324,49.814742971932624,0,1533,511,2044,0.0021784136,594
4,5,255,2299,206.8589356894391,49.807915987745154,0,2044,511,2555,0.0021788862,594
5,5,255,2810,206.8797203561051,49.801085285942214,0,2555,511,3066,0.0021385876,594
6,5,255,3321,206.9004991532759,49.794250869416075,0,3066,511,3577,0.0022448106,594
7,5,255,3832,206.92127207797404,49.787412741060756,0,3577,511,4088,0.0020975154,594
8,5,766,255,206.78706339838487,49.84884415700807,511,0,1022,511,0.0021888083,594
9,5,766,766,206.80787579436,49.842026316585326,511,511,1022,1022,0.0021181488,594
10,5,766,1277,206.82868232698073,49.83520474867201,511,1022,1022,1533,0.0021687867,594
11,5,766,1788,206.84948299323923,49.82837945615709,511,1533,1022,2044,0.0021845922,594
12,5,766,2299,206.87027779013556,49.82155044193134,511,2044,1022,2555,0.002147805,594
13,5,766,2810,206.89106671467752,49.8147177088873,511,2555,1022,3066,603.96533,1
14,5,766,3321,206.91184976388092,49.80788125991936,511,3066,1022,3577,0.0021616248,594
15,5,766,3832,206.9326269347694,49.80104109792367,511,3577,1022,4088,0.0023557656,594
16,5,1277,255,206.79839480789636,49.862485625358765,1022,0,1533,511,0.0022216847,594
17,5,1277,766,206.81921148502056,49.855665757596654,1022,511,1533,1022,0.0021600334,594
18,5,1277,1277,206.84002229293705,49.848842161135615,1022,1022,1533,1533,146.40553,1
19,5,1277,1788,206.86082722863898,49.84201483886675,1022,1533,1533,2044,0.0021424913,594
20,5,1277,2299,206.88162628912747,49.835183793682944,1022,2044,1533,2555,0.0022170264,594
21,5,1277,2810,206.90241947141143,49.828349028478826,1022,2555,1533,3066,292.19113,1
22,5,1277,3321,206.92320677250774,49.82151054615097,1022,3066,1533,3577,0.002277272,594
23,5,1277,3832,206.94398818944111,49.81466834959762,1022,3577,1533,4088,0.0021517586,594
24,5,1788,255,206.80973262071956,49.87612599181055,1533,0,2044,511,0.0021580441,594
25,5,1788,766,206.8305535788785,49.869304095786596,1533,511,2044,1022,0.002233219,594
26,5,1788,1277,206.8513686619706,49.86247846985619,1533,1022,2044,1533,0.0021784366,594
27,5,1788,1788,206.87217786699017,49.855649116912524,1533,1533,2044,2044,0.0022300151,594
28,5,1788,2299,206.89298119093928,49.84881603985062,1533,2044,2044,2555,0.002251916,594
29,5,1788,2810,206.91377863082798,49.84197924156725,1533,2555,2044,3066,0.0021978286,594
30,5,1788,3321,206.93457018367428,49.83513872496105,1533,3066,2044,3577,0.0021744187,594
31,5,1788,3832,206.95535584650392,49.828294492932386,1533,3577,2044,4088,0.0021464592,594
32,5,2299,255,206.82107684139496,49.88976525321436,2044,0,2555,511,0.0020906222,594
33,5,2299,766,206.84190208047107,49.88294132800582,2044,511,2555,1022,0.0021931387,594
34,5,2299,1277,206.86272143861552,49.87611367168411,2044,1022,2555,1533,0.0021177866,594
35,5,2299,1788,206.8835349128236,49.86928228714455,2044,1533,2555,2044,0.0022479382,594
36,5,2299,2299,206.90434250009855,49.86244717728423,2044,2044,2555,2555,0.002239834,594
37,5,2299,2810,206.9251441974515,49.85560834500211,2044,2555,2555,3066,0.002255525,594
38,5,2299,3321,206.94594000190148,49.84876579319889,2044,3066,2555,3577,0.0022919301,594
39,5,2299,3832,206.96672991047546,49.84191952477712,2044,3577,2555,4088,0.0022100913,594
40,5,2810,255,206.83242747446636,49.90340340642029,2555,0,3066,511,0.0021524455,594
41,5,2810,766,206.85325699433875,49.89657745110416,2555,511,3066,1022,0.0022622743,594
42,5,2810,1277,206.8740806274089,49.889747763468954,2555,1022,3066,1533,0.0021845954,594
43,5,2810,1788,206.89489837067316,49.88291434641207,2555,1533,3066,2044,0.0021348246,594
44,5,2810,2299,206.91571022113587,49.8760772028328,2555,2044,3066,2555,0.0022077481,594
45,5,2810,2810,206.9365161758093,49.86923633563219,2555,2555,3066,3066,0.0022127023,594
46,5,2810,3321,206.9573162317135,49.86239174771303,2555,3066,3066,3577,0.0022322626,594
47,5,2810,3832,206.97811038587662,49.85554344198001,2555,3577,3066,4088,0.0023182356,594
48,5,3321,255,206.8437845244805,49.91704044827762,3066,0,3577,511,0.0021512865,594
49,5,3321,766,206.86461832502508,49.91021246193063,3066,511,3577,1022,0.0022067288,594
50,5,3321,1277,206.88544623289104,49.903380742059426,3066,1022,3577,1533,0.0021708289,594
51,5,3321,1788,206.9062682450759,49.89654529156363,3066,1533,3577,2044,0.002266219,594
52,5,3321,2299,206.92708435858503,49.88970611334456,3066,2044,3577,2555,0.0022051535,594
53,5,3321,2810,206.9478945704318,49.8828632103054,3066,2555,3577,3066,0.00228834,594
54,5,3321,3321,206.96869887763742,49.87601658535114,3066,3066,3577,3577,0.0021490022,594
55,5,3321,3832,206.98949727723115,49.86916624138851,3066,3577,3577,4088,0.0022213166,594
56,5,3832,255,206.85514799598738,49.93067637563482,3577,0,4088,511,0.0020570457,594
57,5,3832,766,206.8759860770767,49.92384635733339,3577,511,4088,1022,0.002192241,594
58,5,3832,1277,206.89681825960537,49.917012604303515,3577,1022,4088,1533,0.0022256775,594
59,5,3832,1788,206.9176445405719,49.91017511944685,3577,1533,4088,2044,0.0021617925,594
60,5,3832,2299,206.93846491698284,49.90333390566689,3577,2044,4088,2555,0.0023680131,594
61,5,3832,2810,206.9592793858526,49.89648896586895,3577,2555,4088,3066,0.0022802807,594
62,5,3832,3321,206.98008794420358,49.88964030296008,3577,3066,4088,3577,0.0022957798,594
63,5,3832,3832,207.0008905890661,49.88278791984922,3577,3577,4088,4088,0.0021434252,594
0,6,255,255,206.59794523468267,49.89448792956308,0,0,511,511,0.002024148,594
1,6,255,766,206.61835921265003,49.887918203886045,0,511,511,1022,0.0021259363,594
2,6,255,1277,206.6387676397934,49.88134489308167,0,1022,511,1533,6971.837,1
3,6,255,1788,206.65917051320002,49.874767999821984,0,1533,511,2044,0.002113237,594
4,6,255,2299,206.67956782996424,49.86818752678063,0,2044,511,2555,0.0021307427,594
5,6,255,2810,206.69995958718775,49.861603476633114,0,2555,511,3066,0.0021727665,594
6,6,255,3321,206.72034578197938,49.85501585205647,0,3066,511,3577,0.0021550904,594
7,6,255,3832,206.7407264114552,49.848424655729545,0,3577,511,4088,0.0022640724,594
8,6,766,255,206.60916227364663,49.90803298308979,511,0,1022,511,0.0020615375,594
9,6,766,766,206.62958046140585,49.901461289007734,511,511,1022,1022,0.002127818,594
10,6,766,1277,206.64999309278798,49.894886008637094,511,1022,1022,1533,0.002159581,594
11,6,766,1788,206.67040016488104,49.888307144651876,511,1533,1022,2044,0.002180345,594
12,6,766,2299,206.69080167478043,49.881724699727776,511,2044,1022,2555,0.0020727143,594
13,6,766,2810,206.71119761958855,49.87513867654218,511,2555,1022,3066,0.0021509856,594
14,6,766,3321,206.73158799641521,49.86854907777419,511,3066,1022,3577,0.0022120208,594
15,6,766,3832,206.7519728023774,49.861955906104534,511,3577,1022,4088,0.0021199668,594
16,6,1277,255,206.62038561825835,49.9215769591155,1022,0,1533,511,0.0020237826,594
17,6,1277,766,206.64080801575045,49.91500329572235,1022,511,1533,1022,0.002277036,594
18,6,1277,1277,206.6612248513069,49.908426044880144,1022,1022,1533,1533,0.0021648216,594
19,6,1277,1788,206.6816361220166,49.90184520926486,1022,1533,1533,2044,0.002066176,594
20,6,1277,2299,206.70204182497577,49.89526079155419,1022,2044,1533,2555,0.0021465393,594
21,6,1277,2810,206.72244195728777,49.88867279442748,1022,2555,1533,3066,0.002081067,594
22,6,1277,3321,206.74283651606328,49.88208122056579,1022,3066,1533,3577,0.0021914404,594
23,6,1277,3832,206.76322549842016,49.87548607265188,1022,3577,1533,4088,0.0022421696,594
24,6,1788,255,206.6316152729744,49.93511985456654,1533,0,2044,511,0.0020813197,594
25,6,1788,766,206.65204188013732,49.92854422095592,1533,511,2044,1022,24463.766,1
26,6,1788,1277,206.67246291980058,49.92196499873657,1533,1022,2044,1533,156.64355,1
27,6,1788,1788,206.69287838905396,49.915382190586406,1533,1533,2044,2044,0.002134307,594
28,6,1788,2299,206.71328828499452,49.90879579918509,1533,2044,2044,2555,0.002098648,594
29,6,1788,2810,206.73369260472657,49.90220582721395,1533,2555,2044,3066,0.002117851,594
30,6,1788,3321,206.75409134536164,49.89561227735602,1533,3066,2044,3577,0.0022120257,594
31,6,1788,3832,206.77448450401855,49.88901515229603,1533,3577,2044,4088,0.0021911145,594
32,6,2299,255,206.64285124225432,49.94866166636837,2044,0,2555,511,0.0021543177,594
33,6,2299,766,206.663282059023,49.94208406163372,2044,511,2555,1022,0.002185517,594
34,6,2299,1277,206.6837073027225,49.93550286713138,2044,1022,2555,1533,0.0020791048,594
35,6,2299,1788,206.7041269704435,49.92891808554122,2044,1533,2555,2044,0.0021354284,594
36,6,2299,2299,206.72454105928398,49.92232971954491,2044,2044,2555,2555,0.0020929927,594
37,6,2299,2810,206.74494956634913,49.915737771825775,2044,2555,2555,3066,0.002093542,594
38,6,2299,3321,206.76535248875143,49.90914224506879,2044,3066,2555,3577,0.0021310905,594
39,6,2299,3832,206.78574982361056,49.90254314196069,2044,3577,2555,4088,0.00218839,594
40,6,2810,255,206.65409353056089,49.962202391445736,2555,0,3066,511,0.0019931453,594
41,6,2810,766,206.6745285568671,49.95562281468017,2555,511,3066,1022,0.0019682373,594
42,6,2810,1277,206.69495800452918,49.94903964698869,2555,1022,3066,1533,0.002116561,594
43,6,2810,1788,206.71538187063868,49.9424528910532,2555,1533,3066,2044,0.0020602227,594
44,6,2810,2299,206.7358001522945,49.93586254955731,2555,2044,3066,2555,0.0020763935,594
45,6,2810,2810,206.75621284660275,49.9292686251863,2555,2555,3066,3066,0.0020900986,594
46,6,2810,3321,206.77661995067677,49.92267112062721,2555,3066,3066,3577,0.0022856332,594
47,6,2810,3832,206.7970214616372,49.916070038568655,2555,3577,3066,4088,0.0021690223,594
48,6,3321,255,206.66534214235983,49.975742026722536,3066,0,3577,511,0.001983854,594
49,6,3321,766,206.6857813781323,49.969160477018896,3066,511,3577,1022,0.002047896,594
50,6,3321,1277,206.70621502968018,49.96257533523193,3066,1022,3577,1533,0.0021214983,594
51,6,3321,1788,206.726643094096,49.95598660404547,3066,1533,3577,2044,0.0021638724,594
52,6,3321,2299,206.74706556847948,49.949394286145115,3066,2044,3577,2555,0.0021572046,594
53,6,3321,2810,206.7674824499377,49.94279838421815,3066,2555,3577,3066,0.0021457707,594
54,6,3321,3321,206.78789373558487,49.93619890095356,3066,3066,3577,3577,0.0021419313,594
55,6,3321,3832,206.80829942254263,49.92959583904201,3066,3577,3577,4088,0.0021714729,594
56,6,3832,255,206.67659708212003,49.989280569121874,3577,0,4088,511,0.0020274916,594
57,6,3832,766,206.69704052728434,49.98269704557278,3577,511,4088,1022,0.002064384,594
58,6,3832,1277,206.71747838263823,49.976109928783615,3577,1022,4088,1533,0.002156764,594
59,6,3832,1788,206.737910645275,49.96951922144028,3577,1533,4088,2044,0.002006092,594
60,6,3832,2299,206.75833731229537,49.96292492623033,3577,2044,4088,2555,0.0021915906,594
61,6,3832,2810,206.7787583808073,49.95632704584307,3577,2555,4088,3066,0.0020824936,594
62,6,3832,3321,206.79917384792594,49.9497255829694,3577,3066,4088,3577,0.0021473707,594
63,6,3832,3832,206.81958371077386,49.94312054030197,3577,3577,4088,4088,0.002252709,594
0,7,255,255,207.16196336369177,49.857750443240924,0,0,511,511,0.0021333615,594
1,7,255,766,207.18326309160983,49.850710784704226,0,511,511,1022,0.0022095311,594
2,7,255,1277,207.2045566219617,49.84366722219295,0,1022,511,1533,0.0023034583,594
3,7,255,1788,207.22584395157241,49.836619758835,0,1533,511,2044,0.002170453,594
4,7,255,2299,207.24712507727583,49.82956839776024,0,2044,511,2555,0.0022504837,594
5,7,255,2810,207.2683999959144,49.82251314210047,0,2555,511,3066,0.0022400762,594
6,7,255,3321,207.28966870433925,49.81545399498947,0,3066,511,3577,0.0021003927,594
7,7,255,3832,207.31093119941028,49.80839095956297,0,3577,511,4088,0.0021869445,594
8,7,766,255,207.1733935257776,49.871343255467735,511,0,1022,511,0.002189659,594
9,7,766,766,207.1946975876558,49.8643015037023,511,511,1022,1022,0.0021972216,594
10,7,766,1277,207.2159954458014,49.857255846715205,511,1022,1022,1533,0.0021705842,594
11,7,766,1788,207.23728709704073,49.85020628763664,511,1533,1022,2044,0.002159596,594
12,7,766,2299,207.25857253820882,49.84315282959875,511,2044,1022,2555,0.0021406265,594
13,7,766,2810,207.27985176614942,49.83609547573561,511,2555,1022,3066,0.0021713378,594
14,7,766,3321,207.301124777715,49.82903422918328,511,3066,1022,3577,0.002196692,594
15,7,766,3832,207.32239156976664,49.82196909307978,511,3577,1022,4088,0.0021131034,594
16,7,1277,255,207.18483012763056,49.88493494848902,1022,0,1533,511,1457.0262,1
17,7,1277,766,207.20613852327477,49.8778911025485,1022,511,1533,1022,0.0021540916,594
18,7,1277,1277,207.227440709014,49.87084335014012,1022,1022,1533,1533,0.0021731777,594
19,7,1277,1788,207.24873668167572,49.863791694396326,1022,1533,1533,2044,0.0021531964,594
20,7,1277,2299,207.2700264380964,49.856736138451566,1022,2044,1533,2555,0.0021995013,594
21,7,1277,2810,207.29130997512098,49.84967668544221,1022,2555,1533,3066,0.002282157,594
22,7,1277,3321,207.3125872896032,49.84261333850661,1022,3066,1533,3577,0.002188844,594
23,7,1277,3832,207.33385837840552,49.83554610078501,1022,3577,1533,4088,0.0021953399,594
24,7,1788,255,207.19627317378237,49.89852551914947,1533,0,2044,511,9864.402,1
25,7,1788,766,207.21758590299498,49.89147957808724,1533,511,2044,1022,0.0022154625,594
26,7,1788,1277,207.23889241612423,49.88442972931183,1533,1022,2044,1533,0.0021542562,594
27,7,1788,1788,207.26019270999882,49.877375975957975,1533,1533,2044,2044,0.0022159067,594
28,7,1788,2299,207.28148678145652,49.870318321162365,1533,2044,2044,2555,0.0021622966,594
29,7,1788,2810,207.30277462734355,49.86325676806371,1533,2555,2044,3066,0.0021666368,594
30,7,1788,3321,207.324056244515,49.85619131980257,1533,3066,2044,3577,0.0022827454,594
31,7,1788,3832,207.3453316298345,49.84912197952158,1533,3577,2044,4088,0.0022256009,594
32,7,2299,255,207.20772266876784,49.91211496429294,2044,0,2555,511,0.0022628263,594
33,7,2299,766,207.2290397313478,49.90506692716217,2044,511,2555,1022,0.0021889445,594
34,7,2299,1277,207.25035057165996,49.8980149810737,2044,1022,2555,1533,0.0022586202,594
35,7,2299,1788,207.27165518653447,49.89095912916465,2044,1533,2555,2044,0.0021898306,594
36,7,2299,2299,207.2929535728102,49.883899374573986,2044,2044,2555,2555,0.0022196863,594
37,7,2299,2810,207.31424572733468,49.876835720442635,2044,2555,2555,3066,0.0021022325,594
38,7,2299,3321,207.33553164696437,49.86976816991353,2044,3066,2555,3577,0.002131803,594
39,7,2299,3832,207.3568113285642,49.86269672613154,2044,3577,2555,4088,0.0022942766,594
40,7,2810,255,207.21917861712467,49.9257032807625,2555,0,3066,511,0.002215259,594
41,7,2810,766,207.24050001286753,49.918653146615966,2555,511,3066,1022,0.002129062,594
42,7,2810,1277,207.26181518015218,49.91159910226825,2555,1022,3066,1533,0.0021482166,594
43,7,2810,1788,207.2831241158101,49.90454115085863,2555,1533,3066,2044,0.0022282826,594
44,7,2810,2299,207.30442681668137,49.89747929552839,2555,2044,3066,2555,0.0022809799,594
45,7,2810,2810,207.3257232796149,49.890413539420756,2555,2555,3066,3066,0.002188571,594
46,7,2810,3321,207.34701350146838,49.88334388568097,2555,3066,3066,3577,0.0021498085,594
47,7,2810,3832,207.36829747910818,49.876270337456134,2555,3577,3066,4088,0.002235856,594
48,7,3321,255,207.23064102339376,49.93929046540031,3066,0,3577,511,0.0021662188,594
49,7,3321,766,207.25196675209156,49.93223823329069,3066,511,3577,1022,0.0021674056,594
50,7,3321,1277,207.2732862461348,49.92518208973716,3066,1022,3577,1533,0.0022365267,594
51,7,3321,1788,207.29459950235614,49.91812203788132,3066,1533,3577,2044,0.0021702815,594
52,7,3321,2299,207.31590651759706,49.911058080866766,3066,2044,3577,2555,0.0022386126,594
53,7,3321,2810,207.33720728870773,49.903990221839,3066,2555,3577,3066,0.0021661117,594
54,7,3321,3321,207.35850181254716,49.89691846394554,3066,3066,3577,3577,0.0021996826,594
55,7,3321,3832,207.37979008598302,49.889842810335786,3066,3577,3577,4088,0.0021457626,594
56,7,3832,255,207.242109892119,49.95287651504779,3577,0,4088,511,0.0023544796,594
57,7,3832,766,207.26343995356038,49.94582218402741,3577,511,4088,1022,0.0022322708,594
58,7,3832,1277,207.28476377414478,49.9387639403213,3577,1022,4088,1533,0.0022161363,594
59,7,3832,1788,207.30608135070617,49.93170178707337,3577,1533,4088,2044,0.0021963487,594
60,7,3832,2299,207.3273926800873,49.92463572742949,3577,2044,4088,2555,0.0022342787,594
61,7,3832,2810,207.34869775913975,49.917565764537464,3577,2555,4088,3066,3283.218,1
62,7,3832,3321,207.36999658472376,49.910491901547104,3577,3066,4088,3577,0.0021550837,594
63,7,3832,3832,207.3912891537084,49.90341414161009,3577,3577,4088,4088,0.0022065572,594
0,8,255,255,206.9613209398719,49.92558929143874,0,0,511,511,0.0021828914,594
1,8,255,766,206.98237335048876,49.91880808313863,0,511,511,1022,0.0021505915,594
2,8,255,1277,207.00341984618407,49.91202306261277,0,1022,511,1533,0.0021996389,594
3,8,255,1788,207.02446042377298,49.905234232794626,0,1533,511,2044,0.0021503968,594
4,8,255,2299,207.04549508007887,49.89844159661962,0,2044,511,2555,0.0021368836,594
5,8,255,2810,207.0665238119332,49.89164515702501,0,2555,511,3066,0.0021854294,594
6,8,255,3321,207.08754661617567,49.884844916949966,0,3066,511,3577,0.0021423388,594
7,8,255,3832,207.10856348965413,49.87804087933564,0,3577,511,4088,0.0021300921,594
8,8,766,255,206.9726894814315,49.9391024830558,511,0,1022,511,0.0020942849,594
9,8,766,766,206.99374620174092,49.93231921781781,511,511,1022,1022,0.0020913875,594
10,8,766,1277,207.01479700118745,49.92553213913761,511,1022,1022,1533,0.0020647263,594
11,8,766,1788,207.03584187658723,49.918741249950855,511,1533,1022,2044,0.0021604027,594
12,8,766,2299,207.05688082476473,49.91194655319512,511,2044,1022,2555,0.0021168035,594
13,8,766,2810,207.07791384255242,49.90514805180986,511,2555,1022,3066,0.0021244723,594
14,8,766,3321,207.09894092679104,49.89834574873646,511,3066,1022,3577,0.0021583925,594
15,8,766,3832,207.1199620743295,49.891539646918204,511,3577,1022,4088,0.0020607233,594
16,8,1277,255,206.98406440583577,49.95261456798397,1022,0,1533,511,0.0021807596,594
17,8,1277,766,207.00512543569945,49.94582924485635,1022,511,1533,1022,0.0021311135,594
18,8,1277,1277,207.02618053875318,49.93904010707092,1022,1022,1533,1533,0.002095151,594
19,8,1277,1788,207.04722971181403,49.93224715756551,1022,1533,1533,2044,0.0021705325,594
20,8,1277,2299,207.06827295170748,49.925450399279796,1022,2044,1533,2555,0.0022097295,594
21,8,1277,2810,207.0893102552671,49.91864983515551,1022,2555,1533,3066,0.0020131906,594
22,8,1277,3321,207.11034161933463,49.9118454681362,1022,3066,1533,3577,0.0021411038,594
23,8,1277,3832,207.13136704076013,49.905037301167276,1022,3577,1533,4088,0.0020880573,594
24,8,1788,255,206.99544571756417,49.9661255431215,1533,0,2044,511,0.0022889916,594
25,8,1788,766,207.01651105684064,49.95933816115232,1533,511,2044,1022,0.002064797,594
26,8,1788,1277,207.0375704633542,49.952546963310496,1533,1022,2044,1533,0.0021678365,594
27,8,1788,1788,207.05862393392297,49.94575195253604,1533,1533,2044,2044,259.2912,1
28,8,1788,2299,207.07967146537345,49.938953131770944,1533,2044,2044,2555,0.0022071593,594
29,8,1788,2810,207.10071305454025,49.93215050395895,1533,2555,2044,3066,0.00212121,594
30,8,1788,3321,207.12174869826623,49.92534407204587,1533,3066,2044,3577,0.0021518627,594
31,8,1788,3832,207.14277839340238,49.918533838979336,1533,3577,2044,4088,0.002097092,594
32,8,2299,255,207.0068334210993,49.979635405365954,2044,0,2555,511,0.0020693773,594
33,8,2299,766,207.02790306964377,49.97284596360292,2044,511,2555,1022,0.002053188,594
34,8,2299,1277,207.0489667794665,49.96605270475329,2044,1022,2555,1533,0.0021166885,594
35,8,2299,1788,207.07002454738677,49.95925563175924,2044,1533,2555,2044,0.0022160686,594
36,8,2299,2299,207.091076370232,49.95245474756493,2044,2044,2555,2555,0.002182959,594
37,8,2299,2810,207.11212224483793,49.94565005511637,2044,2555,2555,3066,0.00217604,594
38,8,2299,3321,207.1331621680485,49.93884155736144,2044,3066,2555,3577,0.0021318344,594
39,8,2299,3832,207.1541961367157,49.93202925725005,2044,3577,2555,4088,0.0021578644,594
40,8,2810,255,207.0182275209267,49.99314415161401,2555,0,3066,511,0.0021151318,594
41,8,2810,766,207.03930147859103,49.98635264910458,2555,511,3066,1022,0.0021247456,594
42,8,2810,1277,207.06036949156902,49.979557328295456,2555,1022,3066,1533,0.002158416,594
43,8,2810,1788,207.081431556681,49.97275819213098,2555,1533,3066,2044,0.0021403546,594
44,8,2810,2299,207.10248767075544,49.96595524355747,2555,2044,3066,2555,0.0022194502,594
45,8,2810,2810,207.12353783062912,49.95914848552311,2555,2555,3066,3066,0.0021639524,594
46,8,2810,3321,207.14458203314712,49.95233792097805,2555,3066,3066,3577,0.0021131474,594
47,8,2810,3832,207.16562027516247,49.945523552874285,2555,3577,3066,4088,90.587875,1
48,8,3321,255,207.029628021535,50.00665177876149,3066,0,3577,511,0.0020885237,594
49,8,3321,766,207.05070628816776,49.99985821455294,3066,511,3577,1022,0.00223002,594
50,8,3321,1277,207.07177860414376,49.99306083083235,3066,1022,3577,1533,0.0021104973,594
51,8,3321,1788,207.09284496628433,49.98625963054632,3066,1533,3577,2044,0.0021250597,594
52,8,3321,2299,207.1139053714191,49.979454616643345,3066,2044,3577,2555,0.0021578763,594
53,8,3321,2810,207.13495981638584,49.972645792073784,3066,2555,3577,3066,0.0020755758,594
54,8,3321,3321,207.1560082980307,49.96583315978998,3066,3066,3577,3577,0.002144961,594
55,8,3321,3832,207.17705081320793,49.959016722746114,3066,3577,3577,4088,0.002059456,594
56,8,3832,255,207.0410349274158,50.02015828370345,3577,0,4088,511,0.002085564,594
57,8,3832,766,207.06211750286224,50.013362656842716,3577,511,4088,1022,0.0021618498,594
58,8,3832,1277,207.08319412167563,50.00656320925849,3577,1022,4088,1533,0.0021081637,594
59,8,3832,1788,207.1042647806784,49.999759943899555,3577,1533,4088,2044,0.0021540592,594
60,8,3832,2299,207.12532947670124,49.99295286371657,3577,2044,4088,2555,0.002091719,594
61,8,3832,2810,207.14638820658303,49.98614197166213,3577,2555,4088,3066,0.002152518,594
62,8,3832,3321,207.16744096717093,49.97932727069073,3577,3066,4088,3577,0.0019999142,594
63,8,3832,3832,207.1884877553203,49.97250876375878,3577,3577,4088,4088,0.0021209905,594
0,9,255,255,206.78498042246807,49.98590822190642,0,0,511,511,0.0021248164,594
1,9,255,766,206.8056781510523,49.979349519161275,0,511,511,1022,0.0021326197,594
2,9,255,1277,206.82637024308306,49.97278713295798,0,1022,511,1533,0.0020858597,594
3,9,255,1788,206.84705669546736,49.96622106603328,0,1533,511,2044,0.0020381697,594
4,9,255,2299,206.86773750511946,49.95965132112566,0,2044,511,2555,0.002241322,594
5,9,255,2810,206.8884126689613,49.95307790097548,0,2555,511,3066,0.0023790512,594
6,9,255,3321,206.9090821839224,49.9465008083248,0,3066,511,3577,0.0021790527,594
7,9,255,3832,206.92974604693984,49.93992004591763,0,3577,511,4088,0.0022451663,594
8,9,766,255,206.79633299306718,49.9993086195914,511,0,1022,511,0.0021643457,594
9,9,766,766,206.81703494696114,49.99274789812037,511,511,1022,1022,0.0022592277,594
10,9,766,1277,206.83773125861532,49.98618349202801,511,1022,1022,1533,0.0021117195,594
11,9,766,1788,206.85842192493737,49.979615404053106,511,1533,1022,2044,0.0022728948,594
12,9,766,2299,206.87910694284255,49.97304363693621,511,2044,1022,2555,0.0021976414,594
13,9,766,2810,206.89978630925373,49.966468193419736,511,2555,1022,3066,0.0022336922,594
14,9,766,3321,206.92046002110123,49.959889076247876,511,3066,1022,3577,0.0021670202,594
15,9,766,3832,206.9411280753231,49.95330628816657,511,3577,1022,4088,0.0022484881,594
16,9,1277,255,206.80769189783956,50.012707914059305,1022,0,1533,511,0.0021248278,594
17,9,1277,766,206.82839807690976,50.00614517291643,1022,511,1533,1022,0.0021702454,594
18,9,1277,1277,206.84909860804817,49.99957874598984,1022,1022,1533,1533,0.0021632344,594
19,9,1277,1788,206.86979348816328,49.99300863602037,1022,1533,1533,2044,0.0021250728,594
20,9,1277,2299,206.89048271417136,49.98643484575068,1022,2044,1533,2555,0.002190149,594
21,9,1277,2810,206.91116628299605,49.97985737792514,1022,2555,1533,3066,0.002131281,594
22,9,1277,3321,206.9318441915687,49.9732762352901,1022,3066,1533,3577,0.002144701,594
23,9,1277,3832,206.9525164368282,49.966691420593506,1022,3577,1533,4088,0.0022906808,594
24,9,1788,255,206.81905714119432,50.02610610226354,1533,0,2044,511,0.00207425,594
25,9,1788,766,206.83976754530397,50.01954134050262,1533,511,2044,1022,0.0021193798,594
26,9,1788,1277,206.86047229578426,50.0129728917964,1533,1022,2044,1533,0.0021023834,594
27,9,1788,1788,206.88117138954462,50.006400758887764,1533,1533,2044,2044,0.0021248364,594
28,9,1788,2299,206.90186482350214,49.999824944521436,1533,2044,2044,2555,0.0021978496,594
29,9,1788,2810,206.9225525945814,49.993245451443855,1533,2555,2044,3066,0.002218228,594
30,9,1788,3321,206.94323469971468,49.986662282403366,1533,3066,2044,3577,0.0022445172,594
31,9,1788,3832,206.96391113584178,49.98007544015009,1533,3577,2044,4088,0.0022264684,594
32,9,2299,255,206.83042872754353,50.039503181156746,2044,0,2555,511,0.002171423,594
33,9,2299,766,206.85114335655265,50.032936397831335,2044,511,2555,1022,0.0020258655,594
34,9,2299,1277,206.8718523262293,50.02636592639983,2044,1022,2555,1533,0.0021190871,594
35,9,2299,1788,206.89255563348377,50.01979176960715,2044,1533,2555,2044,0.0022246,594
36,9,2299,2299,206.91325327523407,50.0132139302001,2044,2044,2555,2555,0.00208538,594
37,9,2299,2810,206.9339452484057,50.00663241092722,2044,2555,2555,3066,0.0020085631,594
38,9,2299,3321,206.9546315499319,50.00004721453886,2044,3066,2555,3577,0.0022970112,594
39,9,2299,3832,206.97531217675333,49.99345834378723,2044,3577,2555,4088,0.0022475212,594
40,9,2810,255,206.84180666130206,50.05289914769076,2555,0,3066,511,0.00219222,594
41,9,2810,766,206.8625255150675,50.04633034185414,2555,511,3066,1022,0.0020811558,594
42,9,2810,1277,206.8832387037917,50.03975784675143,2555,1022,3066,1533,0.0021722761,594
43,9,2810,1788,206.90394622438598,50.03318166512961,2555,1533,3066,2044,0.0021635848,594
44,9,2810,2299,206.92464807376922,50.02660179973755,2555,2044,3066,2555,0.0022355171,594
45,9,2810,2810,206.94534424886783,50.02001825332583,2555,2555,3066,3066,0.0021921808,594
46,9,2810,3321,206.96603474661592,50.01343102864689,2555,3066,3066,3577,0.002141581,594
47,9,2810,3832,206.9867195639552,50.006840128455,2555,3577,3066,4088,0.0021225775,594
48,9,3321,255,206.8531909468878,50.066293998816654,3066,0,3577,511,0.0021280516,594
49,9,3321,766,206.8739140252631,50.059723169521845,3066,511,3577,1022,0.002091763,594
50,9,3321,1277,206.89463143288296,50.053148649801756,3066,1022,3577,1533,0.0022371775,594
51,9,3321,1788,206.9153431666595,50.046570442405425,3066,1533,3577,2044,0.0020307896,594
52,9,3321,2299,206.93604922351255,50.03998855008377,3066,2044,3577,2555,0.0021551817,594
53,9,3321,2810,206.9567496003695,50.03340297558945,3066,2555,3577,3066,0.002247481,594
54,9,3321,3321,206.97744429416537,50.026813721677,3066,3066,3577,3577,0.0021732193,594
55,9,3321,3832,206.99813330184276,50.02022079110269,3066,3577,3577,4088,0.0021550718,594
56,9,3832,255,206.8645815887215,50.079687731484626,3577,0,4088,511,0.0019729969,594
57,9,3832,766,206.8853088915571,50.07311487778442,3577,511,4088,1022,0.0021532092,594
58,9,3832,1277,206.9060305179174,50.06653833250051,3577,1022,4088,1533,0.0022721,594
59,9,3832,1788,206.92674646471545,50.05995809838406,3577,1533,4088,2044,0.0020482081,594
60,9,3832,2299,206.947456728872,50.053374178187994,3577,2044,4088,2555,0.002042224,594
61,9,3832,2810,206.9681613073154,50.0467865746671,3577,2555,4088,3066,0.0021407423,594
62,9,3832,3321,206.98886019698153,50.040195290577905,3577,3066,4088,3577,0.0021382526,594
63,9,3832,3832,207.0095533948141,50.033600328678794,3577,3577,4088,4088,0.0021910542,594
0,10,255,255,206.7470304368128,49.53943580567127,0,0,511,511,0.0021604446,594
1,10,255,766,206.76800278156185,49.53234539267394,0,511,511,1022,0.0021697537,594
2,10,255,1277,206.78896904854238,49.52525118786787,0,1022,511,1533,0.0021887608,594
3,10,255,1788,206.80992923478354,49.51815319431722,0,1533,511,2044,0.0022138364,594
4,10,255,2299,206.8308833373226,49.51105141508798,0,2044,511,2555,0.0022000617,594
5,10,255,2810,206.8518313532051,49.50394585324798,0,2555,511,3066,0.0022427004,594
6,10,255,3321,206.87277327948482,49.49683651186686,0,3066,511,3577,0.0022004722,594
7,10,255,3832,206.89370911322374,49.48972339401617,0,3577,511,4088,0.0022789997,594
8,10,766,255,206.75803826753827,49.5533538917101,511,0,1022,511,0.002109083,594
9,10,766,766,206.7790149955417,49.54626149015241,511,511,1022,1022,0.0021466597,594
10,10,766,1277,206.79998563982298,49.53916529548995,511,1022,1022,1533,0.0021904535,594
11,10,766,1788,206.82095019741223,49.532065310789044,511,1533,1022,2044,0.0022562102,594
12,10,766,2299,206.84190866534792,49.52496153911783,511,2044,1022,2555,0.0021679355,594
13,10,766,2810,206.8628610406767,49.517853983546274,511,2555,1022,3066,0.002172786,594
14,10,766,3321,206.88380732045346,49.51074264714629,511,3066,1022,3577,0.0021460417,594
15,10,766,3832,206.90474750174138,49.50362753299145,511,3577,1022,4088,13922.831,1
16,10,1277,255,206.76905237737208,49.56727093819808,1022,0,1533,511,0.0021308179,594
17,10,1277,766,206.7900334886687,49.56017654721828,1022,511,1533,1022,0.0020926276,594
18,10,1277,1277,206.81100851028353,49.55307836183849,1022,1022,1533,1533,0.0021768715,594
19,10,1277,1788,206.8319774392479,49.54597638512715,1022,1533,1533,2044,0.0021772815,594
20,10,1277,2299,206.85294027260136,49.538870620154555,1022,2044,1533,2555,0.0021251605,594
21,10,1277,2810,206.8738970073917,49.53176106999287,1022,2555,1533,3066,0.0022131833,594
22,10,1277,3321,206.89484764067495,49.5246477377161,1022,3066,1533,3577,0.002256664,594
23,10,1277,3832,206.91579216951547,49.51753062640005,1022,3577,1533,4088,0.0022121677,594
24,10,1788,255,206.78007277087372,49.581186941949206,1533,0,2044,511,43.326515,1
25,10,1788,766,206.8010582654992,49.574090560685306,1533,511,2044,1022,0.0020630648,594
26,10,1788,1277,206.82203766447742,49.56699038372689,1533,1022,2044,1533,0.0021113905,594
27,10,1788,1788,206.84301096484083,49.559886414144614,1533,1533,2044,2044,0.0021630703,594
28,10,1788,2299,206.86397816363012,49.55277865501093,1533,2044,2044,2555,0.002192948,594
29,10,1788,2810,206.88493925789425,49.545667109400156,1533,2555,2044,3066,0.0021625864,594
30,10,1788,3321,206.90589424469042,49.53855178038846,1533,3066,2044,3577,0.0021043166,594
31,10,1788,3832,206.92684312108403,49.53143267105385,1533,3577,2044,4088,0.0021707858,594
32,10,2299,255,206.79109945260592,49.59510189977675,2044,0,2555,511,0.0020960472,594
33,10,2299,766,206.81208933059287,49.58800352736639,2044,511,2555,1022,0.0021270488,594
34,10,2299,1277,206.83307310696128,49.58090135796779,2044,1022,2555,1533,0.0021595708,594
35,10,2299,1788,206.85405077874464,49.573795394653786,2044,1533,2555,2044,0.002141769,594
36,10,2299,2299,206.87502234298478,49.56668564049899,2044,2044,2555,2555,0.002217597,594
37,10,2299,2810,206.89598779673182,49.5595720985799,2044,2555,2555,3066,0.00219146,594
38,10,2299,3321,206.91694713704416,49.55245477197484,2044,3066,2555,3577,0.0021410433,594
39,10,2299,3832,206.93790036098838,49.54533366376394,2044,3577,2555,4088,0.00219823,594
40,10,2810,255,206.8021324271348,49.60901580849311,2555,0,3066,511,0.0021743537,594
41,10,2810,766,206.82312668851287,49.60191544407362,2555,511,3066,1022,0.0021023331,594
42,10,2810,1277,206.84411484229508,49.594811281372984,2555,1022,3066,1533,0.0021076987,594
43,10,2810,1788,206.86509688551618,49.58770332346614,2555,1533,3066,2044,0.0020502878,594
44,10,2810,2299,206.88607281521914,49.58059157342994,2555,2044,3066,2555,0.0021054626,594
45,10,2810,2810,206.90704262845523,49.57347603434299,2555,2555,3066,3066,0.0022288791,594
46,10,2810,3321,206.92800632228392,49.56635670928579,2555,3066,3066,3577,0.0022322347,594
47,10,2810,3832,206.94896389377308,49.559233601340694,2555,3577,3066,4088,0.0021546076,594
48,10,3321,255,206.81317169902988,49.622928664909914,3066,0,3577,511,0.0022549834,594
49,10,3321,766,206.83417034382552,49.61582630761834,3066,511,3577,1022,0.0020371526,594
50,10,3321,1277,206.8551628750422,49.60872015075348,3066,1022,3577,1533,0.0020571332,594
51,10,3321,1788,206.87614928971578,49.60161019739241,3066,1533,3577,2044,153.96199,1
52,10,3321,2299,206.8971295848904,49.59449645061417,3066,2044,3577,2555,0.00211828,594
53,10,3321,2810,206.91810375761844,49.58737891349953,3066,2555,3577,3066,0.0022066138,594
54,10,3321,3321,206.9390718049607,49.580257589131165,3066,3066,3577,3577,0.002217598,594
55,10,3321,3832,206.96003372398607,49.57313248059357,3066,3577,3577,4088,0.002313066,594
56,10,3832,255,206.82421727286393,49.6368404658379,3577,0,4088,511,0.0020740225,594
57,10,3832,766,206.8452203011006,49.62973611481101,3577,511,4088,1022,0.002213751,594
58,10,3832,1277,206.86621720976927,49.622627962919424,3577,1022,4088,1533,362.75882,1
59,10,3832,1788,206.887207995907,49.61551601324245,3577,1533,4088,2044,0.0021290968,594
60,10,3832,2299,206.90819265655904,49.60840026886125,3577,2044,4088,2555,0.0021432384,594
61,10,3832,2810,206.92917118877898,49.60128073285879,3577,2555,4088,3066,0.0021262888,594
62,10,3832,3321,206.95014358962874,49.59415740831992,3577,3066,4088,3577,0.0021634062,594
63,10,3832,3832,206.9711098561785,49.58703029833128,3577,3577,4088,4088,0.0022365234,594
0,11,255,255,206.54905875929649,49.60605090406166,0,0,511,511,0.0021829992,594
1,11,255,766,206.56961850200793,49.59913109494168,0,511,511,1022,0.0021080687,594
2,11,255,1277,206.59017241596885,49.59220764315894,0,1022,511,1533,0.0020697564,594
3,11,255,1788,206.6107204983697,49.58528055158559,0,1533,511,2044,565.26685,1
4,11,255,2299,206.63126274640857,49.57834982309554,0,2044,511,2555,0.0021489293,594
5,11,255,2810,206.65179915729107,49.571415460564324,0,2555,511,3066,0.002164102,594
6,11,255,3321,206.6723297282304,49.56447746686923,0,3066,511,3577,0.0020186235,594
7,11,255,3832,206.69285445644744,49.557535844889195,0,3577,511,4088,0.0020825395,594
8,11,766,255,206.5599321576697,49.6198899396509,511,0,1022,511,0.0021848872,594
9,11,766,766,206.58049620015325,49.61296820558259,511,511,1022,1022,0.0021214886,594
10,11,766,1277,206.60105440821002,49.606042827606245,511,1022,1022,1533,0.0021815873,594
11,11,766,1788,206.6216067790314,49.59911380859605,511,1533,1022,2044,0.0020722272,594
12,11,766,2299,206.64215330981642,49.59218115142785,511,2044,1022,2555,0.002166602,594
13,11,766,2810,206.66269399777175,49.58524485897924,511,2555,1022,3066,0.0020844853,594
14,11,766,3321,206.68322884011164,49.57830493412955,511,3066,1022,3577,0.002151336,594
15,11,766,3832,206.7037578340579,49.57136137975971,511,3577,1022,4088,0.002192423,594
16,11,1277,255,206.57081173770962,49.63372796131759,1022,0,1533,511,0.0021031422,594
17,11,1277,766,206.59138008004936,49.62680430147021,1022,511,1533,1022,0.0020765383,594
18,11,1277,1277,206.61194258228034,49.619876996470204,1022,1022,1533,1533,0.0022111807,594
19,11,1277,1788,206.63249924159496,49.61294604919375,1022,1533,1533,2044,0.0021290404,594
20,11,1277,2299,206.65305005519335,49.60601146251882,1022,2044,1533,2555,0.0021203076,594
21,11,1277,2810,206.67359502028313,49.599073239324944,1022,2555,1533,3066,0.0022511166,594
22,11,1277,3321,206.6941341340796,49.592131382493456,1022,3066,1533,3577,0.0020550785,594
23,11,1277,3832,206.71466739380566,49.585185894907355,1022,3577,1533,4088,0.0020808096,594
24,11,1788,255,206.58169750390425,49.64756496594965,1533,0,2044,511,0.002092837,594
25,11,1788,766,206.60227014618124,49.64063937949208,1533,511,2044,1022,0.002062991,594
26,11,1788,1277,206.62283694266182,49.63371014663805,1533,1022,2044,1533,0.0021157851,594
27,11,1788,1788,206.64339789053963,49.62677727026577,1533,1533,2044,2044,0.0021232541,594
28,11,1788,2299,206.66395298701568,49.619840753255126,1533,2044,2044,2555,0.0021181232,594
29,11,1788,2810,206.68450222929866,49.61290059848779,1533,2555,2044,3066,147.32176,1
30,11,1788,3321,206.70504561460487,49.60595680884706,1533,3066,2044,3577,4467.96,1
31,11,1788,3832,206.72558314015825,49.59900938721795,1533,3577,2044,4088,0.0021815668,594
32,11,2299,255,206.59258946074468,49.66140095043417,2044,0,2555,511,0.0021179842,594
33,11,2299,766,206.613166403037,49.65447343653504,2044,511,2555,1022,0.0020704812,594
34,11,2299,1277,206.63373749383993,49.64754227499633,2044,1022,2555,1533,0.0020875202,594
35,11,2299,1788,206.65430273034787,49.64060746869825,2044,1533,2555,2044,0.0021059683,594
36,11,2299,2299,206.67486210976298,49.63366902052272,2044,2044,2555,2555,0.0020761774,594
37,11,2299,2810,206.69541562929498,49.62672693335342,2044,2555,2555,3066,0.0021662943,594
38,11,2299,3321,206.71596328616116,49.61978121007566,2044,3066,2555,3577,0.002105129,594
39,11,2299,3832,206.73650507758663,49.61283185357648,2044,3577,2555,4088,0.0021557144,594
40,11,2810,255,206.6034876127253,49.675235911657445,2555,0,3066,511,0.0020821402,594
41,11,2810,766,206.62406885510836,49.668306469485096,2555,511,3066,1022,0.002210836,594
42,11,2810,1277,206.64464424030325,49.66137337843073,2555,1022,3066,1533,0.0021137914,594
43,11,2810,1788,206.66521376550548,49.65443664137659,2555,1533,3066,2044,0.002107492,594
44,11,2810,2299,206.68577742791817,49.647496261206676,2555,2044,3066,2555,0.0020657242,594
45,11,2810,2810,206.70633522475208,49.6405522408066,2555,2555,3066,3066,0.0020931861,594
46,11,2810,3321,206.72688715322565,49.63360458306376,2555,3066,3066,3577,0.002125328,594
47,11,2810,3832,206.7474332105649,49.62665329086719,2555,3577,3066,4088,0.0020957596,594
48,11,3321,255,206.61439196434395,49.689069846505056,3066,0,3577,511,0.0020990164,594
49,11,3321,766,206.63497750689015,49.68213847522747,3066,511,3577,1022,0.0020614478,594
50,11,3321,1277,206.65555718654383,49.67520345382618,3066,1022,3577,1533,0.0022474767,594
51,11,3321,1788,206.6761310005015,49.66826478518547,3066,1533,3577,2044,0.002084417,594
52,11,3321,2299,206.69669894596737,49.661322472191294,3066,2044,3577,2555,0.0020831856,594
53,11,3321,2810,206.71726102015324,49.654376517731386,3066,2555,3577,3066,0.0021120775,594
54,11,3321,3321,206.73781722027857,49.6474269246951,3066,3066,3577,3577,0.0020374896,594
55,11,3321,3832,206.75836754357042,49.6404736959735,3066,3577,3577,4088,0.0021742047,594
56,11,3832,255,206.62530252010168,49.702902751861714,3577,0,4088,511,0.002201645,594
57,11,3832,766,206.64589236288052,49.695969450646615,3577,511,4088,1022,0.0021810797,594
58,11,3832,1277,206.6664763370569,49.68903249806683,3577,1022,4088,1533,0.002123204,594
59,11,3832,1788,206.68705443982836,49.68209189700869,3577,1533,4088,2044,0.0021412126,594
60,11,3832,2299,206.7076266684001,49.67514765036018,3577,2044,4088,2555,788.7147,1
61,11,3832,2810,206.728193019985,49.668199761011024,3577,2555,4088,3066,0.0020898473,594
62,11,3832,3321,206.7487534918036,49.661248231852625,3577,3066,4088,3577,0.0021483102,594
63,11,3832,3832,206.76930808108406,49.654293065778084,3577,3577,4088,4088,0.001981487,594
0,12,255,255,206.37163001205153,49.66556093174522,0,0,511,511,0.0020664542,594
1,12,255,766,206.39172010353604,49.65882394945856,0,511,511,1022,0.0020746398,594
2,12,255,1277,206.41180463800845,49.65208349025793,0,1022,511,1533,0.0021227764,594
3,12,255,1788,206.43188361284027,49.64533955681208,0,1533,511,2044,0.0023263271,199
4,12,255,2299,206.45195702540977,49.63859215179117,0,2044,511,2555,0.0020672455,594
5,12,255,2810,206.4720248731022,49.631841277867046,0,2555,511,3066,0.0022191866,594
6,12,255,3321,206.4920871533098,49.625086937713036,0,3066,511,3577,0.0021025764,594
7,12,255,3832,206.51214386343162,49.618329134004014,0,3577,511,4088,0.002117604,594
8,12,766,255,206.38236863217872,49.67930262219972,511,0,1022,511,0.0020667722,594
9,12,766,766,206.40246291791152,49.672563782839546,511,511,1022,1022,0.0022564288,594
10,12,766,1277,206.42255164125945,49.665821465379494,511,1022,1022,1533,0.0021822213,594
11,12,766,1788,206.44263479959477,49.65907567249011,511,1533,1022,2044,0.0020620811,594
12,12,766,2299,206.46271239029676,49.65232640684348,511,2044,1022,2555,0.0021094107,594
13,12,766,2810,206.4827844107516,49.6455736711133,511,2555,1022,3066,0.002223164,594
14,12,766,3321,206.5028508583524,49.63881746797472,511,3066,1022,3577,0.0021950998,594
15,12,766,3832,206.5229117304991,49.632057800104555,511,3577,1022,4088,0.0023654446,594
16,12,1277,255,206.39311332710074,49.693043324046684,1022,0,1533,511,0.0021225594,594
17,12,1277,766,206.4132118071997,49.686302626816115,1022,511,1533,1022,0.0022205259,594
18,12,1277,1277,206.4333047195357,49.679558450300405,1022,1022,1533,1533,0.0021875042,594
19,12,1277,1788,206.45339206148194,49.67281079717196,1022,1533,1533,2044,0.002153268,594
20,12,1277,2299,206.47347383041853,49.66605967010471,1022,2044,1533,2555,0.0021984188,594
21,12,1277,2810,206.49355002373258,49.65930507177427,1022,2555,1533,3066,0.0022076103,594
22,12,1277,3321,206.5136206388181,49.6525470048576,1022,3066,1533,3577,0.002362662,594
23,12,1277,3832,206.53368567307606,49.64578547203334,1022,3577,1533,4088,0.0022149521,594
24,12,1788,255,206.40386410121732,49.70678303425499,1533,0,2044,511,0.002056423,594
25,12,1788,766,206.42396677579768,49.700040478356875,1533,511,2044,1022,0.002042434,594
26,12,1788,1277,206.44406387723168,49.69329444198899,1533,1022,2044,1533,0.0021670696,594
27,12,1788,1788,206.46415540289343,49.68654492782564,1533,1533,2044,2044,9853.789,1
28,12,1788,2299,206.484241350164,49.67979193854262,1533,2044,2044,2555,0.0021830164,594
29,12,1788,2810,206.50432171643138,49.67303547681737,1533,2555,2044,3066,0.002319513,594
30,12,1788,3321,206.52439649909053,49.66627554532878,1533,3066,2044,3577,0.0021344114,594
31,12,1788,3832,206.5444656955433,49.659512146757294,1533,3577,2044,4088,0.0022084105,594
32,12,2299,255,206.41462095893158,49.720521749792816,2044,0,2555,511,0.0020189574,594
33,12,2299,766,206.43472782810585,49.71377733442966,2044,511,2555,1022,0.002048769,594
34,12,2299,1277,206.45482911874504,49.70702943741281,2044,1022,2555,1533,0.0020791888,594
35,12,2299,1788,206.47492482822426,49.70027806141842,2044,1533,2555,2044,0.002164502,594
36,12,2299,2299,206.49501495392548,49.69352320912417,2044,2044,2555,2555,0.0022240933,594
37,12,2299,2810,206.51509949323756,49.6867648832093,2044,2555,2555,3066,0.0021558213,594
38,12,2299,3321,206.53517844355645,49.68000308635462,2044,3066,2555,3577,0.0022109793,594
39,12,2299,3832,206.5552518022849,49.673237821242445,2044,3577,2555,4088,0.0021819894,594
40,12,2810,255,206.42538390464986,49.734259467627524,2555,0,3066,511,0.002034551,594
41,12,2810,766,206.4454949685278,49.72751319200156,2555,511,3066,1022,0.002056264,594
42,12,2810,1277,206.46560044847672,49.720763433538636,2555,1022,3066,1533,0.0021920807,594
43,12,2810,1788,206.48570034187262,49.71401019491679,2555,1533,3066,2044,0.0020626117,594
44,12,2810,2299,206.50579464609834,49.707253478815474,2555,2044,3066,2555,0.0021606772,594
45,12,2810,2810,206.52588335854384,49.70049328791595,2555,2555,3066,3066,0.00210045,594
46,12,2810,3321,206.54596647660583,49.69372962490077,2555,3066,3066,3577,0.0022780118,594
47,12,2810,3832,206.5660439976881,49.68696249245414,2555,3577,3066,4088,0.0022643476,594
48,12,3321,255,206.43615294278186,49.7479961847257,3066,0,3577,511,0.0020855449,594
49,12,3321,766,206.45626820147046,49.7412480480389,3066,511,3577,1022,0.0021177111,594
50,12,3321,1277,206.47637787083087,49.73449642733251,3066,1022,3577,1533,0.0021578574,594
51,12,3321,1788,206.49648194823993,49.727741325286445,3066,1533,3577,2044,0.0022359258,594
52,12,3321,2299,206.51658043108142,49.72098274458208,3066,2044,3577,2555,0.0021584835,594
53,12,3321,2810,206.53667331674617,49.71422068790245,3066,2555,3577,3066,0.0022662494,594
54,12,3321,3321,206.55676060263198,49.70745515793205,3066,3066,3577,3577,0.002174117,594
55,12,3321,3832,206.5768422861435,49.70068615735695,3066,3577,3577,4088,0.0022989842,594
56,12,3832,255,206.44692807774035,49.76173189805325,3577,0,4088,511,0.0020834336,594
57,12,3832,766,206.46704753134406,49.7549818995072,3577,511,4088,1022,0.002155571,594
58,12,3832,1277,206.487161390215,49.74822841575966,3577,1022,4088,1533,0.0022108774,594
59,12,3832,1788,206.50726965173092,49.74147144949236,3577,1533,4088,2044,0.0022164087,594
60,12,3832,2299,206.52737231327663,49.734711003388576,3577,2044,4088,2555,0.0022340496,594
61,12,3832,2810,206.5474693722439,49.72794708013319,3577,2555,4088,3066,0.0022311227,594
62,12,3832,3321,206.56756082603133,49.72117968241257,3577,3066,4088,3577,0.0022051525,594
63,12,3832,3832,206.58764667204468,49.71440881291465,3577,3577,4088,4088,0.0021263773,594
0,13,255,255,206.68894241988593,49.406953645644,0,0,511,511,0.0020883891,594
1,13,255,766,206.7098237831487,49.39976352991734,0,511,511,1022,0.0021578067,594
2,13,255,1277,206.7306990384846,49.392569652459294,0,1022,511,1533,0.0021298262,594
3,13,255,1788,206.7515681830334,49.38537201635839,0,1533,511,2044,0.0022240134,594
4,13,255,2299,206.77243121394312,49.37817062470492,0,2044,511,2555,0.0021866048,594
5,13,255,2810,206.79328812836977,49.37096548059101,0,2555,511,3066,0.0021552234,594
6,13,255,3321,206.81413892347763,49.363756587110565,0,3066,511,3577,0.0021583226,594
7,13,255,3832,206.83498359643906,49.35654394735925,0,3577,511,4088,1245.395,1
8,13,766,255,206.69978442625217,49.42084427570438,511,0,1022,511,0.002080953,594
9,13,766,766,206.72067011662443,49.41365220845515,511,511,1022,1022,139.321,1
10,13,766,1277,206.74154969319335,49.406456378181595,511,1022,1022,1533,0.0022271667,594
11,13,766,1788,206.7624231530998,49.39925678797438,511,1533,1022,2044,0.0021803149,594
12,13,766,2299,206.7832904934929,49.39205344092591,511,2044,1022,2555,283.108,1
13,13,766,2810,206.80415171152995,49.38484634013048,511,2555,1022,3066,530.49786,1
14,13,766,3321,206.82500680437636,49.37763548868403,511,3066,1022,3577,0.0021767397,594
15,13,766,3832,206.8458557692057,49.37042088968444,511,3577,1022,4088,0.0022258242,594
16,13,1277,255,206.71063257602952,49.434733896586664,1022,0,1533,511,453.14236,1
17,13,1277,766,206.7315225935659,49.42753987699898,1022,511,1533,1022,0.0021470797,594
18,13,1277,1277,206.75240649141668,49.42034209309482,1022,1022,1533,1533,0.0021774136,594
19,13,1277,1788,206.77328426672386,49.41314054796696,1022,1533,1533,2044,0.0021976258,594
20,13,1277,2299,206.79415591663778,49.40593524470994,1022,2044,1533,2555,0.0022266945,594
21,13,1277,2810,206.8150214383169,49.3987261864201,1022,2555,1533,3066,0.0021586602,594
22,13,1277,3321,206.83588082892786,49.39151337619563,1022,3066,1533,3577,0.0021381732,594
23,13,1277,3832,206.8567340856454,49.384296817136416,1022,3577,1533,4088,0.0021222634,594
24,13,1788,255,206.72148687366263,49.44862250516368,1533,0,2044,511,0.0022321844,594
25,13,1788,766,206.74238121841483,49.441426532421424,1533,511,2044,1022,0.002118822,594
26,13,1788,1277,206.76326943759332,49.4342267940713,1533,1022,2044,1533,0.002129951,594
27,13,1788,1788,206.78415152834145,49.427023293208144,1533,1533,2044,2044,0.0022338307,594
28,13,1788,2299,206.80502748781066,49.41981603292866,1533,2044,2044,2555,0.002165479,594
29,13,1788,2810,206.8258973131606,49.41260501633134,1533,2555,2044,3066,0.0022154334,594
30,13,1788,3321,206.84676100155912,49.4053902465164,1533,3066,2044,3577,0.0022592961,594
31,13,1788,3832,206.86761855018221,49.39817172658593,1533,3577,2044,4088,0.0021554255,594
32,13,2299,255,206.7323473235994,49.46251009830753,2044,0,2555,511,0.002151296,594
33,13,2299,766,206.75324599561608,49.455312171594294,2044,511,2555,1022,0.0021132214,594
34,13,2299,1277,206.77413853616537,49.44811047798247,2044,1022,2555,1533,0.0023027433,594
35,13,2299,1788,206.79502494239165,49.44090502056909,2044,1533,2555,2044,0.0021679748,594
36,13,2299,2299,206.81590521144767,49.43369580245298,2044,2044,2555,2555,0.0022324617,594
37,13,2299,2810,206.83677934049425,49.426482826734706,2044,2555,2555,3066,0.0022521007,594
38,13,2299,3321,206.8576473267004,49.41926609651669,2044,3066,2555,3577,0.0022498644,594
39,13,2299,3832,206.87850916724344,49.412045614903036,2044,3577,2555,4088,0.0022260249,594
40,13,2810,255,206.743213930291,49.476396672889535,2555,0,3066,511,0.0021069017,594
41,13,2810,766,206.76411692961796,49.46919679138857,2555,511,3066,1022,0.00212029,594
42,13,2810,1277,206.78501379157802,49.461993141699104,2555,1022,3066,1533,0.0022157812,594
43,13,2810,1788,206.8059045133168,49.45478572692026,2555,1533,3066,2044,0.0021509533,594
44,13,2810,2299,206.8267890919882,49.447574550153014,2555,2044,3066,2555,0.0021818646,594
45,13,2810,2810,206.8476675247542,49.44035961450008,2555,2555,3066,3066,0.00213719,594
46,13,2810,3321,206.8685398087852,49.43314092306597,2555,3066,3066,3577,0.0021877775,594
47,13,2810,3832,206.88940594125953,49.42591847895697,2555,3577,3066,4088,0.002182742,594
48,13,3321,255,206.75408669819186,49.49028222578025,3066,0,3577,511,0.0020941657,594
49,13,3321,766,206.77499402487194,49.48308038867447,3066,511,3577,1022,0.0021732845,594
50,13,3321,1277,206.7958952082799,49.475874782091026,3066,1022,3577,1533,0.002192272,594
51,13,3321,1788,206.8167902455625,49.46866540913123,3066,1533,3577,2044,1731.83,1
52,13,3321,2299,206.83767913387484,49.46145227289809,3066,2044,3577,2555,144.22833,1
53,13,3321,2810,206.8585618703802,49.45423537649649,3066,2555,3577,3066,0.0022335781,594
54,13,3321,3321,206.87943845225013,49.44701472303304,3066,3066,3577,3577,0.0022283017,594
55,13,3321,3832,206.90030887666424,49.43979031561618,3066,3577,3577,4088,0.0022228085,594
56,13,3832,255,206.76496563175965,49.50416675384941,3577,0,4088,511,0.0021401607,594
57,13,3832,766,206.78587728583278,49.49696296032149,3577,511,4088,1022,0.0021477637,594
58,13,3832,1277,206.80678279072274,49.48975539602753,3577,1022,4088,1533,0.0022418906,594
59,13,3832,1788,206.82768214357756,49.482544064070886,3577,1533,4088,2044,0.0021309936,594
60,13,3832,2299,206.84857534155353,49.4753289675568,3577,2044,4088,2555,0.002120508,594
61,13,3832,2810,206.86946238181517,49.46811010959221,3577,2555,4088,3066,0.0021476243,594
62,13,3832,3321,206.8903432615352,49.46088749328589,3577,3066,4088,3577,4402.8516,1
63,13,3832,3832,206.91121797789455,49.45366112174839,3577,3577,4088,4088,0.002216308,594
0,14,255,255,206.49137010605892,49.473566485724696,0,0,511,511,0.0020536096,594
1,14,255,766,206.5118750001642,49.46655652720813,0,511,511,1022,0.0021627794,594
2,14,255,1277,206.53237403273965,49.45954294276511,0,1022,511,1533,0.0021034551,594
3,14,255,1788,206.55286720105263,49.4525257352962,0,1533,511,2044,0.0022088161,594
4,14,255,2299,206.57335450237807,49.44550490770366,0,2044,511,2555,0.0022124592,594
5,14,255,2810,206.59383593399843,49.438480462891455,0,2555,511,3066,0.0021005746,594
6,14,255,3321,206.6143114932038,49.431452403765164,0,3066,511,3577,0.0022245368,594
7,14,255,3832,206.63478117729176,49.42442073323214,0,3577,511,4088,0.0023472928,594
8,14,766,255,206.50198521278804,49.48741736076782,511,0,1022,511,0.0022306985,594
9,14,766,766,206.52249439285234,49.48040552667052,511,511,1022,1022,0.0021446547,594
10,14,766,1277,206.5429977057825,49.47339006538568,511,1022,1022,1533,0.0021604362,594
11,14,766,1788,206.5634951488468,49.466370979815856,511,1533,1022,2044,0.0021305853,594
12,14,766,2299,206.58398671932122,49.459348272865306,511,2044,1022,2555,0.0022260465,594
13,14,766,2810,206.60447241448924,49.45232194743997,511,2555,1022,3066,0.0020765886,594
14,14,766,3321,206.62495223164194,49.4452920064474,511,3066,1022,3577,0.0021769702,594
15,14,766,3832,206.645426168078,49.43825845279687,511,3577,1022,4088,0.002188723,594
16,14,1277,255,206.5126063311998,49.50126726887444,1022,0,1533,511,0.0020530168,594
17,14,1277,766,206.53311979738035,49.49425355841715,1022,511,1533,1022,0.00206708,594
18,14,1277,1277,206.55362739081684,49.487236219511914,1022,1022,1533,1533,0.0020818964,594
19,14,1277,1788,206.5741291087787,49.48021525506329,1022,1533,1533,2044,0.0021522595,594
20,14,1277,2299,206.59462494854282,49.473190667977505,1022,2044,1533,2555,7597.1216,1
21,14,1277,2810,206.61511490739372,49.46616246116248,1022,2555,1533,3066,0.0022959616,594
22,14,1277,3321,206.63559898262358,49.45913063752773,1022,3066,1533,3577,0.0022839624,199
23,14,1277,3832,206.656077171532,49.452095199984555,1022,3577,1533,4088,0.0021598414,594
24,14,1788,255,206.523233465672,49.51511620699742,1533,0,2044,511,0.0020674712,594
25,14,1788,766,206.54375121812325,49.50810061940055,1533,511,2044,1022,0.0021213458,594
26,14,1788,1277,206.56426309221513,49.50108140209604,1533,1022,2044,1533,0.0020833635,594
27,14,1788,1788,206.584769085218,49.49405855799041,1533,1533,2044,2044,0.002277742,594
28,14,1788,2299,206.60526919440986,49.487032089991864,1533,2044,2044,2555,0.0023158807,594
29,14,1788,2810,206.62576341707623,49.48000200101029,1533,2555,2044,3066,0.0021285461,594
30,14,1788,3321,206.6462517505103,49.47296829395723,1533,3066,2044,3577,0.0022385232,594
31,14,1788,3832,206.66673419201268,49.46593097174593,1533,3577,2044,4088,0.0021336067,594
32,14,2299,255,206.5338666205857,49.52896417208883,2044,0,2555,511,0.002076892,594
33,14,2299,766,206.55438865945948,49.52194670657253,2044,511,2555,1022,0.0022595054,594
34,14,2299,1277,206.57490481435303,49.51492561008955,2044,1022,2555,1533,0.0021747057,594
35,14,2299,1788,206.59541508253778,49.50790088554838,2044,1533,2555,2044,0.0021001208,594
36,14,2299,2299,206.61591946129272,49.50087253585924,2044,2044,2555,2555,0.0023107105,594
37,14,2299,2810,206.6364179479044,49.493840563933986,2044,2555,2555,3066,0.0021883282,594
38,14,2299,3321,206.656910539667,49.48680497268614,2044,3066,2555,3577,0.0021096347,594
39,14,2299,3832,206.6773972338823,49.4797657650309,2044,3577,2555,4088,0.0022895732,594
40,14,2810,255,206.54450580032534,49.542811161100026,2555,0,3066,511,0.002172923,594
41,14,2810,766,206.56503212577076,49.5357918168841,2555,511,3066,1022,0.0021273007,594
42,14,2810,1277,206.58555256160963,49.52876884044312,2555,1022,3066,1533,0.0022838223,199
43,14,2810,1788,206.60606710511436,49.521742234687636,2555,1533,3066,2044,0.0020905049,594
44,14,2810,2299,206.62657575356496,49.51471200252975,2555,2044,3066,2555,0.0021920688,594
45,14,2810,2810,206.64707850424907,49.507678146883336,2555,2555,3066,3066,0.0020522445,594
46,14,2810,3321,206.66757535446192,49.50064067066394,2555,3066,3066,3577,0.0021393928,594
47,14,2810,3832,206.68806630150627,49.493599576788704,2555,3577,3066,4088,0.002133134,594
48,14,3321,255,206.55515100927866,49.55665717098157,3066,0,3577,511,0.00223593,594
49,14,3321,766,206.57568162144213,49.54963594728553,3066,511,3577,1022,0.0020735166,594
50,14,3321,1277,206.59620633836718,49.54261109010678,3066,1022,3577,1533,0.0021605378,594
51,14,3321,1788,206.6167251573273,49.535582602357785,3066,1533,3577,2044,0.002114342,594
52,14,3321,2299,206.6372380756035,49.528550486952724,3066,2044,3577,2555,1906.9706,1
53,14,3321,2810,206.65774509048444,49.52151474680744,3066,2555,3577,3066,0.0020869318,594
54,14,3321,3321,206.67824619926648,49.51447538483941,3066,3066,3577,3577,0.002145081,594
55,14,3321,3832,206.69874139925335,49.50743240396779,3066,3577,3577,4088,0.0021075718,594
56,14,3832,255,206.5658022518366,49.57050219868336,3577,0,4088,511,0.0021185738,594
57,14,3832,766,206.58633715086185,49.5634790947264,3577,511,4088,1022,0.002118126,594
58,14,3832,1277,206.60686614901132,49.556452356029716,3577,1022,4088,1533,0.0021811412,594
59,14,3832,1788,206.62738924355952,49.5494219855078,3577,1533,4088,2044,0.0020975978,594
60,14,3832,2299,206.64790643178847,49.5423879860768,3577,2044,4088,2555,0.002172767,594
61,14,3832,2810,206.668417710988,49.53535036065456,3577,2555,4088,3066,0.0021888393,594
62,14,3832,3321,206.68892307845533,49.528309112160535,3577,3066,4088,3577,0.0021465283,594
63,14,3832,3832,206.70942253149548,49.52126424351586,3577,3577,4088,4088,0.0021680652,594
0,15,255,255,206.314755331517,49.53295098877299,0,0,511,511,0.0019434751,594
1,15,255,766,206.33478228228225,49.52607807139231,0,511,511,1022,0.0019454401,594
2,15,255,1277,206.35480360802214,49.51920169632831,0,1022,511,1533,0.0018922848,594
3,15,255,1788,206.3748193062187,49.51232186629539,0,1533,511,2044,0.0020743732,199
4,15,255,2299,206.39482937436108,49.505438584009546,0,2044,511,2555,0.002020868,594
5,15,255,2810,206.41483380994512,49.49855185218825,0,2555,511,3066,0.0020483336,594
6,15,255,3321,206.4348326104737,49.49166167355048,0,3066,511,3577,0.0020933184,594
7,15,255,3832,206.45482577345655,49.484768050816726,0,3577,511,4088,0.0023396055,199
8,15,766,255,206.32523344636434,49.54671163110333,511,0,1022,511,0.0021631338,594
9,15,766,766,206.34526456838324,49.539836906044826,511,511,1022,1022,0.0019229653,594
10,15,766,1277,206.36529006005884,49.53295872210251,511,1022,1022,1533,0.0019492473,594
11,15,766,1788,206.38530991887416,49.52607708199274,511,1533,1022,2044,0.0019921868,594
12,15,766,2299,206.40532414231916,49.51919198843324,511,2044,1022,2555,0.0021738806,199
13,15,766,2810,206.42533272789075,49.51230344414338,511,2555,1022,3066,0.0020831374,594
14,15,766,3321,206.44533567309273,49.50541145184392,511,3066,1022,3577,0.0022121065,594
15,15,766,3832,206.46533297543576,49.49851601425721,511,3577,1022,4088,0.0020750551,594
16,15,1277,255,206.33571746895115,49.56047133159172,1022,0,1533,511,0.0018987725,594
17,15,1277,766,206.35575276240328,49.553594798116514,1022,511,1533,1022,0.0019737564,594
18,15,1277,1277,206.37578242018895,49.54671480455774,1022,1022,1533,1533,0.0021400002,594
19,15,1277,1788,206.39580643979215,49.5398313536335,1022,1533,1533,2044,0.0020596692,594
20,15,1277,2299,206.41582481870384,49.53294444806343,1022,2044,1533,2555,0.0019786991,594
21,15,1277,2810,206.43583755442182,49.52605409056867,1022,2555,1533,3066,5071.78,1
22,15,1277,3321,206.45584464445085,49.519160283871884,1022,3066,1533,3577,0.0020432817,594
23,15,1277,3832,206.47584608630268,49.512263030697135,1022,3577,1533,4088,0.0019848144,594
24,15,1788,255,206.34620740357258,49.57423008726812,1533,0,2044,511,0.0018197709,594
25,15,1788,766,206.36624686863493,49.56735174463709,1533,511,2044,1022,0.001855288,594
26,15,1788,1277,206.38628069270248,49.56046994072333,1533,1022,2044,1533,0.001966658,594
27,15,1788,1788,206.40630887326026,49.553584678246786,1533,1533,2044,2044,0.0019008133,594
28,15,1788,2299,206.4263314078001,49.546695959928904,1533,2044,2044,2555,0.0019372356,594
29,15,1788,2810,206.4463482938208,49.53980378849264,1533,2555,2044,3066,0.0019687621,594
30,15,1788,3321,206.46635952882804,49.53290816666251,1533,3066,2044,3577,0.002032674,594
31,15,1788,3832,206.48636511033462,49.52600909716443,1533,3577,2044,4088,0.002063145,594
32,15,2299,255,206.35670325452696,49.58798789516178,2044,0,2555,511,0.0019512704,594
33,15,2299,766,206.376746891374,49.58110774263551,2044,511,2555,1022,0.0019230938,594
34,15,2299,1277,206.39678488189278,49.57422412762799,2044,1022,2555,1533,0.001974173,594
35,15,2299,1788,206.4168172235692,49.567337052860964,2044,1533,2555,2044,0.0020023554,594
36,15,2299,2299,206.43684391389613,49.56044652105773,2044,2044,2555,2555,1029.0552,1
37,15,2299,2810,206.45686495037327,49.55355253494307,2044,2555,2555,3066,721.653,1
38,15,2299,3321,206.47688033050736,49.546655097243324,2044,3066,2555,3577,0.0019513539,594
39,15,2299,3832,206.4968900518121,49.53975421068625,2044,3577,2555,4088,0.0020171206,594
40,15,2810,255,206.3672050261159,49.60174475230125,2555,0,3066,511,0.0019371456,594
41,15,2810,766,206.38725283491962,49.594862789139995,2555,511,3066,1022,0.001977714,594
42,15,2810,1277,206.40729499205636,49.5879773622996,2555,1022,3066,1533,0.0018798264,594
43,15,2810,1788,206.427331495013,49.58108847450363,2555,1533,3066,2044,0.0020243858,594
44,15,2810,2299,206.44736234128334,49.57419612847721,2555,2044,3066,2555,852.1717,1
45,15,2810,2810,206.46738752836816,49.56730032694697,2555,2555,3066,3066,0.0020448624,594
46,15,2810,3321,206.48740705377512,49.56040107264104,2555,3066,3066,3577,0.002005251,594
47,15,2810,3832,206.5074209150189,49.55349836828905,2555,3577,3066,4088,1083.3862,1
48,15,3321,255,206.37771272264428,49.61550065571431,3066,0,3577,511,0.0019374291,594
49,15,3321,766,206.39776470357404,49.60861688117809,3066,511,3577,1022,0.0020108696,594
50,15,3321,1277,206.41781102749297,49.601729641765395,3066,1022,3577,1533,0.0018858749,594
51,15,3321,1788,206.43785169188885,49.594838940201704,3066,1533,3577,2044,4954.04,1
52,15,3321,2299,206.45788669425647,49.58794477921395,3066,2044,3577,2555,0.0020591726,594
53,15,3321,2810,206.4779160320976,49.58104716153062,3066,2555,3577,3066,0.0020650134,594
54,15,3321,3321,206.4979397029209,49.57414608988166,3066,3066,3577,3577,0.0019528613,594
55,15,3321,3832,206.51795770424198,49.56724156699851,3066,3577,3577,4088,0.0019709906,594
56,15,3832,255,206.38822634842023,49.62925560242807,3577,0,4088,511,0.0020018115,594
57,15,3832,766,206.40828250164293,49.6223700157765,3577,511,4088,1022,101.45103,1
58,15,3832,1277,206.42833299250566,49.61548096305182,3577,1022,4088,1533,0.001991825,594
59,15,3832,1788,206.44837781849725,49.60858844698133,3577,1533,4088,2044,0.0020246692,594
60,15,3832,2299,206.4684169771134,49.601692470293834,3577,2044,4088,2555,0.0020127075,594
61,15,3832,2810,206.4884504658569,49.594793035719604,3577,2555,4088,3066,0.00201656,594
62,15,3832,3321,206.50847828223743,49.58789014599046,3577,3066,4088,3577,0.0019492946,594
63,15,3832,3832,206.5285004237716,49.580983803839665,3577,3577,4088,4088,0.0019832482,594
0,16,255,255,206.68393336682416,49.25745363253369,0,0,511,511,663.22705,1
1,16,255,766,206.70479169455518,49.25017946345097,0,511,511,1022,0.0022114846,594
2,16,255,1277,206.72564388225896,49.24290153792632,0,1022,511,1533,0.0023060294,594
3,16,255,1788,206.7464899271248,49.23561985908339,0,1533,511,2044,0.002160656,594
4,16,255,2299,206.76732982635028,49.228334430047624,0,2044,511,2555,0.0022266454,594
5,16,255,2810,206.78816357714103,49.22104525394624,0,2555,511,3066,0.0021868742,594
6,16,255,3321,206.80899117671092,49.21375233390817,0,3066,511,3577,0.0021737793,594
7,16,255,3832,206.82981262228193,49.20645567306423,0,3577,511,4088,0.0022326033,594
8,16,766,255,206.6946003294801,49.27125371859927,511,0,1022,511,0.0023625244,199
9,16,766,766,206.71546292400464,49.26397763011848,511,511,1022,1022,0.0022175778,594
10,16,766,1277,206.73631937269917,49.25669778390592,511,1022,1022,1533,0.0021967199,594
11,16,766,1788,206.75716967275432,49.24941418308733,511,1533,1022,2044,0.002104835,594
12,16,766,2299,206.77801382136877,49.242126830790156,511,2044,1022,2555,0.0021725383,594
13,16,766,2810,206.79885181574943,49.2348357301438,511,2555,1022,3066,0.0021886327,594
14,16,766,3321,206.81968365311133,49.22754088427931,511,3066,1022,3577,0.0020930562,594
15,16,766,3832,206.84050933067766,49.220242296329545,511,3577,1022,4088,0.002162277,594
16,16,1277,255,206.70527326526042,49.28505282703375,1022,0,1533,511,0.0021096286,594
17,16,1277,766,206.7261401266394,49.27777481837789,1022,511,1533,1022,0.0021200117,594
18,16,1277,1277,206.74700083638004,49.27049305070111,1022,1022,1533,1533,0.0022327425,594
19,16,1277,1788,206.76785539167426,49.26320752713124,1022,1533,1533,2044,0.0021347608,594
20,16,1277,2299,206.78870378972192,49.2559182507979,1022,2044,1533,2555,0.0021207097,594
21,16,1277,2810,206.8095460277311,49.24862522483247,1022,2555,1533,3066,0.0020628273,594
22,16,1277,3321,206.83038210291807,49.24132845236815,1022,3066,1533,3577,0.002050025,594
23,16,1277,3832,206.8512120125073,49.23402793653985,1022,3577,1533,4088,0.0021542432,594
24,16,1788,255,206.7159521784424,49.298850954799065,1533,0,2044,511,0.0022646843,594
25,16,1788,766,206.73682330673384,49.291571025190805,1533,511,2044,1022,142.51552,1
26,16,1788,1277,206.7576882775732,49.28428733527323,1533,1022,2044,1533,0.0021767942,594
27,16,1788,1788,206.77854708815346,49.27699988817622,1533,1533,2044,2044,6292.582,1
28,16,1788,2299,206.7993997356757,49.26970868703155,1533,2044,2044,2555,0.0022414944,594
29,16,1788,2810,206.82024621734925,49.262413734972654,1533,2555,2044,3066,0.002151927,594
30,16,1788,3321,206.8410865303916,49.25511503513483,1533,3066,2044,3577,0.0021580663,594
31,16,1788,3832,206.8619206720284,49.2478125906551,1533,3577,2044,4088,0.0021284183,594
32,16,2299,255,206.72663707330625,49.31264809885636,2044,0,2555,511,0.0021215538,594
33,16,2299,766,206.74751246856556,49.30536624751811,2044,511,2555,1022,0.0021589128,594
34,16,2299,1277,206.76838170055336,49.29808063458283,2044,1022,2555,1533,289.6145,1
35,16,2299,1788,206.7892447664638,49.29079126318256,2044,1533,2555,2044,0.0022056105,594
36,16,2299,2299,206.8101016634992,49.28349813645112,2044,2044,2555,2555,0.002161168,594
37,16,2299,2810,206.83095238887014,49.276201257524086,2044,2555,2555,3066,0.0021623382,594
38,16,2299,3321,206.85179693979532,49.26890062953882,2044,3066,2555,3577,0.0022103877,594
39,16,2299,3832,206.87263531350163,49.26159625563445,2044,3577,2555,4088,0.0021186653,594
40,16,2810,255,206.73732795413548,49.3264442561661,2555,0,3066,511,0.0022107824,594
41,16,2810,766,206.7582076164152,49.31916048231993,2555,511,3066,1022,0.0022365423,594
42,16,2810,1277,206.77908110959837,49.311872945589805,2555,1022,3066,1533,0.002122794,594
43,16,2810,1788,206.79994843088036,49.30458164910984,2555,1533,3066,2044,0.0021152599,594
44,16,2810,2299,206.8208095774647,49.29728659601595,2555,2044,3066,2555,0.0021581866,594
45,16,2810,2810,206.8416645465632,49.28998778944579,2555,2555,3066,3066,22.366291,1
46,16,2810,3321,206.8625133353958,49.28268523253884,2555,3066,3066,3577,0.0021727274,594
47,16,2810,3832,206.88335594119073,49.275378928436325,2555,3577,3066,4088,0.002124559,594
48,16,3321,255,206.7480248252167,49.34023942368796,3066,0,3577,511,0.0021680174,594
49,16,3321,766,206.76890875456655,49.332953726555715,3066,511,3577,1022,0.0021972624,594
50,16,3321,1277,206.78978650898918,49.32566426525328,3066,1022,3577,1533,0.002151974,594
51,16,3321,1788,206.81065808568124,49.31837104291689,3066,1533,3577,2044,0.002163496,594
52,16,3321,2299,206.83152348184746,49.31107406268451,3066,2044,3577,2555,0.0021609738,594
53,16,3321,2810,206.8523826947009,49.303773327696014,3066,2555,3577,3066,0.002180384,594
54,16,3321,3321,206.87323572146272,49.29646884109288,3066,3066,3577,3577,0.0021825756,594
55,16,3321,3832,206.8940825593624,49.28916060601847,3066,3577,3577,4088,0.0022391025,594
56,16,3832,255,206.75872769083966,49.35403359838093,3577,0,4088,511,0.0021775027,594
57,16,3832,766,206.7796158873065,49.34674597718409,3577,511,4088,1022,0.0020838524,594
58,16,3832,1277,206.8004979030099,49.33945459053158,3577,1022,4088,1533,0.0021572323,594
59,16,3832,1788,206.82137373514772,49.33215944156177,3577,1533,4088,2044,0.0022484572,594
60,16,3832,2299,206.84224338092594,49.324860533414714,3577,2044,4088,2555,0.0022031344,594
61,16,3832,2810,206.86310683755877,49.31755786923229,3577,2555,4088,3066,0.0021518392,594
62,16,3832,3321,206.8839641022688,49.31025145215819,3577,3066,4088,3577,0.002117913,594
63,16,3832,3832,206.90481517228665,49.30294128533781,3577,3577,4088,4088,0.0021900553,594
0,17,255,255,206.4854814771153,49.323996047475966,0,0,511,511,0.0024994384,594
1,17,255,766,206.50599855781084,49.31686215744828,0,511,511,1022,0.0024024765,199
2,17,255,1277,206.52650970121488,49.30972463423141,0,1022,511,1533,0.0026793818,199
3,17,255,1788,206.5470149046494,49.30258348078813,0,1533,511,2044,0.0024097245,594
4,17,255,2299,206.56751416544392,49.29543870008288,0,2044,511,2555,0.002460979,199
5,17,255,2810,206.58800748093566,49.28829029508179,0,2555,511,3066,0.0023605756,594
6,17,255,3321,206.6084948484695,49.28113826875261,0,3066,511,3577,0.0024422687,594
7,17,255,3832,206.62897626539782,49.273982624064764,0,3577,511,4088,301.87256,1
8,17,766,255,206.4958864678257,49.33778414087384,511,0,1022,511,0.0023189655,594
9,17,766,766,206.5164077927679,49.33064840983697,511,511,1022,1022,0.002557942,199
10,17,766,1277,206.53692317485692,49.32350904434123,511,1022,1022,1533,0.0023611758,594
11,17,766,1788,206.55743261141578,49.31636604735139,511,1533,1022,2044,0.0026197673,199
12,17,766,2299,206.5779360997751,49.30921942183381,511,2044,1022,2555,0.0024621682,594
13,17,766,2810,206.59843363727308,49.30206917075664,511,2555,1022,3066,0.0025606137,199
14,17,766,3321,206.6189252212557,49.294915297089574,511,3066,1022,3577,0.002322463,594
15,17,766,3832,206.63941084907646,49.287757803804,511,3577,1022,4088,0.002398699,594
16,17,1277,255,206.50629729350806,49.35157130451029,1022,0,1533,511,0.0023818174,594
17,17,1277,766,206.5268228628764,49.34443373173008,1022,511,1533,1022,0.00222581,594
18,17,1277,1277,206.54734248382448,49.33729252322201,1022,1022,1533,1533,0.0023586135,594
19,17,1277,1788,206.56785615367647,49.3301476819528,1022,1533,1533,2044,0.0023539313,594
20,17,1277,2299,206.5883638697639,49.32299921089077,1022,2044,1533,2555,0.0024840788,594
21,17,1277,2810,206.60886562942616,49.31584711300603,1022,2555,1533,3066,0.0023244051,594
22,17,1277,3321,206.62936143001022,49.308691391270216,1022,3066,1533,3577,0.0023505583,594
23,17,1277,3832,206.6498512688707,49.30153204865671,1022,3577,1533,4088,0.0022964678,594
24,17,1788,255,206.516713958384,49.365357535422255,1533,0,2044,511,0.0023825278,594
25,17,1788,766,206.5372437723554,49.35821812016431,1533,511,2044,1022,0.002489231,594
26,17,1788,1277,206.5577676323342,49.35107506791014,1533,1022,2044,1533,0.0025382454,594
27,17,1788,1788,206.5782855356454,49.34392838162844,1533,1533,2044,2044,0.0024326034,594
28,17,1788,2299,206.5987974796218,49.336778064289526,1533,2044,2044,2555,0.0023561255,594
29,17,1788,2810,206.61930346160375,49.329624118865404,1533,2555,2044,3066,9208.553,1
30,17,1788,3321,206.63980347893934,49.32246654832973,1533,3066,2044,3577,0.0022945064,594
31,17,1788,3832,206.66029752898427,49.31530535565782,1533,3577,2044,4088,0.0023061836,594
32,17,2299,255,206.52713646667834,49.37914283064604,2044,0,2555,511,0.0024067513,594
33,17,2299,766,206.5476705254272,49.372001572175634,2044,511,2555,1022,0.002335999,594
34,17,2299,1277,206.56819862460563,49.36485667544132,2044,1022,2555,1533,309.8608,1
35,17,2299,1788,206.58872076153972,49.35770814341372,2044,1533,2555,2044,319.80954,1
36,17,2299,2299,206.6092369335633,49.350555979065135,2044,2044,2555,2555,0.002404122,594
37,17,2299,2810,206.62974713801785,49.34340018536955,2044,2555,2555,3066,0.002296169,594
38,17,2299,3321,206.6502513722525,49.336240765302584,2044,3066,2555,3577,0.0023327696,594
39,17,2299,3832,206.67074963362404,49.32907772184152,2044,3577,2555,4088,0.002201492,594
40,17,2810,255,206.53756482261906,49.39292718721723,2555,0,3066,511,0.0024077627,594
41,17,2810,766,206.5581031263172,49.38578408479934,2555,511,3066,1022,0.0024833358,594
42,17,2810,1277,206.57863546486172,49.378637342850475,2555,1022,3066,1533,0.002467486,594
43,17,2810,1788,206.59916183557976,49.37148696434327,2555,1533,3066,2044,5981.02,1
44,17,2810,2299,206.6196822358062,49.36433295225198,2555,2044,3066,2555,0.0023829695,594
45,17,2810,2810,206.64019666288368,49.35717530955257,2555,2555,3066,3066,0.0023767874,594
46,17,2810,3321,206.66070511416228,49.350014039222565,2555,3066,3066,3577,0.0023620185,594
47,17,2810,3832,206.681207587,49.34284914424127,2555,3577,3066,4088,0.0023631742,594
48,17,3321,255,206.54799903043732,49.40671060217067,3066,0,3577,511,0.0023957088,594
49,17,3321,766,206.56854157925403,49.39956565506993,3066,511,3577,1022,0.0023266147,594
50,17,3321,1277,206.58907815732852,49.39241706717188,3066,1022,3577,1533,0.002297978,594
51,17,3321,1788,206.609608761989,49.38526484145107,3066,1533,3577,2044,0.0023155664,594
52,17,3321,2299,206.63013339057144,49.37810898088372,3066,2044,3577,2555,0.002364016,594
53,17,3321,2810,206.6506520404195,49.370949488447756,3066,2555,3577,3066,0.0023450616,594
54,17,3321,3321,206.67116470888448,49.363786367122714,3066,3066,3577,3577,0.002306832,594
55,17,3321,3832,206.69167139332532,49.35661961988983,3066,3577,3577,4088,0.002228166,594
56,17,3832,255,206.55843909436751,49.42049307254054,3577,0,4088,511,0.0023475105,594
57,17,3832,766,206.57898588846953,49.41334628002132,3577,511,4088,1022,237.22266,1
58,17,3832,1277,206.59952670623528,49.40619584543909,3577,1022,4088,1533,3548.8745,1
59,17,3832,1788,206.62006154499412,49.39904177177032,3577,1533,4088,2044,262.28516,1
60,17,3832,2299,206.64059040208306,49.39188406199326,3577,2044,4088,2555,7243.923,1
61,17,3832,2810,206.66111327484688,49.38472271908778,3577,2555,4088,3066,0.0022325695,594
62,17,3832,3321,206.68163016063795,49.377557746035386,3577,3066,4088,3577,0.0023255483,594
63,17,3832,3832,206.70214105681637,49.370389145819274,3577,3577,4088,4088,1383.551,1
0,18,255,255,206.31017672851203,49.38222280516344,0,0,511,511,5.3243784e-05,101022
1,18,255,766,206.33023607867813,49.375166650359475,0,511,511,1022,0.002369277,594
2,18,255,1277,206.35028967517368,49.36810702378727,0,1022,511,1533,0.002354589,594
3,18,255,1788,206.37033751556285,49.361043928253046,0,1533,511,2044,0.0024854373,594
4,18,255,2299,206.39037959741677,49.353977366564514,0,2044,511,2555,0.002540898,594
5,18,255,2810,206.4104159183136,49.34690734153087,0,2555,511,3066,0.00259078,199
6,18,255,3321,206.43044647583855,49.33983385596273,0,3066,511,3577,196.37247,1
7,18,255,3832,206.45047126758382,49.332756912672345,0,3577,511,4088,0.002473848,594
8,18,766,255,206.32045308568902,49.39593189876455,511,0,1022,511,0.002356079,594
9,18,766,766,206.34051656275972,49.3888739667756,511,511,1022,1022,0.0023991815,594
10,18,766,1277,206.36057428084945,49.381812561806576,511,1022,1022,1533,0.002559234,594
11,18,766,1788,206.38062623752344,49.37474768666554,511,1533,1022,2044,0.0024366775,594
12,18,766,2299,206.40067243035384,49.36767934416198,511,2044,1022,2555,0.0026678538,199
13,18,766,2810,206.4207128569198,49.36060753710691,511,2555,1022,3066,0.0023835069,594
14,18,766,3321,206.44074751480767,49.35353226831284,511,3066,1022,3577,0.0024099392,594
15,18,766,3832,206.46077640161067,49.346453540593735,511,3577,1022,4088,0.0026208602,594
16,18,1277,255,206.33073518438235,49.40964008570524,1022,0,1533,511,9819.612,1
17,18,1277,766,206.35080278854645,49.402580375842305,1022,511,1533,1022,0.0025881624,594
18,18,1277,1277,206.37086462841413,49.395517191788095,1022,1022,1533,1533,0.0024133064,594
19,18,1277,1788,206.39092070155152,49.38845053635243,1022,1533,1533,2044,0.0024770652,594
20,18,1277,2299,206.4109710055319,49.38138041234667,1022,2044,1533,2555,300.3038,1
21,18,1277,2810,206.43101553793548,49.37430682258366,1022,2555,1533,3066,0.002589742,594
22,18,1277,3321,206.45105429634964,49.36722976987767,1022,3066,1533,3577,0.0024607673,594
23,18,1277,3832,206.47108727836869,49.3601492570446,1022,3577,1533,4088,0.0024252592,594
24,18,1788,255,206.34102302874226,49.42334736309101,1533,0,2044,511,0.0023175997,594
25,18,1788,766,206.3610947601862,49.41628587466482,1533,511,2044,1022,1053.7924,1
26,18,1788,1277,206.38116072201308,49.409220910836694,1533,1022,2044,1533,0.0024321533,594
27,18,1788,1788,206.40122091179012,49.40215247441838,1533,1533,2044,2044,0.0025527794,594
28,18,1788,2299,206.42127532709156,49.39508056822295,1533,2044,2044,2555,0.0024073806,594
29,18,1788,2810,206.4413239654988,49.388005195065105,1533,2555,2044,3066,0.0024712693,594
30,18,1788,3321,206.46136682460022,49.380926357761034,1533,3066,2044,3577,2076.9756,1
31,18,1788,3832,206.48140390199117,49.37384405912831,1533,3577,2044,4088,0.0025322577,594
32,18,2299,255,206.35131662292227,49.4370537280267,2044,0,2555,511,0.0023262803,594
33,18,2299,766,206.37139248183,49.429990460347625,2044,511,2555,1022,0.002389503,594
34,18,2299,1277,206.39146256579494,49.42292371605665,2044,1022,2555,1533,0.00248159,594
35,18,2299,1788,206.41152687238537,49.415853497967255,2044,1533,2555,2044,0.0025727556,594
36,18,2299,2299,206.4315853991766,49.40877980889444,2044,2044,2555,2555,0.0024128663,594
37,18,2299,2810,206.45163814375113,49.40170265165466,2044,2555,2555,3066,0.0025587967,594
38,18,2299,3321,206.4716851036983,49.394622029065935,2044,3066,2555,3577,0.0023671144,594
39,18,2299,3832,206.49172627661466,49.387537943947684,2044,3577,2555,4088,0.0026206325,594
40,18,2810,255,206.36161597107895,49.45075917761641,2555,0,3066,511,0.0025442934,594
41,18,2810,766,206.381695957632,49.4436941299946,2555,511,3066,1022,0.002401746,594
42,18,2810,1277,206.40177016391146,49.436625604551466,2555,1022,3066,1533,0.0022878353,594
43,18,2810,1788,206.42183858748663,49.429553604102345,2555,1533,3066,2044,0.0024776491,594
44,18,2810,2299,206.44190122593395,49.422478131464075,2555,2044,3066,2555,0.002394408,594
45,18,2810,2810,206.46195807683682,49.415399189454945,2555,2555,3066,3066,484.29315,1
46,18,2810,3321,206.48200913778584,49.408316780894765,2555,3066,3066,3577,0.0023666658,594
47,18,2810,3832,206.50205440637856,49.4012309086048,2555,3577,3066,4088,0.0028627513,199
48,18,3321,255,206.3719210773721,49.46446370896362,3066,0,3577,511,0.002222205,594
49,18,3321,766,206.3920051917496,49.45739688070885,3066,511,3577,1022,0.0023259327,594
50,18,3321,1277,206.4120835205176,49.45032657342397,3066,1022,3577,1533,0.0023284152,594
51,18,3321,1788,206.43215606124642,49.443252789926206,3066,1533,3577,2044,0.0024193071,594
52,18,3321,2299,206.45222281151354,49.43617553303414,3066,2044,3577,2555,0.002366395,594
53,18,3321,2810,206.47228376890354,49.42909480556792,3066,2555,3577,3066,0.0023371167,594
54,18,3321,3321,206.492338931008,49.42201061034919,3066,3066,3577,3577,0.002422447,594
55,18,3321,3832,206.5123882954256,49.41492295020107,3066,3577,3577,4088,0.0023929956,594
56,18,3832,255,206.38223194596466,49.478167319171035,3577,0,4088,511,0.0022616622,594
57,18,3832,766,206.4023201883433,49.4710987095928,3577,511,4088,1022,0.0022651993,594
58,18,3832,1277,206.42240263977138,49.46402661977635,3577,1022,4088,1533,0.0025630635,199
59,18,3832,1788,206.44247929782028,49.45695105254065,3577,1533,4088,2044,0.0023397184,594
60,18,3832,2299,206.4625501600686,49.44987201070616,3577,2044,4088,2555,76.224815,1
61,18,3832,2810,206.4826152241019,49.442789497094864,3577,2555,4088,3066,0.0023875034,594
62,18,3832,3321,206.50267448751296,49.4357035145302,3577,3066,4088,3577,0.0023665545,594
63,18,3832,3832,206.52272794790161,49.42861406583714,3577,3577,4088,4088,0.0023634022,594
