,SCA,xmid,ymid,ramid,decmid,xmin,ymin,xmax,ymax,straylight_total,mainoffender_total
0,1,255,255,56.644047760574935,24.159706153694824,0,0,511,511,4.6345515e+06,1.0
1,1,255,766,56.64399300181367,24.17507564030588,0,511,511,1022,4.570982e+06,1.0
2,1,255,1277,56.64393822984335,24.19044513247444,0,1022,511,1533,4.7533985e+06,1.0
3,1,255,1788,56.64388344465922,24.205814627988563,0,1533,511,2044,4.6865505e+06,1.0
4,1,255,2299,56.64382864625646,24.221184124636327,0,2044,511,2555,4.466265e+06,1.0
5,1,255,2810,56.643773834630316,24.236553620205797,0,2555,511,3066,4.514711e+06,1.0
6,1,255,3321,56.643719009776,24.25192311248504,0,3066,511,3577,4.538926e+06,1.0
7,1,255,3832,56.643664171688705,24.267292599262127,0,3577,511,4088,4.514822e+06,1.0
8,1,766,255,56.62688142163399,24.159748127227637,511,0,1022,511,4.5474935e+06,1.0
9,1,766,766,56.62682459263951,24.175117611069446,511,511,1022,1022,4.722752e+06,1.0
10,1,766,1277,56.62676774993662,24.19048710045374,511,1022,1022,1533,4.6734495e+06,1.0
11,1,766,1788,56.62671089352037,24.205856593168583,511,1533,1022,2044,4.687975e+06,1.0
12,1,766,2299,56.626654023385775,24.221226087002055,511,2044,1022,2555,4.5350505e+06,1.0
13,1,766,2810,56.6265971395279,24.236595579742218,511,2555,1022,3066,4.4894395e+06,1.0
14,1,766,3321,56.62654024194174,24.25196506917712,511,3066,1022,3577,4.598396e+06,1.0
15,1,766,3832,56.62648333062236,24.26733455309485,511,3577,1022,4088,4.502855e+06,1.0
16,1,1277,255,56.60971506520198,24.159788180140207,1022,0,1533,511,4.7407025e+06,1.0
17,1,1277,766,56.60965616598026,24.175157659832085,1022,511,1533,1022,4.6766175e+06,1.0
18,1,1277,1277,56.609597252550806,24.19052714505134,1022,1022,1533,1533,4.523071e+06,1.0
19,1,1277,1788,56.60953832490843,24.205896633586097,1022,1533,1533,2044,4.517185e+06,1.0
20,1,1277,2299,56.609479383048004,24.221266123224403,1022,2044,1533,2555,4.5497605e+06,1.0
21,1,1277,2810,56.6094204269644,24.236635611754327,1022,2555,1533,3066,4.538537e+06,1.0
22,1,1277,3321,56.60936145665242,24.25200509696391,1022,3066,1533,3577,4.5725155e+06,1.0
23,1,1277,3832,56.60930247210697,24.267374576641245,1022,3577,1533,4088,4.566632e+06,1.0
24,1,1788,255,56.5925486943608,24.159826312419995,1533,0,2044,511,4.7460475e+06,1.0
25,1,1788,766,56.59248772491897,24.175195786581206,1533,511,2044,1022,4.452117e+06,1.0
26,1,1788,1277,56.59242674077002,24.19056526625472,1533,1022,2044,1533,4.5197295e+06,1.0
27,1,1788,1788,56.59236574190865,24.20593474922857,1533,1533,2044,2044,4.5729305e+06,1.0
28,1,1788,2299,56.5923047283295,24.221304233290848,1533,2044,2044,2555,4.4505575e+06,1.0
29,1,1788,2810,56.59224370002728,24.236673716229607,1533,2555,2044,3066,4.5710325e+06,1.0
30,1,1788,3321,56.59218265699664,24.25204319583291,1533,3066,2044,3577,4.49972e+06,1.0
31,1,1788,3832,56.59212159923225,24.26741266988881,1533,3577,2044,4088,4.4811525e+06,1.0
32,1,2299,255,56.57538231219234,24.159862524055885,2044,0,2555,511,4.6273e+06,1.0
33,1,2299,766,56.5753192725386,24.17523199130574,2044,511,2555,1022,4.652436e+06,1.0
34,1,2299,1277,56.57525621767841,24.190601464052733,2044,1022,2555,1533,4.6430495e+06,1.0
35,1,2299,1788,56.57519314760626,24.20597094008488,2044,1533,2555,2044,4.5597855e+06,1.0
36,1,2299,2299,56.57513006231663,24.22134041719027,2044,2044,2555,2555,4.4751055e+06,1.0
37,1,2299,2810,56.57506696180405,24.236709893156945,2044,2555,2555,3066,4.54597e+06,1.0
38,1,2299,3321,56.57500384606298,24.252079365773,2044,3066,2555,3577,4.451491e+06,1.0
39,1,2299,3832,56.57494071508792,24.267448832826457,2044,3577,2555,4088,4.4954485e+06,1.0
40,1,2810,255,56.55821592177851,24.159896815038035,2555,0,3066,511,4.7148335e+06,1.0
41,1,2810,766,56.5581508119222,24.1752662739959,2555,511,3066,1022,4.71195e+06,1.0
42,1,2810,1277,56.55808568636008,24.190635738435606,2555,1022,3066,1533,4.678177e+06,1.0
43,1,2810,1788,56.55802054508651,24.20600520614526,2555,1533,3066,2044,4.475641e+06,1.0
44,1,2810,2299,56.55795538809577,24.2213746749129,2555,2044,3066,2555,4.581495e+06,1.0
45,1,2810,2810,56.55789021538218,24.236744142526597,2555,2555,3066,3066,4.2760425e+06,1.0
46,1,2810,3321,56.557825026940066,24.252113606774387,2555,3066,3066,3577,4.475173e+06,1.0
47,1,2810,3832,56.55775982276369,24.267483065444395,2555,3577,3066,4088,4.2647375e+06,1.0
48,1,3321,255,56.54104952620123,24.159929185358116,3066,0,3577,511,4.781346e+06,1.0
49,1,3321,766,56.54098234615278,24.175298634643273,3066,511,3577,1022,4.760819e+06,1.0
50,1,3321,1277,56.54091514989921,24.190668089394993,3066,1022,3577,1533,4.5157115e+06,1.0
51,1,3321,1788,56.54084793743468,24.206037547401348,3066,1533,3577,2044,4.683264e+06,1.0
52,1,3321,2299,56.54078070875328,24.221407006450384,3066,2044,3577,2555,4.561912e+06,1.0
53,1,3321,2810,56.54071346384918,24.23677646433018,3066,2555,3577,3066,4.4391715e+06,1.0
54,1,3321,3321,56.540646202716474,24.2521459188288,3066,3066,3577,3577,4.4274565e+06,1.0
55,1,3321,3832,56.540578925349315,24.2675153677343,3066,3577,3577,4088,4.3297155e+06,1.0
56,1,3832,255,56.52388312854243,24.159959635009105,3577,0,4088,511,4.832252e+06,1.0
57,1,3832,766,56.52381387831341,24.17532907324089,3577,511,4088,1022,4.731705e+06,1.0
58,1,3832,1277,56.52374461137997,24.190698516923867,3577,1022,4088,1533,4.5974355e+06,1.0
59,1,3832,1788,56.523675327736036,24.20606796384613,3577,1533,4088,2044,4.5164065e+06,1.0
60,1,3832,2299,56.52360602737557,24.22143741179573,3577,2044,4088,2555,4.5029545e+06,1.0
61,1,3832,2810,56.52353671029255,24.236806858560733,3577,2555,4088,3066,4.431815e+06,1.0
62,1,3832,3321,56.52346737648087,24.252176301929204,3577,3066,4088,3577,4.5159535e+06,1.0
63,1,3832,3832,56.52339802593452,24.267545739689208,3577,3577,4088,4088,4.3395265e+06,1.0
0,2,255,255,56.64376331328656,24.01445625338306,0,0,511,511,4.778137e+06,1.0
1,2,255,766,56.643693547386114,24.02949184918882,0,511,511,1022,4.957751e+06,1.0
2,2,255,1277,56.643623765134336,24.044527450199556,0,1022,511,1533,4.76676e+06,1.0
3,2,255,1788,56.64355396652551,24.059563054344345,0,1533,511,2044,4.829593e+06,1.0
4,2,255,2299,56.64348415155387,24.07459865955229,0,2044,511,2555,4.8272685e+06,1.0
5,2,255,2810,56.64341432021367,24.089634263752465,0,2555,511,3066,4.8129145e+06,1.0
6,2,255,3321,56.643344472499145,24.104669864873973,0,3066,511,3577,4.877797e+06,1.0
7,2,255,3832,56.643274608404525,24.119705460845896,0,3577,511,4088,4.818657e+06,1.0
8,2,766,255,56.62674210870261,24.014512571048428,511,0,1022,511,4.7591925e+06,1.0
9,2,766,766,56.62667034832794,24.029548162395876,511,511,1022,1022,4.78209e+06,1.0
10,2,766,1277,56.62659857113454,24.044583758929512,511,1022,1022,1533,4.77683e+06,1.0
11,2,766,1788,56.626526777116524,24.059619358578406,511,1533,1022,2044,4.849163e+06,1.0
12,2,766,2299,56.62645496626792,24.074654959271648,511,2044,1022,2555,4.8902065e+06,1.0
13,2,766,2810,56.62638313858286,24.089690558938326,511,2555,1022,3066,4.8504865e+06,1.0
14,2,766,3321,56.62631129405542,24.104726155507546,511,3066,1022,3577,4.733551e+06,1.0
15,2,766,3832,56.62623943267965,24.11976174690836,511,3577,1022,4088,4.768387e+06,1.0
16,2,1277,255,56.609720883125114,24.014567008985033,1022,0,1533,511,4.6570495e+06,1.0
17,2,1277,766,56.60964712828396,24.02960259454623,1022,511,1533,1022,4.6885665e+06,1.0
18,2,1277,1277,56.60957335615667,24.044638185274746,1022,1022,1533,1533,4.78902e+06,1.0
19,2,1277,1788,56.609499566737206,24.05967377909967,1022,1533,1533,2044,4.9080445e+06,1.0
20,2,1277,2299,56.60942576001945,24.07470937395009,1022,2044,1533,2555,4.8225245e+06,1.0
21,2,1277,2810,56.609351935997324,24.089744967755106,1022,2555,1533,3066,4.8375385e+06,1.0
22,2,1277,3321,56.60927809466474,24.10478055844379,1022,3066,1533,3577,4.799101e+06,1.0
23,2,1277,3832,56.60920423601561,24.119816143945233,1022,3577,1533,4088,4.696651e+06,1.0
24,2,1788,255,56.592699639558404,24.014619567176815,1533,0,2044,511,4.84934e+06,1.0
25,2,1788,766,56.59262389025959,24.029655145623757,1533,511,2044,1022,4.851556e+06,1.0
26,2,1788,1277,56.592548123207244,24.044690729219155,1533,1022,2044,1533,4.9210925e+06,1.0
27,2,1788,1788,56.592472338395154,24.05972631589203,1533,1533,2044,2044,4.8104905e+06,1.0
28,2,1788,2299,56.59239653581705,24.074761903571527,1533,2044,2044,2555,4.905778e+06,1.0
29,2,1788,2810,56.59232071546668,24.08979749018669,1533,2555,2044,3066,4.7569715e+06,1.0
30,2,1788,3321,56.5922448773378,24.104833073666626,1533,3066,2044,3577,4.9817645e+06,1.0
31,2,1788,3832,56.59216902142416,24.119868651940408,1533,3577,2044,4088,4.834604e+06,1.0
32,2,2299,255,56.575678381006874,24.01467024560898,2044,0,2555,511,4.699488e+06,1.0
33,2,2299,766,56.57560063726025,24.029705815613735,2044,511,2555,1022,4.767315e+06,1.0
34,2,2299,1277,56.57552287529273,24.044741390747966,2044,1022,2555,1533,4.8600435e+06,1.0
35,2,2299,1788,56.57544509509787,24.059776968940753,2044,1533,2555,2044,4.8867385e+06,1.0
36,2,2299,2299,56.575367296669306,24.074812548121198,2044,2044,2555,2555,4.898157e+06,1.0
37,2,2299,2810,56.575289480000606,24.089848126218325,2044,2555,2555,3066,4.853926e+06,1.0
38,2,2299,3321,56.57521164508533,24.10488370116132,2044,3066,2555,3577,4.7297965e+06,1.0
39,2,2299,3832,56.575133791917104,24.11991927087917,2044,3577,2555,4088,4.8912365e+06,1.0
40,2,2810,255,56.558657110474925,24.01471904426811,2555,0,3066,511,4.6177145e+06,1.0
41,2,2810,766,56.55857737229142,24.029754604502717,2555,511,3066,1022,4.619815e+06,1.0
42,2,2810,1277,56.558497615419626,24.044790169847783,2555,1022,3066,1533,4.8782345e+06,1.0
43,2,2810,1788,56.558417839852964,24.05982573823242,2555,1533,3066,2044,4.709352e+06,1.0
44,2,2810,2299,56.55833804558489,24.07486130758568,2555,2044,3066,2555,4.6983245e+06,1.0
45,2,2810,2810,56.55825823260879,24.08989687583665,2555,2555,3066,3066,4.889376e+06,1.0
46,2,2810,3321,56.558178400918095,24.10493244091444,2555,3066,3066,3577,4.7429205e+06,1.0
47,2,2810,3832,56.55809855050622,24.119968000748113,2555,3577,3066,4088,4.771189e+06,1.0
48,2,3321,255,56.54163583096696,24.01476596314207,3066,0,3577,511,4.735818e+06,1.0
49,2,3321,766,56.54155409835854,24.02980151227858,3066,511,3577,1022,4.6103715e+06,1.0
50,2,3321,1277,56.541472346594475,24.04483706650651,3066,1022,3577,1533,4.6380485e+06,1.0
51,2,3321,1788,56.541390575668,24.059872623754917,3066,1533,3577,2044,4.874624e+06,1.0
52,2,3321,2299,56.541308785572376,24.07490818195291,3066,2044,3577,2555,4.825122e+06,1.0
53,2,3321,2810,56.541226976300926,24.089943739029547,3066,2555,3577,3066,4.7930665e+06,1.0
54,2,3321,3321,56.54114514784681,24.104979292913946,3066,3066,3577,3577,4.7683095e+06,1.0
55,2,3321,3832,56.54106330020336,24.120014841535152,3066,3577,3577,4088,4.6695815e+06,1.0
56,2,3832,255,56.52461454548741,24.014811002220096,3577,0,4088,511,4.619646e+06,1.0
57,2,3832,766,56.524530818467106,24.029846538930574,3577,511,4088,1022,4.602426e+06,1.0
58,2,3832,1277,56.524447071823786,24.044882080713347,3577,1022,4088,1533,4.7870365e+06,1.0
59,2,3832,1788,56.52436330555056,24.059917625497498,3577,1533,4088,2044,4.771662e+06,1.0
60,2,3832,2299,56.524279519640494,24.074953171212115,3577,2044,4088,2555,4.8599945e+06,1.0
61,2,3832,2810,56.52419571408671,24.08998871578628,3577,2555,4088,3066,4.843425e+06,1.0
62,2,3832,3321,56.52411188888227,24.105024257149086,3577,3066,4088,3577,4.758979e+06,1.0
63,2,3832,3832,56.5240280440203,24.1200597932296,3577,3577,4088,4088,4.7563425e+06,1.0
0,3,255,255,56.64347248615299,23.884785520475067,0,0,511,511,4.343268e+06,1.0
1,3,255,766,56.64339015297558,23.899452355403902,0,511,511,1022,4.283351e+06,1.0
2,3,255,1277,56.64330780108993,23.914119195162762,0,1022,511,1533,4.200508e+06,1.0
3,3,255,1788,56.6432254304897,23.92878603782937,0,1533,511,2044,4.4906255e+06,1.0
4,3,255,2299,56.64314304116851,23.94345288148146,0,2044,511,2555,28.595028,1.0
5,3,255,2810,56.64306063311993,23.958119724196756,0,2555,511,3066,4.5324445e+06,1.0
6,3,255,3321,56.642978206337595,23.972786564052974,0,3066,511,3577,4.682771e+06,1.0
7,3,255,3832,56.64289576081515,23.987453399127862,0,3577,511,4088,4.730555e+06,1.0
8,3,766,255,56.62661122917783,23.884854310963345,511,0,1022,511,4.1243448e+06,1.0
9,3,766,766,56.62652698050209,23.899521140043774,511,511,1022,1022,4.332612e+06,1.0
10,3,766,1277,56.62644271268297,23.914187973932624,511,1022,1022,1533,4.330944e+06,1.0
11,3,766,1788,56.626358425713896,23.928854810707676,511,1533,1022,2044,4.231456e+06,1.0
12,3,766,2299,56.626274119588345,23.943521648446627,511,2044,1022,2555,4.385989e+06,1.0
13,3,766,2810,56.62618979429979,23.958188485227204,511,2555,1022,3066,4.51893e+06,1.0
14,3,766,3321,56.62610544984171,23.97285531912714,511,3066,1022,3577,4.577156e+06,1.0
15,3,766,3832,56.626021086207565,23.98752214822416,511,3577,1022,4088,4.617109e+06,1.0
16,3,1277,255,56.60974994833024,23.884921264416896,1022,0,1533,511,3.956285e+06,1.0
17,3,1277,766,56.60966378416537,23.899588086377722,1022,511,1533,1022,4.259299e+06,1.0
18,3,1277,1277,56.6095776004219,23.91425491312538,1022,1022,1533,1533,4.220905e+06,1.0
19,3,1277,1788,56.60949139709317,23.92892174273759,1022,1533,1533,2044,4.3689565e+06,1.0
20,3,1277,2299,56.60940517417248,23.94358857329209,1022,2044,1533,2555,4.4950305e+06,1.0
21,3,1277,2810,56.60931893165318,23.958255402866595,1022,2555,1533,3066,4.4884365e+06,1.0
22,3,1277,3321,56.60923266952854,23.972922229538824,1022,3066,1533,3577,4.490434e+06,1.0
23,3,1277,3832,56.60914638779191,23.987589051386493,1022,3577,1533,4088,4.6448055e+06,1.0
24,3,1788,255,56.59288864653064,23.884986380816752,1533,0,2044,511,4.0563038e+06,1.0
25,3,1788,766,56.5928005668868,23.899653194386804,1533,511,2044,1022,4.2440285e+06,1.0
26,3,1788,1277,56.59271246722919,23.91432001272202,1533,1022,2044,1533,4.2211465e+06,1.0
27,3,1788,1788,56.592624347550974,23.928986833900126,1533,1533,2044,2044,4.3087715e+06,1.0
28,3,1788,2299,56.59253620784534,23.943653655998848,1533,2044,2044,2555,4.506812e+06,1.0
29,3,1788,2810,56.59244804810546,23.9583204770959,1533,2555,2044,3066,4.4574785e+06,1.0
30,3,1788,3321,56.5923598683245,23.972987295269018,1533,3066,2044,3577,4.544593e+06,1.0
31,3,1788,3832,56.59227166849562,23.98765410859592,1533,3577,2044,4088,4.5629225e+06,1.0
32,3,2299,255,56.576027326699524,23.885049660145103,2044,0,2555,511,4.1418798e+06,1.0
33,3,2299,766,56.57593733158787,23.899716464053228,2044,511,2555,1022,4.2239255e+06,1.0
34,3,2299,1277,56.575847316027286,23.9143832727048,2044,1022,2555,1533,4.232432e+06,1.0
35,3,2299,1788,56.575757280010784,23.92905008417754,2044,1533,2555,2044,4.278328e+06,1.0
36,3,2299,2299,56.57566722353139,23.943716896549166,2044,2044,2555,2555,4.5160475e+06,1.0
37,3,2299,2810,56.57557714658214,23.958383707897422,2044,2555,2555,3066,4.352371e+06,1.0
38,3,2299,3321,56.575487049156045,23.973050516300002,2044,3066,2555,3577,4.502841e+06,1.0
39,3,2299,3832,56.575396931246125,23.98771731983465,2044,3577,2555,4088,4.4614765e+06,1.0
40,3,2810,255,56.55916599175739,23.885111102385558,2555,0,3066,511,4.054088e+06,1.0
41,3,2810,766,56.559074081190076,23.89977789536056,2555,511,3066,1022,4.056422e+06,1.0
42,3,2810,1277,56.55898214973867,23.914444693057263,2555,1022,3066,1533,4.145229e+06,1.0
43,3,2810,1788,56.55889019739606,23.929111493553382,2555,1533,3066,2044,4.3433425e+06,1.0
44,3,2810,2299,56.55879822415509,23.94377829492662,2555,2044,3066,2555,4.241943e+06,1.0
45,3,2810,2810,56.55870623000867,23.958445095254714,2555,2555,3066,3066,4.3653025e+06,1.0
46,3,2810,3321,56.55861421494964,23.97311189261539,2555,3066,3066,3577,4.542164e+06,1.0
47,3,2810,3832,56.5585221789709,23.987778685086354,2555,3577,3066,4088,4.4729265e+06,1.0
48,3,3321,255,56.542304644624714,23.88517070752285,3066,0,3577,511,3.994804e+06,1.0
49,3,3321,766,56.54221081861491,23.899837488293617,3066,511,3577,1022,4.0775475e+06,1.0
50,3,3321,1277,56.542116971285864,23.91450427376426,3066,1022,3577,1533,4.2207195e+06,1.0
51,3,3321,1788,56.54202310263029,23.929171062012486,3066,1533,3577,2044,4.2129595e+06,1.0
52,3,3321,2299,56.54192921264094,23.943837851116044,3066,2044,3577,2555,4.2171055e+06,1.0
53,3,3321,2810,56.54183530131053,23.95850463915264,3066,2555,3577,3066,4.350939e+06,1.0
54,3,3321,3321,56.54174136863181,23.973171424199965,3066,3066,3577,3577,4.516077e+06,1.0
55,3,3321,3832,56.54164741459744,23.987838204335805,3066,3577,3577,4088,4.488666e+06,1.0
56,3,3832,255,56.52544328822203,23.8852284755431,3577,0,4088,511,3.9673138e+06,1.0
57,3,3832,766,56.52534754678388,23.89989524283848,3577,511,4088,1022,4.0771692e+06,1.0
58,3,3832,1277,56.52525178359133,23.91456201481185,3577,1022,4088,1533,3.98124e+06,1.0
59,3,3832,1788,56.52515599863698,23.929228789540964,3577,1533,4088,2044,4.0981302e+06,1.0
60,3,3832,2299,56.52506019191345,23.94389556510354,3577,2044,4088,2555,4.247815e+06,1.0
61,3,3832,2810,56.524964363413254,23.958562339577288,3577,2555,4088,3066,4.372655e+06,1.0
62,3,3832,3321,56.524868513128986,23.97322911103993,3577,3066,4088,3577,4.384317e+06,1.0
63,3,3832,3832,56.52477264105323,23.987895877569198,3577,3577,4088,4088,4.4881045e+06,1.0
0,4,255,255,56.495396702196416,24.186345791159734,0,0,511,511,4.60918e+06,1.0
1,4,255,766,56.49523379970547,24.201739866020873,0,511,511,1022,4.6470065e+06,1.0
2,4,255,1277,56.495070857805956,24.21713394639614,0,1022,511,1533,4.496023e+06,1.0
3,4,255,1788,56.49490787648355,24.23252803006266,0,1533,511,2044,4.613548e+06,1.0
4,4,255,2299,56.494744855724,24.247922114797525,0,2044,511,2555,4.3546065e+06,1.0
5,4,255,2810,56.49458179551295,24.263316198377854,0,2555,511,3066,4.435545e+06,1.0
6,4,255,3321,56.49441869583608,24.27871027858073,0,3066,511,3577,4.465401e+06,1.0
7,4,255,3832,56.494255556679086,24.294104353183275,0,3577,511,4088,4.3092015e+06,1.0
8,4,766,255,56.47829797895931,24.18645261864876,511,0,1022,511,4.6407265e+06,1.0
9,4,766,766,56.478133008330595,24.201846678721925,511,511,1022,1022,4.6464285e+06,1.0
10,4,766,1277,56.477967997793236,24.2172407442675,511,1022,1022,1533,4.6034115e+06,1.0
11,4,766,1788,56.47780294733277,24.23263481306258,511,1533,1022,2044,4.397219e+06,1.0
12,4,766,2299,56.47763785693465,24.24802888288429,511,2044,1022,2555,4.4058005e+06,1.0
13,4,766,2810,56.477472726584445,24.26342295150972,511,2555,1022,3066,4.525436e+06,1.0
14,4,766,3321,56.47730755626761,24.27881701671595,511,3066,1022,3577,4.406662e+06,1.0
15,4,766,3832,56.47714234596966,24.2942110762801,511,3577,1022,4088,4.3428305e+06,1.0
16,4,1277,255,56.461199220859385,24.18655753905998,1022,0,1533,511,4.6530005e+06,1.0
17,4,1277,766,56.46103218211386,24.201951582972878,1022,511,1533,1022,4.5282135e+06,1.0
18,4,1277,1277,56.46086510295962,24.217345632316405,1022,1022,1533,1533,4.491379e+06,1.0
19,4,1277,1788,56.46069798338204,24.232739684867653,1022,1533,1533,2044,4.5525825e+06,1.0
20,4,1277,2299,56.460530823366405,24.24813373840373,1022,2044,1533,2555,4.446711e+06,1.0
21,4,1277,2810,56.46036362289808,24.263527790701737,1022,2555,1533,3066,4.537997e+06,1.0
22,4,1277,3321,56.460196381962334,24.27892183953874,1022,3066,1533,3577,4.2993165e+06,1.0
23,4,1277,3832,56.460029100544524,24.294315882691873,1022,3577,1533,4088,4.2741145e+06,1.0
24,4,1788,255,56.44410043094217,24.186660552363648,1533,0,2044,511,4.702975e+06,1.0
25,4,1788,766,56.4439313241019,24.20205457874399,1533,511,2044,1022,4.5705295e+06,1.0
26,4,1788,1277,56.44376217635288,24.21744861051312,1533,1022,2044,1533,4.5563965e+06,1.0
27,4,1788,1788,56.44359298768028,24.232842645448105,1533,1533,2044,2044,4.424304e+06,1.0
28,4,1788,2299,56.443423758069244,24.24823668132609,1533,2044,2044,2555,4.502013e+06,1.0
29,4,1788,2810,56.44325448750492,24.263630715924148,1533,2555,2044,3066,4.416513e+06,1.0
30,4,1788,3321,56.44308517597244,24.27902474701938,1533,3066,2044,3577,4.3314295e+06,1.0
31,4,1788,3832,56.442915823456936,24.29441877238888,1533,3577,2044,4088,4.31253e+06,1.0
32,4,2299,255,56.42700161225325,24.186761658531296,2044,0,2555,511,4.673025e+06,1.0
33,4,2299,766,56.426830437341394,24.20215566600681,2044,511,2555,1022,4.553741e+06,1.0
34,4,2299,1277,56.42665922102078,24.217549678829204,2044,1022,2555,1533,4.5869675e+06,1.0
35,4,2299,1788,56.42648796327638,24.23294369477557,2044,1533,2555,2044,4.532173e+06,1.0
36,4,2299,2299,56.42631666409316,24.248337711623023,2044,2044,2555,2555,4.5018525e+06,1.0
37,4,2299,2810,56.426145323456105,24.263731727148624,2044,2555,2555,3066,4.344845e+06,1.0
38,4,2299,3321,56.425973941350136,24.2791257391295,2044,3066,2555,3577,4.365714e+06,1.0
39,4,2299,3832,56.425802517760225,24.294519745342736,2044,3577,2555,4088,4.1792862e+06,1.0
40,4,2810,255,56.409902767838226,24.186860857535926,2555,0,3066,511,4.5349325e+06,1.0
41,4,2810,766,56.40972952487906,24.202254844734323,2555,511,3066,1022,4.4781815e+06,1.0
42,4,2810,1277,56.40955624001113,24.217648837237647,2555,1022,3066,1533,4.4155245e+06,1.0
43,4,2810,1788,56.40938291321926,24.233042832823013,2555,1533,3066,2044,4.4163965e+06,1.0
44,4,2810,2299,56.40920954448819,24.248436829267487,2555,2044,3066,2555,4.239221e+06,1.0
45,4,2810,2810,56.40903613380275,24.26383082434816,2555,2555,3066,3066,4.405606e+06,1.0
46,4,2810,3321,56.40886268114767,24.279224815842145,2555,3066,3066,3577,4.2161145e+06,1.0
47,4,2810,3832,56.408689186507736,24.29461880152652,2555,3577,3066,4088,4.1800902e+06,1.0
48,4,3321,255,56.392803900742734,24.186958149351785,3066,0,3577,511,4.51988e+06,1.0
49,4,3321,766,56.392628589761635,24.202352114900826,3066,511,3577,1022,4.533662e+06,1.0
50,4,3321,1277,56.3924532363718,24.217746085712793,3066,1022,3577,1533,4.4790485e+06,1.0
51,4,3321,1788,56.39227784055786,24.233140059564768,3066,1533,3577,2044,4.4135215e+06,1.0
52,4,3321,2299,56.39210240230438,24.24853403423385,3066,2044,3577,2555,4.3009765e+06,1.0
53,4,3321,2810,56.391926921596024,24.26392800749711,3066,2555,3577,3066,4.1650945e+06,1.0
54,4,3321,3321,56.39175139841732,24.279321977131655,3066,3066,3577,3577,4.256142e+06,1.0
55,4,3321,3832,56.39157583275288,24.29471594091459,3066,3577,3577,4088,4.1571598e+06,1.0
56,4,3832,255,56.37570501401241,24.18705353395451,3577,0,4088,511,4.4702085e+06,1.0
57,4,3832,766,56.37552763503588,24.202447476481986,3577,511,4088,1022,4.454704e+06,1.0
58,4,3832,1277,56.375350213150654,24.21784142423029,3577,1022,4088,1533,4.4565985e+06,1.0
59,4,3832,1788,56.37517274834118,24.23323537497653,3577,1533,4088,2044,4.3970235e+06,1.0
60,4,3832,2299,56.37499524059187,24.2486293264978,3577,2044,4088,2555,4.3049825e+06,1.0
61,4,3832,2810,56.37481768988712,24.264023276571198,3577,2555,4088,3066,4.1504435e+06,1.0
62,4,3832,3321,56.37464009621138,24.2794172229738,3577,3066,4088,3577,4.1141918e+06,1.0
63,4,3832,3832,56.37446245954903,24.294811163482716,3577,3577,4088,4088,4.1611292e+06,1.0
0,5,255,255,56.49524518746326,24.040631632461118,0,0,511,511,4.7746105e+06,1.0
1,5,255,766,56.49503780263613,24.055708054266933,0,511,511,1022,4.7171195e+06,1.0
2,5,255,1277,56.49483036900981,24.070784481180674,0,1022,511,1533,4.877393e+06,1.0
3,5,255,1788,56.49462288656712,24.08586091111397,0,1533,511,2044,4.799859e+06,1.0
4,5,255,2299,56.4944153552908,24.100937341978465,0,2044,511,2555,4.819295e+06,1.0
5,5,255,2810,56.49420777516362,24.11601377168584,0,2555,511,3066,4.7877345e+06,1.0
6,5,255,3321,56.49400014616834,24.131090198147703,0,3066,511,3577,4.914596e+06,1.0
7,5,255,3832,56.4937924682877,24.146166619275736,0,3577,511,4088,4.8336225e+06,1.0
8,5,766,255,56.47828526079257,24.04078103315267,511,0,1022,511,4.5975305e+06,1.0
9,5,766,766,56.47807588052102,24.055857435411834,511,511,1022,1022,4.772598e+06,1.0
10,5,766,1277,56.477866450981146,24.070933842725736,511,1022,1022,1533,4.683613e+06,1.0
11,5,766,1788,56.47765697215553,24.086010253006034,511,1533,1022,2044,4.94604e+06,1.0
12,5,766,2299,56.47744744402684,24.101086664164367,511,2044,1022,2555,4.8172425e+06,1.0
13,5,766,2810,56.477237866577596,24.116163074112364,511,2555,1022,3066,4.8808615e+06,1.0
14,5,766,3321,56.47702823979045,24.1312394807617,511,3066,1022,3577,4.9700085e+06,1.0
15,5,766,3832,56.47681856364793,24.146315882023977,511,3577,1022,4088,4.852138e+06,1.0
16,5,1277,255,56.46132528852812,24.04092856611979,1022,0,1533,511,4.5890575e+06,1.0
17,5,1277,766,56.46111391283813,24.056004947509805,1022,511,1533,1022,4.601486e+06,1.0
18,5,1277,1277,56.46090248741067,24.071081333901354,1022,1022,1533,1533,4.612031e+06,1.0
19,5,1277,1788,56.460691012228175,24.08615772320606,1022,1533,1533,2044,4.76939e+06,1.0
20,5,1277,2299,56.46047948727312,24.101234113335572,1022,2044,1533,2555,4.8666825e+06,1.0
21,5,1277,2810,56.460267912527904,24.116310502201532,1022,2555,1533,3066,4.734224e+06,1.0
22,5,1277,3321,56.46005628797496,24.13138688771556,1022,3066,1533,3577,4.6717495e+06,1.0
23,5,1277,3832,56.45984461359671,24.14646326778934,1022,3577,1533,4088,4.6629405e+06,1.0
24,5,1788,255,56.444365273641836,24.041074231321975,1533,0,2044,511,4.391366e+06,1.0
25,5,1788,766,56.44415190256042,24.056150590520396,1533,511,2044,1022,4.5042015e+06,1.0
26,5,1788,1277,56.44393848127242,24.071226954667065,1533,1022,2044,1533,4.6327425e+06,1.0
27,5,1788,1788,56.44372500976013,24.08630332167359,1533,1533,2044,2044,4.7166885e+06,1.0
28,5,1788,2299,56.44351148800578,24.10137968945167,1533,2044,2044,2555,4.794102e+06,1.0
29,5,1788,2810,56.44329791599169,24.116456055912888,1533,2555,2044,3066,4.7744215e+06,1.0
30,5,1788,3321,56.443084293700096,24.13153241896892,1533,3066,2044,3577,4.9025075e+06,1.0
31,5,1788,3832,56.44287062111325,24.146608776531394,1533,3577,2044,4088,4.7265365e+06,1.0
32,5,2299,255,56.42740521910566,24.041218028720085,2044,0,2555,511,4.3371835e+06,1.0
33,5,2299,766,56.42718985266089,24.056294364404447,2044,511,2555,1022,4.4184965e+06,1.0
34,5,2299,1277,56.42697443554044,24.071370704983714,2044,1022,2555,1533,4.603956e+06,1.0
35,5,2299,1788,56.426758967726435,24.086447048369536,2044,1533,2555,2044,4.6335915e+06,1.0
36,5,2299,2299,56.42654344920096,24.10152339247355,2044,2044,2555,2555,4.714004e+06,1.0
37,5,2299,2810,56.42632787994617,24.116599735207373,2044,2555,2555,3066,4.7222175e+06,1.0
38,5,2299,3321,56.426112259944105,24.131676074482677,2044,3066,2555,3577,4.668624e+06,1.0
39,5,2299,3832,56.42589658917687,24.146752408211075,2044,3577,2555,4088,4.688887e+06,1.0
40,5,2810,255,56.41044512789157,24.04135995827623,2555,0,3066,511,4.2486445e+06,1.0
41,5,2810,766,56.41022776611257,24.056436269124095,2555,511,3066,1022,4.479525e+06,1.0
42,5,2810,1277,56.41001035318882,24.071512584813473,2555,1022,3066,1533,4.5130545e+06,1.0
43,5,2810,1788,56.40979288910227,24.086588903256025,2555,1533,3066,2044,4.499071e+06,1.0
44,5,2810,2299,56.4095753738349,24.101665222363376,2555,2044,3066,2555,4.543049e+06,1.0
45,5,2810,2810,56.40935780736858,24.116741540047173,2555,2555,3066,3066,4.6739185e+06,1.0
46,5,2810,3321,56.40914018968529,24.13181785421904,2555,3066,3066,3577,4.6984965e+06,1.0
47,5,2810,3832,56.40892252076693,24.14689416279062,2555,3577,3066,4088,4.5824675e+06,1.0
48,5,3321,255,56.393485002971616,24.041500019953894,3066,0,3577,511,4.2429915e+06,1.0
49,5,3321,766,56.39326564588854,24.056576304642807,3066,511,3577,1022,4.315186e+06,1.0
50,5,3321,1277,56.39304623719168,24.071652594119836,3066,1022,3577,1533,4.448365e+06,1.0
51,5,3321,1788,56.392826776862805,24.08672888629658,3066,1533,3577,2044,4.399226e+06,1.0
52,5,3321,2299,56.39260726488375,24.101805179084703,3066,2044,3577,2555,4.495005e+06,1.0
53,5,3321,2810,56.392387701236196,24.11688147039583,3066,2555,3577,3066,4.687841e+06,1.0
54,5,3321,3321,56.39216808590198,24.13195775814157,3066,3066,3577,3577,4.5943015e+06,1.0
55,5,3321,3832,56.39194841886281,24.147034040233603,3066,3577,3577,4088,4.5609965e+06,1.0
56,5,3832,255,56.37652484731784,24.041638213717775,3577,0,4088,511,4.1673402e+06,1.0
57,5,3832,766,56.37630349496193,24.056714470925368,3577,511,4088,1022,4.283695e+06,1.0
58,5,3832,1277,56.376082090523205,24.07179073286757,3577,1022,4088,1533,4.3060135e+06,1.0
59,5,3832,1788,56.3758606339833,24.086866997456017,3577,1533,4088,2044,4.160607e+06,1.0
60,5,3832,2299,56.375639125323815,24.101943262602333,3577,2044,4088,2555,4.3859e+06,1.0
61,5,3832,2810,56.375417564526366,24.117019526218154,3577,2555,4088,3066,4.3135675e+06,1.0
62,5,3832,3321,56.37519595157252,24.132095786215142,3577,3066,4088,3577,4.4839735e+06,1.0
63,5,3832,3832,56.374974286443916,24.147172040504895,3577,3577,4088,4088,4.517127e+06,1.0
0,6,255,255,56.49524292255829,23.911150330652458,0,0,511,511,4.042333e+06,1.0
1,6,255,766,56.494998088236144,23.925873020260436,0,511,511,1022,4.2102655e+06,1.0
2,6,255,1277,56.49475319799763,23.940595714535874,0,1022,511,1533,4.1809982e+06,1.0
3,6,255,1788,56.49450825182357,23.955318411533767,0,1533,511,2044,4.2204715e+06,1.0
4,6,255,2299,56.494263249694754,23.970041109309093,0,2044,511,2555,4.4808545e+06,1.0
5,6,255,2810,56.49401819159209,23.98476380591681,0,2555,511,3066,4.524011e+06,1.0
6,6,255,3321,56.49377307749637,23.999486499411862,0,3066,511,3577,4.653468e+06,1.0
7,6,255,3832,56.49352790738842,24.014209187849264,0,3577,511,4088,4.5365285e+06,1.0
8,6,766,255,56.47843502882455,23.91133498052023,511,0,1022,511,4.0344602e+06,1.0
9,6,766,766,56.47818827499205,23.926057646700908,511,511,1022,1022,4.1222545e+06,1.0
10,6,766,1277,56.477941464805305,23.940780317487583,511,1022,1022,1533,4.3253855e+06,1.0
11,6,766,1788,56.47769459824499,23.95550299093525,511,1533,1022,2044,4.259915e+06,1.0
12,6,766,2299,56.477447675291835,23.97022566509887,511,2044,1022,2555,4.337888e+06,1.0
13,6,766,2810,56.477200695926456,23.9849483380334,511,2555,1022,3066,4.398667e+06,1.0
14,6,766,3321,56.47695366012959,23.9996710077938,511,3066,1022,3577,4.3003435e+06,1.0
15,6,766,3832,56.476706567881855,24.014393672435034,511,3577,1022,4088,4.6568615e+06,1.0
16,6,1277,255,56.46162708102911,23.911517803472396,1022,0,1533,511,4.022e+06,1.0
17,6,1277,766,56.461378407716396,23.9262404449571,1022,511,1533,1022,3.9962715e+06,1.0
18,6,1277,1277,56.46112967761158,23.940963090986315,1022,1022,1533,1533,4.1639382e+06,1.0
19,6,1277,1788,56.460880890695215,23.955685739615006,1022,1533,1533,2044,4.2021355e+06,1.0
20,6,1277,2299,56.46063204694786,23.970408388898125,1022,2044,1533,2555,4.289781e+06,1.0
21,6,1277,2810,56.46038314635003,23.985131036890625,1022,2555,1533,3066,4.476006e+06,1.0
22,6,1277,3321,56.46013418888227,23.999853681647483,1022,3066,1533,3577,4.3368195e+06,1.0
23,6,1277,3832,56.45988517452508,24.01457632122365,1022,3577,1533,4088,4.5257665e+06,1.0
24,6,1788,255,56.444819082064605,23.911698799460076,1533,0,2044,511,3.9990315e+06,1.0
25,6,1788,766,56.44456848930278,23.926421414980194,1533,511,2044,1022,4.0115688e+06,1.0
26,6,1788,1277,56.444317839311054,23.941144034983257,1533,1022,2044,1533,4.0371922e+06,1.0
27,6,1788,1788,56.444067132069826,23.955866657524236,1533,1533,2044,2044,4.1504812e+06,1.0
28,6,1788,2299,56.443816367559485,23.970589280658068,1533,2044,2044,2555,4.15575e+06,1.0
29,6,1788,2810,56.44356554576042,23.985311902439722,1533,2555,2044,3066,4.203874e+06,1.0
30,6,1788,3321,56.44331466665301,24.000034520924146,1533,3066,2044,3577,4.354935e+06,1.0
31,6,1788,3832,56.44306373021762,24.01475713416633,1533,3577,2044,4088,4.47062e+06,1.0
32,6,2299,255,56.42801103482372,23.911877968435675,2044,0,2555,511,3.9968108e+06,1.0
33,6,2299,766,56.4277585226449,23.926600556722608,2044,511,2555,1022,3.9455635e+06,1.0
34,6,2299,1277,56.4275059527984,23.941323149430843,2044,1022,2555,1533,3.9641162e+06,1.0
35,6,2299,1788,56.42725332526446,23.95604574461539,2044,1533,2555,2044,4.198085e+06,1.0
36,6,2299,2299,56.42700064002333,23.970768340331183,2044,2044,2555,2555,4.0929202e+06,1.0
37,6,2299,2810,56.42674789705525,23.985490934633177,2044,2555,2555,3066,4.2170025e+06,1.0
38,6,2299,3321,56.42649509634043,24.000213525576328,2044,3066,2555,3577,4.3920235e+06,1.0
39,6,2299,3832,56.42624223785911,24.01493611121559,2044,3577,2555,4088,4.326013e+06,1.0
40,6,2810,255,56.411202942199154,23.912055310352883,2555,0,3066,511,3.6729478e+06,1.0
41,6,2810,766,56.41094851063645,23.926777870137986,2555,511,3066,1022,3.800808e+06,1.0
42,6,2810,1277,56.410694020968315,23.941500434282776,2555,1022,3066,1533,4.0476238e+06,1.0
43,6,2810,1788,56.410439473174826,23.956223000842193,2555,1533,3066,2044,4.0130995e+06,1.0
44,6,2810,2299,56.4101848672361,23.970945567871194,2555,2044,3066,2555,4.1113132e+06,1.0
45,6,2810,2810,56.4099302031322,23.985668133424735,2555,2555,3066,3066,4.0867642e+06,1.0
46,6,2810,3321,56.40967548084322,24.000390695557773,2555,3066,3066,3577,4.259866e+06,1.0
47,6,2810,3832,56.40942070034923,24.015113252325243,2555,3577,3066,4088,4.258029e+06,1.0
48,6,3321,255,56.39439480708371,23.912230825166613,3066,0,3577,511,3.8002288e+06,1.0
49,6,3321,766,56.394138456171206,23.926953355181322,3066,511,3577,1022,3.8925072e+06,1.0
50,6,3321,1277,56.39388204671554,23.941675889494014,3066,1022,3577,1533,3.9755148e+06,1.0
51,6,3321,1788,56.39362557869664,23.95639842615962,3066,1533,3577,2044,3.910401e+06,1.0
52,6,3321,2299,56.39336905209451,23.971120963233105,3066,2044,3577,2555,3.8841428e+06,1.0
53,6,3321,2810,56.393112466889015,23.98584349876942,3066,2555,3577,3066,4.0671272e+06,1.0
54,6,3321,3321,56.3928558230601,24.000566030823503,3066,3066,3577,3577,4.1488018e+06,1.0
55,6,3321,3832,56.39259912058769,24.015288557450337,3066,3577,3577,4088,4.348831e+06,1.0
56,6,3832,255,56.37758663237015,23.91240451283305,3577,0,4088,511,3.661481e+06,1.0
57,6,3832,766,56.377328362142975,23.927127011808818,3577,511,4088,1022,3.8071482e+06,1.0
58,6,3832,1277,56.3770700329349,23.941849515020795,3577,1022,4088,1533,3.896508e+06,1.0
59,6,3832,1788,56.37681164472578,23.95657202052393,3577,1533,4088,2044,3.8452272e+06,1.0
60,6,3832,2299,56.37655319749535,23.97129452637319,3577,2044,4088,2555,3.8781252e+06,1.0
61,6,3832,2810,56.376294691223464,23.986017030623508,3577,2555,4088,3066,3.9772968e+06,1.0
62,6,3832,3321,56.37603612588986,24.000739531329838,3577,3066,4088,3577,4.123689e+06,1.0
63,6,3832,3832,56.375777501474275,24.01546202654717,3577,3577,4088,4088,4.0703498e+06,1.0
0,7,255,255,56.346592186552876,24.251364060700574,0,0,511,511,4.3956945e+06,1.0
1,7,255,766,56.346354348497115,24.266817161919434,0,511,511,1022,4.326242e+06,1.0
2,7,255,1277,56.34611645250765,24.2822702685728,0,1022,511,1533,4.3010175e+06,1.0
3,7,255,1788,56.34587849856339,24.297723378411664,0,1533,511,2044,4.281754e+06,1.0
4,7,255,2299,56.34564048664308,24.313176489187057,0,2044,511,2555,4.1002535e+06,1.0
5,7,255,2810,56.34540241672559,24.328629598649993,0,2555,511,3066,4.0708225e+06,1.0
6,7,255,3321,56.345164288789725,24.34408270455148,0,3066,511,3577,4.276918e+06,1.0
7,7,255,3832,56.34492610281426,24.359535804642537,0,3577,511,4088,3.9866235e+06,1.0
8,7,766,255,56.32962175624866,24.251505238646725,511,0,1022,511,4.2978175e+06,1.0
9,7,766,766,56.32938185126753,24.266958316852755,511,511,1022,1022,4.3663065e+06,1.0
10,7,766,1277,56.32914188784974,24.28241140043457,511,1022,1022,1533,4.3494945e+06,1.0
11,7,766,1788,56.32890186597398,24.297864487143148,511,1533,1022,2044,4.1896608e+06,1.0
12,7,766,2299,56.32866178561889,24.313317574729524,511,2044,1022,2555,4.248825e+06,1.0
13,7,766,2810,56.328421646763104,24.32877066094469,511,2555,1022,3066,4.186397e+06,1.0
14,7,766,3321,56.32818144938525,24.344223743539672,511,3066,1022,3577,4.119945e+06,1.0
15,7,766,3832,56.32794119346392,24.359676820265467,511,3577,1022,4088,4.097944e+06,1.0
16,7,1277,255,56.31265128213043,24.251644534251657,1022,0,1533,511,4.3418565e+06,1.0
17,7,1277,766,56.31240931025534,24.267097588087644,1022,511,1533,1022,4.3707145e+06,1.0
18,7,1277,1277,56.31216727944069,24.282550647240605,1022,1022,1533,1533,4.2548365e+06,1.0
19,7,1277,1788,56.31192518966494,24.298003709461558,1022,1533,1533,2044,4.339252e+06,1.0
20,7,1277,2299,56.311683040906566,24.313456772501503,1022,2044,1533,2555,4.1369305e+06,1.0
21,7,1277,2810,56.311440833144026,24.32890983411145,1022,2555,1533,3066,4.1628445e+06,1.0
22,7,1277,3321,56.311198566355735,24.344362892042405,1022,3066,1533,3577,3.965189e+06,1.0
23,7,1277,3832,56.310956240520134,24.359815944045373,1022,3577,1533,4088,4.0830158e+06,1.0
24,7,1788,255,56.29568076717562,24.251781947477014,1533,0,2044,511,4.1973945e+06,1.0
25,7,1788,766,56.2954367284391,24.267234975585726,1533,511,2044,1022,4.290438e+06,1.0
26,7,1788,1277,56.29519263026012,24.28268800895257,1533,1022,2044,1533,4.1277888e+06,1.0
27,7,1788,1788,56.29494847261696,24.298141045328567,1533,1533,2044,2044,4.149918e+06,1.0
28,7,1788,2299,56.2947042554879,24.31359408246468,1533,2044,2044,2555,4.215093e+06,1.0
29,7,1788,2810,56.29445997885123,24.329047118111973,1533,2555,2044,3066,4.0108512e+06,1.0
30,7,1788,3321,56.294215642685174,24.344500150021407,1533,3066,2044,3577,4.054778e+06,1.0
31,7,1788,3832,56.293971246967985,24.359953175944,1533,3577,2044,4088,4.0362488e+06,1.0
32,7,2299,255,56.27871021436171,24.25191747828573,2044,0,2555,511,4.3386185e+06,1.0
33,7,2299,766,56.27846410879738,24.267370479309964,2044,511,2555,1022,4.2331505e+06,1.0
34,7,2299,1277,56.27821794328771,24.28282348553343,2044,1022,2555,1533,4.218622e+06,1.0
35,7,2299,1788,56.277971717810814,24.298276494707153,2044,1533,2555,2044,4.3317085e+06,1.0
36,7,2299,2299,56.277725432344766,24.313729504582085,2044,2044,2555,2555,4.0640798e+06,1.0
37,7,2299,2810,56.277479086867665,24.32918251290928,2044,2555,2555,3066,4.093748e+06,1.0
38,7,2299,3321,56.27723268135759,24.34463551743971,2044,3066,2555,3577,4.1306662e+06,1.0
39,7,2299,3832,56.27698621579259,24.360088515924396,2044,3577,2555,4088,4.0747925e+06,1.0
40,7,2810,255,56.26173962666624,24.25205112664206,2555,0,3066,511,4.1825645e+06,1.0
41,7,2810,766,56.26149145430878,24.26750409922463,2555,511,3066,1022,4.2238395e+06,1.0
42,7,2810,1277,56.26124322150314,24.282957076947483,2555,1022,3066,1533,4.272711e+06,1.0
43,7,2810,1788,56.26099492822725,24.29841005756162,2555,1533,3066,2044,3.943017e+06,1.0
44,7,2810,2299,56.260746574459,24.313863038818035,2555,2044,3066,2555,4.1733915e+06,1.0
45,7,2810,2810,56.26049816017629,24.329316018467722,2555,2555,3066,3066,4.0706795e+06,1.0
46,7,2810,3321,56.26024968535703,24.344768994261702,2555,3066,3066,3577,3.890758e+06,1.0
47,7,2810,3832,56.26000114997909,24.36022196395095,2555,3577,3066,4088,4.0331872e+06,1.0
48,7,3321,255,56.24476900706676,24.25218289251157,3066,0,3577,511,4.1073525e+06,1.0
49,7,3321,766,56.244518767951966,24.267635835295327,3066,511,3577,1022,4.2119465e+06,1.0
50,7,3321,1277,56.24426846788618,24.28308878316035,3066,1022,3577,1533,4.1120482e+06,1.0
51,7,3321,1788,56.24401810684712,24.298541733857633,3066,1533,3577,2044,4.0450115e+06,1.0
52,7,3321,2299,56.24376768481254,24.313994685138177,3066,2044,3577,2555,4.1852655e+06,1.0
53,7,3321,2810,56.243517201760135,24.329447634752977,3066,2555,3577,3066,4.08854e+06,1.0
54,7,3321,3321,56.24326665766761,24.34490058045304,3066,3066,3577,3577,3.9781422e+06,1.0
55,7,3321,3832,56.24301605251269,24.36035351998935,3066,3577,3577,4088,3.9589318e+06,1.0
56,7,3832,255,56.22779835854087,24.252312775861196,3577,0,4088,511,4.1478215e+06,1.0
57,7,3832,766,56.22754605270562,24.267765687488982,3577,511,4088,1022,4.1616338e+06,1.0
58,7,3832,1277,56.22729368541658,24.283218604138966,3577,1022,4088,1533,4.189373e+06,1.0
59,7,3832,1788,56.227041256651304,24.298671523562135,3577,1533,4088,2044,4.2050055e+06,1.0
60,7,3832,2299,56.22678876638733,24.3141244435095,3577,2044,4088,2555,4.0221245e+06,1.0
61,7,3832,2810,56.226536214602234,24.329577361732028,3577,2555,4088,3066,3.9241e+06,1.0
62,7,3832,3321,56.226283601273465,24.34503027598077,3577,3066,4088,3577,3.994669e+06,1.0
63,7,3832,3832,56.22603092637861,24.360483184006664,3577,3577,4088,4088,3.8185235e+06,1.0
0,8,255,255,56.346559789790206,24.104674451075542,0,0,511,511,4.0860118e+06,1.0
1,8,255,766,56.34624700607109,24.11984896355912,0,511,511,1022,4.0906028e+06,1.0
2,8,255,1277,56.345934148047824,24.13502348097627,0,1022,511,1533,4.1565308e+06,1.0
3,8,255,1788,56.34562121569395,24.15019800119685,0,1533,511,2044,4.2056645e+06,1.0
4,8,255,2299,56.345308208983,24.165372522090724,0,2044,511,2555,4.2626035e+06,1.0
5,8,255,2810,56.34499512788848,24.180547041527774,0,2555,511,3066,4.1738345e+06,1.0
6,8,255,3321,56.344681972383896,24.19572155737785,0,3066,511,3577,4.2128625e+06,1.0
7,8,255,3832,56.34436874244273,24.210896067510834,0,3577,511,4088,4.274734e+06,1.0
8,8,766,255,56.32971206051739,24.10488673541752,511,0,1022,511,3.9233265e+06,1.0
9,8,766,766,56.32939727530407,24.12006121692624,511,511,1022,1022,4.048603e+06,1.0
10,8,766,1277,56.32908241531203,24.135235703289826,511,1022,1022,1533,3.9678795e+06,1.0
11,8,766,1788,56.32876748051459,24.150410192378157,511,1533,1022,2044,4.0334282e+06,1.0
12,8,766,2299,56.328452470885175,24.165584682061084,511,2044,1022,2555,4.1189482e+06,1.0
13,8,766,2810,56.32813738639706,24.180759170208468,511,2555,1022,3066,4.242619e+06,1.0
14,8,766,3321,56.32782222702363,24.195933654690183,511,3066,1022,3577,4.2532765e+06,1.0
15,8,766,3832,56.327506992738165,24.21110813337608,511,3577,1022,4088,4.1630012e+06,1.0
16,8,1277,255,56.312864269285456,24.105097172989144,1022,0,1533,511,4.090091e+06,1.0
17,8,1277,766,56.31254748261769,24.120271622208865,1022,511,1533,1022,4.1547162e+06,1.0
18,8,1277,1277,56.31223062069662,24.135446076204712,1022,1022,1533,1533,4.0573608e+06,1.0
19,8,1277,1788,56.31191368349547,24.15062053284654,1022,1533,1533,2044,4.1531902e+06,1.0
20,8,1277,2299,56.31159667098737,24.165794990004233,1022,2044,1533,2555,4.0705822e+06,1.0
21,8,1277,2810,56.31127958314555,24.18096944554762,1022,2555,1533,3066,4.1345518e+06,1.0
22,8,1277,3321,56.310962419943145,24.196143897346577,1022,3066,1533,3577,4.1470915e+06,1.0
23,8,1277,3832,56.31064518135333,24.21131834327097,1022,3577,1533,4088,4.073129e+06,1.0
24,8,1788,255,56.29601641900761,24.105305763734126,1533,0,2044,511,3.7896335e+06,1.0
25,8,1788,766,56.29569763092615,24.120480179350736,1533,511,2044,1022,3.7442548e+06,1.0
26,8,1788,1277,56.29537876711686,24.135654599664672,1533,1022,2044,1533,3.9516398e+06,1.0
27,8,1788,1788,56.29505982755277,24.150829022545796,1533,1533,2044,2044,3.9824788e+06,1.0
28,8,1788,2299,56.2947408122069,24.166003445863964,1533,2044,2044,2555,4.1309038e+06,1.0
29,8,1788,2810,56.29442172105227,24.18117786748904,1533,2555,2044,3066,4.0820438e+06,1.0
30,8,1788,3321,56.29410255406185,24.196352285290864,1533,3066,2044,3577,4.0064105e+06,1.0
31,8,1788,3832,56.29378331120864,24.211526697139316,1533,3577,2044,4088,4.3030455e+06,1.0
32,8,2299,255,56.279168512597046,24.105512507597467,2044,0,2555,511,3.784732e+06,1.0
33,8,2299,766,56.278847723143706,24.120686888296877,2044,511,2555,1022,3.7551762e+06,1.0
34,8,2299,1277,56.27852685748803,24.135861273614754,2044,1022,2555,1533,4.0129695e+06,1.0
35,8,2299,1788,56.27820591560291,24.15103566142098,2044,1533,2555,2044,3.8866825e+06,1.0
36,8,2299,2299,56.27788489746117,24.166210049585377,2044,2044,2555,2555,3.9079675e+06,1.0
37,8,2299,2810,56.27756380303566,24.18138443597782,2044,2555,2555,3066,3.976167e+06,1.0
38,8,2299,3321,56.277242632299206,24.196558818468166,2044,3066,2555,3577,4.123825e+06,1.0
39,8,2299,3832,56.27692138522462,24.21173319492626,2044,3577,2555,4088,3.9743202e+06,1.0
40,8,2810,255,56.26232055296706,24.105717404525453,2555,0,3066,511,3.7982118e+06,1.0
41,8,2810,766,56.261997762184684,24.120891748993582,2555,511,3066,1022,3.7719465e+06,1.0
42,8,2810,1277,56.261674894725516,24.136066098001276,2555,1022,3066,1533,3.793957e+06,1.0
43,8,2810,1788,56.26135195056226,24.15124044941841,2555,1533,3066,2044,3.835427e+06,1.0
44,8,2810,2299,56.26102892966759,24.166414801114826,2555,2044,3066,2555,3.8981298e+06,1.0
45,8,2810,2810,56.26070583201422,24.181589150960374,2555,2555,3066,3066,3.8909778e+06,1.0
46,8,2810,3321,56.26038265757474,24.196763496824897,2555,3066,3066,3577,3.9505358e+06,1.0
47,8,2810,3832,56.26005940632183,24.21193783657827,2555,3577,3066,4088,3.9579152e+06,1.0
48,8,3321,255,56.245472543031006,24.10592045446564,3066,0,3577,511,3.744485e+06,1.0
49,8,3321,766,56.24514775096346,24.12109476138843,3066,511,3577,1022,3.6429788e+06,1.0
50,8,3321,1277,56.24482288174473,24.136269072771857,3066,1022,3577,1533,3.6998498e+06,1.0
51,8,3321,1788,56.2444979353473,24.151443386485738,3066,1533,3577,2044,3.83841e+06,1.0
52,8,3321,2299,56.24417291174372,24.166617700399957,3066,2044,3577,2555,3.7985528e+06,1.0
53,8,3321,2810,56.24384781090645,24.18179201238435,3066,2555,3577,3066,3.8880855e+06,1.0
54,8,3321,3321,56.24352263280802,24.196966320308753,3066,3066,3577,3577,3.9055575e+06,1.0
55,8,3321,3832,56.24319737742089,24.21214062204304,3066,3577,3577,4088,3.8818078e+06,1.0
56,8,3832,255,56.228624485702234,24.10612165736682,3577,0,4088,511,3.547207e+06,1.0
57,8,3832,766,56.22829769239447,24.12129592543027,3577,511,4088,1022,3.7461518e+06,1.0
58,8,3832,1277,56.227970821461106,24.136470197875333,3577,1022,4088,1533,3.867546e+06,1.0
59,8,3832,1788,56.22764387287451,24.15164447257186,3577,1533,4088,2044,3.7884268e+06,1.0
60,8,3832,2299,56.227316846607025,24.166818747389705,3577,2044,4088,2555,3.7702878e+06,1.0
61,8,3832,2810,56.22698974263097,24.181993020198707,3577,2555,4088,3066,3.8709942e+06,1.0
62,8,3832,3321,56.2266625609187,24.19716728886871,3577,3066,4088,3577,3.8611508e+06,1.0
63,8,3832,3832,56.22633530144249,24.212341551269557,3577,3577,4088,4088,3.9187788e+06,1.0
0,9,255,255,56.34553935910124,23.976054647620963,0,0,511,511,3.619455e+06,1.0
1,9,255,766,56.34516243783918,23.990911775977555,0,511,511,1022,3.844647e+06,1.0
2,9,255,1277,56.344785429438495,24.005768908706074,0,1022,511,1533,3.8849578e+06,1.0
3,9,255,1788,56.34440833386899,24.020626043806608,0,1533,511,2044,3.7665285e+06,1.0
4,9,255,2299,56.34403115110045,24.03548317927927,0,2044,511,2555,3.9087602e+06,1.0
5,9,255,2810,56.34365388110268,24.05034031312414,0,2555,511,3066,3.9635718e+06,1.0
6,9,255,3321,56.34327652384546,24.065197443341322,0,3066,511,3577,4.0387095e+06,1.0
7,9,255,3832,56.3428990792985,24.0800545679309,0,3577,511,4088,4.155568e+06,1.0
8,9,766,255,56.32882888522301,23.976327868156638,511,0,1022,511,3.7135178e+06,1.0
9,9,766,766,56.328450031704755,23.991184958930678,511,511,1022,1022,3.6437935e+06,1.0
10,9,766,1277,56.32807109060241,24.006042053982704,511,1022,1022,1533,3.67175e+06,1.0
11,9,766,1788,56.32769206188564,24.020899151312786,511,1533,1022,2044,3.853817e+06,1.0
12,9,766,2299,56.32731294552408,24.03575624892103,511,2044,1022,2555,3.8751468e+06,1.0
13,9,766,2810,56.32693374148739,24.050613344807534,511,2555,1022,3066,4.0478488e+06,1.0
14,9,766,3321,56.32655444974511,24.065470436972365,511,3066,1022,3577,4.0059285e+06,1.0
15,9,766,3832,56.32617507026692,24.080327523415647,511,3577,1022,4088,4.078591e+06,1.0
16,9,1277,255,56.31211833443373,23.976599279217872,1022,0,1533,511,3.725173e+06,1.0
17,9,1277,766,56.31173754870596,23.991456331142928,1022,511,1533,1022,3.6817485e+06,1.0
18,9,1277,1277,56.31135667494869,24.006313387251975,1022,1022,1533,1533,3.6419122e+06,1.0
19,9,1277,1788,56.31097571313141,24.021170445545085,1022,1533,1533,2044,3.6267468e+06,1.0
20,9,1277,2299,56.31059466322363,24.03602750402235,1022,2044,1533,2555,3.6799485e+06,1.0
21,9,1277,2810,56.310213525194804,24.050884560683862,1022,2555,1533,3066,3.7791618e+06,1.0
22,9,1277,3321,56.30983229901441,24.065741613529713,1022,3066,1533,3577,3.9442622e+06,1.0
23,9,1277,3832,56.30945098465189,24.080598660559954,1022,3577,1533,4088,4.0703142e+06,1.0
24,9,1788,255,56.295407709575755,23.976868880733715,1533,0,2044,511,3.5727498e+06,1.0
25,9,1788,766,56.29502499168614,23.991725892543403,1533,511,2044,1022,3.6962298e+06,1.0
26,9,1788,1277,56.29464218532164,24.006582908443026,1533,1022,2044,1533,3.603375e+06,1.0
27,9,1788,1788,56.29425929045161,24.021439926432663,1533,1533,2044,2044,3.7465395e+06,1.0
28,9,1788,2299,56.29387630704537,24.0362969445124,1533,2044,2044,2555,3.8021915e+06,1.0
29,9,1788,2810,56.29349323507228,24.05115396068233,1533,2555,2044,3066,3.7172108e+06,1.0
30,9,1788,3321,56.29311007450162,24.066010972942543,1533,3066,2044,3577,3.7814672e+06,1.0
31,9,1788,3832,56.29272682530268,24.080867979293096,1533,3577,2044,4088,3.911646e+06,1.0
32,9,2299,255,56.27869701349152,23.977136672634515,2044,0,2555,511,3.5725512e+06,1.0
33,9,2299,766,56.278312363488716,23.991993643062443,2044,511,2555,1022,3.6629782e+06,1.0
34,9,2299,1277,56.2779276245657,24.006850617486226,2044,1022,2555,1533,3.670092e+06,1.0
35,9,2299,1788,56.277542796691655,24.021707593905923,2044,1533,2555,2044,3.6989555e+06,1.0
36,9,2299,2299,56.277157879835755,24.036564570321605,2044,2044,2555,2555,3.6950375e+06,1.0
37,9,2299,2810,56.27677287396719,24.051421544733397,2044,2555,2555,3066,3.7353008e+06,1.0
38,9,2299,3321,56.2763877790551,24.06627851514134,2044,3066,2555,3577,3.746007e+06,1.0
39,9,2299,3832,56.27600259506864,24.08113547954554,2044,3577,2555,4088,3.7995138e+06,1.0
40,9,2810,255,56.26198624902353,23.97740265485179,2555,0,3066,511,3.6523675e+06,1.0
41,9,2810,766,56.26159966695718,23.992259582631604,2555,511,3066,1022,3.585297e+06,1.0
42,9,2810,1277,56.26121299552532,24.007116514313132,2555,1022,3066,1533,3.600567e+06,1.0
43,9,2810,1788,56.260826234696964,24.021973447896432,2555,1533,3066,2044,3.7906495e+06,1.0
44,9,2810,2299,56.260439384441185,24.036830381381595,2555,2044,3066,2555,3.6373855e+06,1.0
45,9,2810,2810,56.26005244472695,24.051687312768692,2555,2555,3066,3066,3.8000865e+06,1.0
46,9,2810,3321,56.259665415523294,24.066544240057794,2555,3066,3066,3577,3.781314e+06,1.0
47,9,2810,3832,56.25927829679919,24.081401161248976,2555,3577,3066,4088,3.7796892e+06,1.0
48,9,3321,255,56.24527541901435,23.9776668273183,3066,0,3577,511,3.4615848e+06,1.0
49,9,3321,766,56.2448869049351,23.9925237111837,3066,511,3577,1022,3.5641475e+06,1.0
50,9,3321,1277,56.24449830104505,24.007380598856596,3066,1022,3577,1533,3.514535e+06,1.0
51,9,3321,1788,56.24410960731314,24.022237488337097,3066,1533,3577,2044,3.6683962e+06,1.0
52,9,3321,2299,56.243720823708195,24.03709437762525,3066,2044,3577,2555,3.6542625e+06,1.0
53,9,3321,2810,56.24333195019911,24.051951264721133,3066,2555,3577,3066,3.6732968e+06,1.0
54,9,3321,3321,56.242942986754706,24.06680814762482,3066,3066,3577,3577,3.7246018e+06,1.0
55,9,3321,3832,56.24255393334383,24.081665024336406,3066,3577,3577,4088,3.6145928e+06,1.0
56,9,3832,255,56.228564526306634,23.97792918996807,3577,0,4088,511,3.516936e+06,1.0
57,9,3832,766,56.22817408026608,23.992786028652745,3577,511,4088,1022,3.5120125e+06,1.0
58,9,3832,1277,56.22778354396955,24.0076428710507,3577,1022,4088,1533,3.5875745e+06,1.0
59,9,3832,1788,56.22739291738574,24.022499715161985,3577,1533,4088,2044,3.4331462e+06,1.0
60,9,3832,2299,56.22700220048339,24.03735655898669,3577,2044,4088,2555,3.6034942e+06,1.0
61,9,3832,2810,56.22661139323121,24.052213400524884,3577,2555,4088,3066,3.6974928e+06,1.0
62,9,3832,3321,56.2262204955979,24.067070237776626,3577,3066,4088,3577,3.6027515e+06,1.0
63,9,3832,3832,56.22582950755212,24.081927068742008,3577,3577,4088,4088,3.7932195e+06,1.0
0,10,255,255,56.79253687485122,24.159970604439128,0,0,511,511,4.6921245e+06,1.0
1,10,255,766,56.79259844433621,24.175340765543655,0,511,511,1022,4.9920865e+06,1.0
2,10,255,1277,56.792660028673595,24.190710932109937,0,1022,511,1533,4.6520645e+06,1.0
3,10,255,1788,56.79272162786881,24.206081101925722,0,1533,511,2044,4.843801e+06,1.0
4,10,255,2299,56.79278324192719,24.22145127277879,0,2044,511,2555,4.686739e+06,1.0
5,10,255,2810,56.79284487085411,24.236821442456904,0,2555,511,3066,4.8485035e+06,1.0
6,10,255,3321,56.79290651465496,24.252191608747832,0,3066,511,3577,4.9845575e+06,1.0
7,10,255,3832,56.79296817333512,24.267561769439332,0,3577,511,4088,4.8240765e+06,1.0
8,10,766,255,56.77536828033676,24.159939427473844,511,0,1022,511,4.810664e+06,1.0
9,10,766,766,56.77542777927593,24.17530959877525,511,511,1022,1022,4.6910065e+06,1.0
10,10,766,1277,56.7754872925681,24.190679775552617,511,1022,1022,1533,4.8432525e+06,1.0
11,10,766,1788,56.77554682021842,24.206049955593738,511,1533,1022,2044,4.7948625e+06,1.0
12,10,766,2299,56.775606362232125,24.221420136686362,511,2044,1022,2555,4.646861e+06,1.0
13,10,766,2810,56.775665918614386,24.236790316618258,511,2555,1022,3066,4.7151455e+06,1.0
14,10,766,3321,56.77572548937042,24.25216049317719,511,3066,1022,3577,4.752939e+06,1.0
15,10,766,3832,56.77578507450542,24.267530664150925,511,3577,1022,4088,4.7540975e+06,1.0
16,10,1277,255,56.75819968809444,24.159906329346963,1022,0,1533,511,4.885472e+06,1.0
17,10,1277,766,56.75825711647767,24.17527650946415,1022,511,1533,1022,4.738867e+06,1.0
18,10,1277,1277,56.75831455871444,24.19064669507148,1022,1022,1533,1533,4.728037e+06,1.0
19,10,1277,1788,56.75837201480974,24.20601688395672,1022,1533,1533,2044,4.6152035e+06,1.0
20,10,1277,2299,56.75842948476861,24.221387073907643,1022,2044,1533,2555,4.720961e+06,1.0
21,10,1277,2810,56.758486968596046,24.236757262711997,1022,2555,1533,3066,4.806071e+06,1.0
22,10,1277,3321,56.75854446629708,24.252127448157566,1022,3066,1533,3577,4.699824e+06,1.0
23,10,1277,3832,56.75860197787673,24.2674976280321,1022,3577,1533,4088,4.831269e+06,1.0
24,10,1788,255,56.741031101207376,24.1598713100657,1533,0,2044,511,4.6722165e+06,1.0
25,10,1788,766,56.74108645902564,24.175241497617566,1533,511,2044,1022,4.716312e+06,1.0
26,10,1788,1277,56.741141830197975,24.1906116906737,1533,1022,2044,1533,4.879433e+06,1.0
27,10,1788,1788,56.74119721472921,24.205981887021856,1533,1533,2044,2044,4.6462825e+06,1.0
28,10,1788,2299,56.74125261262419,24.22135208444979,1533,2044,2044,2555,4.7291095e+06,1.0
29,10,1788,2810,56.741308023887754,24.236722280745287,1533,2555,2044,3066,4.6737615e+06,1.0
30,10,1788,3321,56.74136344852474,24.25209247369613,1533,3066,2044,3577,4.732993e+06,1.0
31,10,1788,3832,56.741418886539975,24.267462661090008,1533,3577,2044,4088,4.7185415e+06,1.0
32,10,2299,255,56.72386252275866,24.15983436963865,2044,0,2555,511,4.6528585e+06,1.0
33,10,2299,766,56.72391581000404,24.175204563244083,2044,511,2555,1022,4.9424985e+06,1.0
34,10,2299,1277,56.723969110104036,24.190574762367877,2044,1022,2555,1533,4.7259755e+06,1.0
35,10,2299,1788,56.7240224230633,24.205944964797734,2044,1533,2555,2044,4.729177e+06,1.0
36,10,2299,2299,56.72407574888647,24.221315168321418,2044,2044,2555,2555,4.6410275e+06,1.0
37,10,2299,2810,56.72412908757821,24.23668537072673,2044,2555,2555,3066,4.7288795e+06,1.0
38,10,2299,3321,56.7241824391432,24.25205556980141,2044,3066,2555,3577,4.8057055e+06,1.0
39,10,2299,3832,56.72423580358607,24.267425763333236,2044,3577,2555,4088,4.632348e+06,1.0
40,10,2810,255,56.70669395583138,24.159795508075764,2555,0,3066,511,4.684642e+06,1.0
41,10,2810,766,56.706745172497094,24.175165706353695,2555,511,3066,1022,4.5727745e+06,1.0
42,10,2810,1277,56.70679640151795,24.19053591016394,2555,1022,3066,1533,4.7073015e+06,1.0
43,10,2810,1788,56.70684764289841,24.20590611729427,2555,1533,3066,2044,4.705023e+06,1.0
44,10,2810,2299,56.706898896642976,24.221276325532443,2555,2044,3066,2555,4.7597995e+06,1.0
45,10,2810,2810,56.7069501627561,24.23664653266622,2555,2555,3066,3066,4.6674195e+06,1.0
46,10,2810,3321,56.70700144124226,24.252016736483387,2555,3066,3066,3577,4.627024e+06,1.0
47,10,2810,3832,56.70705273210594,24.26738693477169,2555,3577,3066,4088,4.679717e+06,1.0
48,10,3321,255,56.68952540350863,24.159754725388414,3066,0,3577,511,4.844892e+06,1.0
49,10,3321,766,56.689574549589,24.17512492695771,3066,511,3577,1022,4.6949895e+06,1.0
50,10,3321,1277,56.68962370752503,24.190495134073267,3066,1022,3577,1533,4.7688245e+06,1.0
51,10,3321,1788,56.689672877321016,24.205865344522838,3066,1533,3577,2044,4.8380345e+06,1.0
52,10,3321,2299,56.68972205898127,24.22123555609421,3066,2044,3577,2555,4.670838e+06,1.0
53,10,3321,2810,56.689771252510056,24.23660576657514,3066,2555,3577,3066,4.7450345e+06,1.0
54,10,3321,3321,56.68982045791171,24.251975973753375,3066,3066,3577,3577,4.6045695e+06,1.0
55,10,3321,3832,56.689869675190494,24.267346175416723,3066,3577,3577,4088,4.66823e+06,1.0
56,10,3832,255,56.67235686887347,24.159712021589304,3577,0,4088,511,4.774049e+06,1.0
57,10,3832,766,56.672403944363914,24.175082225068856,3577,511,4088,1022,4.72299e+06,1.0
58,10,3832,1277,56.67245103121056,24.19045243410855,3577,1022,4088,1533,4.6361e+06,1.0
59,10,3832,1788,56.672498129417505,24.205822646496152,3577,1533,4088,2044,4.586844e+06,1.0
60,10,3832,2299,56.672545238988874,24.22119286001943,3577,2044,4088,2555,4.610828e+06,1.0
61,10,3832,2810,56.67259235992878,24.23656307246615,3577,2555,4088,3066,4.6035755e+06,1.0
62,10,3832,3321,56.672639492241295,24.2519332816241,3577,3066,4088,3577,4.520877e+06,1.0
63,10,3832,3832,56.67268663593058,24.26730348528104,3577,3577,4088,4088,4.6007125e+06,1.0
0,11,255,255,56.79189032754352,24.01479519217105,0,0,511,511,4.745641e+06,1.0
1,11,255,766,56.79196597006881,24.02983188198445,0,511,511,1022,4.8964515e+06,1.0
2,11,255,1277,56.792041630323745,24.04486857688356,0,1022,511,1533,4.862337e+06,1.0
3,11,255,1788,56.79211730831454,24.05990527479703,0,1533,511,2044,4.991043e+06,1.0
4,11,255,2299,56.79219300404744,24.074941973653473,0,2044,511,2555,4.9664485e+06,1.0
5,11,255,2810,56.79226871752871,24.089978671381516,0,2555,511,3066,4.910926e+06,1.0
6,11,255,3321,56.79234444876454,24.105015365909786,0,3066,511,3577,5.0797505e+06,1.0
7,11,255,3832,56.792420197761224,24.12005205516692,0,3577,511,4088,4.981325e+06,1.0
8,11,766,255,56.77486745228643,24.014750620704053,511,0,1022,511,4.7221975e+06,1.0
9,11,766,766,56.77494110006124,24.029787322053778,511,511,1022,1022,4.935511e+06,1.0
10,11,766,1277,56.775014765098206,24.04482402850701,511,1022,1022,1533,5.009303e+06,1.0
11,11,766,1788,56.775088447403384,24.059860737992377,511,1533,1022,2044,4.919944e+06,1.0
12,11,766,2299,56.775162146982865,24.074897448438517,511,2044,1022,2555,4.8467565e+06,1.0
13,11,766,2810,56.77523586384269,24.089934157774042,511,2555,1022,3066,4.798901e+06,1.0
14,11,766,3321,56.77530959798897,24.104970863927594,511,3066,1022,3577,4.879233e+06,1.0
15,11,766,3832,56.775383349427756,24.12000756482777,511,3577,1022,4088,4.94544e+06,1.0
16,11,1277,255,56.75784458287214,24.014704169091,1022,0,1533,511,4.9683385e+06,1.0
17,11,1277,766,56.757916235884835,24.02974088064877,1022,511,1533,1022,4.8024515e+06,1.0
18,11,1277,1277,56.75798790569218,24.04477759732778,1022,1022,1533,1533,4.8562015e+06,1.0
19,11,1277,1788,56.7580595923001,24.05981431705666,1022,1533,1533,2044,4.8942685e+06,1.0
20,11,1277,2299,56.758131295714456,24.07485103776404,1022,2044,1533,2555,4.893772e+06,1.0
21,11,1277,2810,56.758203015941206,24.08988775737856,1022,2555,1533,3066,4.924129e+06,1.0
22,11,1277,3321,56.758274752986225,24.104924473828813,1022,3066,1533,3577,4.8659735e+06,1.0
23,11,1277,3832,56.75834650685545,24.119961185043447,1022,3577,1533,4088,4.6586105e+06,1.0
24,11,1788,255,56.74082172230592,24.014655837342545,1533,0,2044,511,4.814022e+06,1.0
25,11,1788,766,56.740891380545925,24.029692557780063,1533,511,2044,1022,4.9350905e+06,1.0
26,11,1788,1277,56.740961055113075,24.04472928335651,1533,1022,2044,1533,4.980268e+06,1.0
27,11,1788,1788,56.74103074601312,24.0597660120005,1533,1533,2044,2044,5.0166145e+06,1.0
28,11,1788,2299,56.741100453251775,24.0748027416407,1533,2044,2044,2555,4.813712e+06,1.0
29,11,1788,2810,56.74117017683481,24.089839470205696,1533,2555,2044,3066,4.9262795e+06,1.0
30,11,1788,3321,56.74123991676797,24.10487619562411,1533,3066,2044,3577,4.825877e+06,1.0
31,11,1788,3832,56.741309673056996,24.11991291582461,1533,3577,2044,4088,4.9248495e+06,1.0
32,11,2299,255,56.72379887359301,24.01460562547071,2044,0,2555,511,4.7006175e+06,1.0
33,11,2299,766,56.7238665370508,24.029642353459675,2044,511,2555,1022,4.8338175e+06,1.0
34,11,2299,1277,56.72393421636822,24.044679086605186,2044,1022,2555,1533,4.771549e+06,1.0
35,11,2299,1788,56.72400191155085,24.0597158228359,2044,1533,2555,2044,4.926437e+06,1.0
36,11,2299,2299,56.724069622604254,24.074752560080427,2044,2044,2555,2555,4.8365805e+06,1.0
37,11,2299,2810,56.72413734953404,24.089789296267398,2044,2555,2555,3066,4.9404585e+06,1.0
38,11,2299,3321,56.72420509234577,24.104826029325437,2044,3066,2555,3577,4.89631e+06,1.0
39,11,2299,3832,56.724272851045036,24.11986275718318,2044,3577,2555,4088,4.989713e+06,1.0
40,11,2810,255,56.70677603973866,24.01455353348878,2555,0,3066,511,5.004633e+06,1.0
41,11,2810,766,56.706841708405776,24.029590267700883,2555,511,3066,1022,4.7292805e+06,1.0
42,11,2810,1277,56.706907392464984,24.04462700708712,2555,1022,3066,1533,4.7078055e+06,1.0
43,11,2810,1788,56.70697309192173,24.059663749576142,2555,1533,3066,2044,4.8681155e+06,1.0
44,11,2810,2299,56.7070388067814,24.07470049309654,2555,2044,3066,2555,4.8478935e+06,1.0
45,11,2810,2810,56.70710453704944,24.089737235576965,2555,2555,3066,3066,4.8222205e+06,1.0
46,11,2810,3321,56.707170282731234,24.104773974946053,2555,3066,3066,3577,4.9433025e+06,1.0
47,11,2810,3832,56.707236043832225,24.11981070913242,2555,3577,3066,4088,4.7483125e+06,1.0
48,11,3321,255,56.689753223748085,24.0144995614114,3066,0,3577,511,4.860049e+06,1.0
49,11,3321,766,56.6898168976171,24.029536300518338,3066,511,3577,1022,4.8984785e+06,1.0
50,11,3321,1277,56.68988058641071,24.044573044816943,3066,1022,3577,1533,4.6838215e+06,1.0
51,11,3321,1788,56.68994429013413,24.059609792235847,3066,1533,3577,2044,4.8388995e+06,1.0
52,11,3321,2299,56.69000800879265,24.074646540703675,3066,2044,3577,2555,4.8559075e+06,1.0
53,11,3321,2810,56.69007174239149,24.08968328814905,3066,2555,3577,3066,4.8348465e+06,1.0
54,11,3321,3321,56.69013549093592,24.10472003250061,3066,3066,3577,3577,5.0553785e+06,1.0
55,11,3321,3832,56.690199254431185,24.11975677168698,3066,3577,3577,4088,4.747277e+06,1.0
56,11,3832,255,56.6727304286265,24.01444370925456,3577,0,4088,511,4.786514e+06,1.0
57,11,3832,766,56.672792107691095,24.029480451928045,3577,511,4088,1022,4.7982235e+06,1.0
58,11,3832,1277,56.67285380121271,24.044517199810638,3577,1022,4088,1533,4.687456e+06,1.0
59,11,3832,1788,56.67291550919647,24.059553950831013,3577,1533,4088,2044,4.884734e+06,1.0
60,11,3832,2299,56.67297723164744,24.074590702917785,3577,2044,4088,2555,4.8506305e+06,1.0
61,11,3832,2810,56.6730389685707,24.08962745399959,3577,2555,4088,3066,4.771243e+06,1.0
62,11,3832,3321,56.67310071997138,24.10466420200505,3577,3066,4088,3577,4.9413225e+06,1.0
63,11,3832,3832,56.67316248585453,24.119700944862814,3577,3577,4088,4088,4.7927115e+06,1.0
0,12,255,255,56.791122074650474,23.88520398366061,0,0,511,511,4.645066e+06,1.0
1,12,255,766,56.791210093949196,23.89987181770737,0,511,511,1022,4.7095905e+06,1.0
2,12,255,1277,56.79129813324914,23.91453965644696,0,1022,511,1533,4.8761375e+06,1.0
3,12,255,1788,56.79138619255713,23.929207497956703,0,1533,511,2044,4.887125e+06,1.0
4,12,255,2299,56.791474271879984,23.943875340313927,0,2044,511,2555,5.0364365e+06,1.0
5,12,255,2810,56.791562371224515,23.958543181595957,0,2555,511,3066,4.8597625e+06,1.0
6,12,255,3321,56.791650490597554,23.9732110198801,0,3066,511,3577,5.0957105e+06,1.0
7,12,255,3832,56.791738630005945,23.987878853243696,0,3577,511,4088,5.127702e+06,1.0
8,12,766,255,56.77425857181394,23.885148904727913,511,0,1022,511,4.584041e+06,1.0
9,12,766,766,56.77434467530434,23.899816751413184,511,511,1022,1022,4.834809e+06,1.0
10,12,766,1277,56.77443079836071,23.91448460281164,511,1022,1022,1533,4.9194855e+06,1.0
11,12,766,1788,56.774516940989685,23.9291524570006,511,1533,1022,2044,4.889824e+06,1.0
12,12,766,2299,56.77460310319796,23.943820312057394,511,2044,1022,2555,5.0023395e+06,1.0
13,12,766,2810,56.77468928499221,23.958488166059333,511,2555,1022,3066,5.0623455e+06,1.0
14,12,766,3321,56.77477548637911,23.973156017083742,511,3066,1022,3577,5.0119595e+06,1.0
15,12,766,3832,56.774861707365346,23.987823863207943,511,3577,1022,4088,5.156946e+06,1.0
16,12,1277,255,56.75739507754081,23.885091988212537,1022,0,1533,511,4.7294765e+06,1.0
17,12,1277,766,56.75747926520991,23.89975984626479,1022,511,1533,1022,4.73559e+06,1.0
18,12,1277,1277,56.7575634720097,23.914427709050504,1022,1022,1533,1533,4.818695e+06,1.0
19,12,1277,1788,56.757647697946695,23.929095574647032,1022,1533,1533,2044,5.035043e+06,1.0
20,12,1277,2299,56.75773194302739,23.94376344113169,1022,2044,1533,2555,4.9226165e+06,1.0
21,12,1277,2810,56.75781620725834,23.958431306581797,1022,2555,1533,3066,4.9234305e+06,1.0
22,12,1277,3321,56.75790049064606,23.973099169074672,1022,3066,1533,3577,5.019457e+06,1.0
23,12,1277,3832,56.757984793197096,23.987767026687635,1022,3577,1533,4088,5.1075575e+06,1.0
24,12,1788,255,56.740531594752696,23.885033234127725,1533,0,2044,511,4.6827985e+06,1.0
25,12,1788,766,56.74061386658854,23.89970110227537,1533,511,2044,1022,4.84158e+06,1.0
26,12,1788,1277,56.74069615711976,23.914368975176753,1533,1022,2044,1533,4.8447325e+06,1.0
27,12,1788,1788,56.74077846635276,23.92903685090918,1533,1533,2044,2044,4.843247e+06,1.0
28,12,1788,2299,56.74086079429387,23.943704727550013,1533,2044,2044,2555,4.768026e+06,1.0
29,12,1788,2810,56.7409431409495,23.958372603176525,1533,2555,2044,3066,5.1307515e+06,1.0
30,12,1788,3321,56.741025506326025,23.973040475866064,1533,3066,2044,3577,5.084584e+06,1.0
31,12,1788,3832,56.74110789042984,23.98770834369594,1533,3577,2044,4088,5.134576e+06,1.0
32,12,2299,255,56.723668126371244,23.88497264248797,2044,0,2555,511,4.6129985e+06,1.0
33,12,2299,766,56.72374848236283,23.899640519459446,2044,511,2555,1022,4.7266355e+06,1.0
34,12,2299,1277,56.723828856614496,23.91430840120486,2044,1022,2555,1533,4.637753e+06,1.0
35,12,2299,1788,56.72390924913248,23.92897628580154,2044,1533,2555,2044,4.8413585e+06,1.0
36,12,2299,2299,56.72398965992301,23.94364417132683,2044,2044,2555,2555,4.8789085e+06,1.0
37,12,2299,2810,56.72407008899232,23.95831205585798,2044,2555,2555,3066,4.9555685e+06,1.0
38,12,2299,3321,56.72415053634662,23.97297993747238,2044,3066,2555,3577,4.9906105e+06,1.0
39,12,2299,3832,56.72423100199217,23.987647814247328,2044,3577,2555,4088,5.16467e+06,1.0
40,12,2810,255,56.706804675318054,23.884910213309006,2555,0,3066,511,4.5194835e+06,1.0
41,12,2810,766,56.7068831154554,23.899578097832762,2555,511,3066,1022,4.6462405e+06,1.0
42,12,2810,1277,56.706961573417516,23.914245987150597,2555,1022,3066,1533,4.4565325e+06,1.0
43,12,2810,1788,56.707040049210505,23.928913879339856,2555,1533,3066,2044,4.8503975e+06,1.0
44,12,2810,2299,56.70711854284042,23.943581772477856,2555,2044,3066,2555,4.851352e+06,1.0
45,12,2810,2810,56.70719705431338,23.95824966464191,2555,2555,3066,3066,4.9560875e+06,1.0
46,12,2810,3321,56.70727558363544,23.972917553909348,2555,3066,3066,3577,5.039601e+06,1.0
47,12,2810,3832,56.70735413081268,23.98758543835752,2555,3577,3066,4088,5.1081185e+06,1.0
48,12,3321,255,56.68994124451472,23.88484594660793,3066,0,3577,511,4.45677e+06,1.0
49,12,3321,766,56.69001776878882,23.899513837412364,3066,511,3577,1022,4.621162e+06,1.0
50,12,3321,1277,56.6900943104524,23.914181733030993,3066,1022,3577,1533,4.85667e+06,1.0
51,12,3321,1788,56.690170869511384,23.92884963154116,3066,1533,3577,2044,4.7039165e+06,1.0
52,12,3321,2299,56.690247445971686,23.94351753102016,3066,2044,3577,2555,4.934339e+06,1.0
53,12,3321,2810,56.69032403983926,23.958185429545342,3066,2555,3577,3066,4.8204055e+06,1.0
54,12,3321,3321,56.69040065112004,23.972853325194013,3066,3066,3577,3577,4.9404665e+06,1.0
55,12,3321,3832,56.69047727981995,23.987521216043515,3066,3577,3577,4088,5.0866845e+06,1.0
56,12,3832,255,56.67307783688281,23.88477984240304,3577,0,4088,511,4.4814505e+06,1.0
57,12,3832,766,56.67315244528569,23.899447738216583,3577,511,4088,1022,4.541603e+06,1.0
58,12,3832,1277,56.67322707064271,23.914115638864374,3577,1022,4088,1533,4.649346e+06,1.0
59,12,3832,1788,56.67330171295966,23.928783542423748,3577,1533,4088,2044,4.930154e+06,1.0
60,12,3832,2299,56.673376372242345,23.943451446972038,3577,2044,4088,2555,5.0625935e+06,1.0
61,12,3832,2810,56.67345104849652,23.958119350586564,3577,2555,4088,3066,4.906084e+06,1.0
62,12,3832,3321,56.67352574172798,23.97278725134465,3577,3066,4088,3577,4.9945485e+06,1.0
63,12,3832,3832,56.67360045194251,23.987455147323633,3577,3577,4088,4088,4.990339e+06,1.0
0,13,255,255,56.94075276698554,24.187063143080717,0,0,511,511,4.9923855e+06,1.0
1,13,255,766,56.940922104973005,24.20245949864583,0,511,511,1022,4.9167215e+06,1.0
2,13,255,1277,56.94109148393051,24.217855859455632,0,1022,511,1533,5.008468e+06,1.0
3,13,255,1788,56.94126090387288,24.233252223286236,0,1533,511,2044,5.0173255e+06,1.0
4,13,255,2299,56.941430364815076,24.2486485879137,0,2044,511,2555,5.0928545e+06,1.0
5,13,255,2810,56.94159986677188,24.264044951114112,0,2555,511,3066,5.053854e+06,1.0
6,13,255,3321,56.94176940975825,24.27944131066357,0,3066,511,3577,5.324417e+06,1.0
7,13,255,3832,56.941938993789066,24.29483766433817,0,3577,511,4088,5.0753095e+06,1.0
8,13,766,255,56.92364767507083,24.18696656307739,511,0,1022,511,5.0243835e+06,1.0
9,13,766,766,56.92381494398789,24.20236294077778,511,511,1022,1022,4.8797565e+06,1.0
10,13,766,1277,56.923982253374646,24.217759323763847,511,1022,1022,1533,5.0291735e+06,1.0
11,13,766,1788,56.92414960324581,24.233155709811662,511,1533,1022,2044,5.084001e+06,1.0
12,13,766,2299,56.924316993616024,24.248552096697328,511,2044,1022,2555,4.929268e+06,1.0
13,13,766,2810,56.92448442450006,24.263948482196916,511,2555,1022,3066,5.047985e+06,1.0
14,13,766,3321,56.92465189591258,24.27934486408652,511,3066,1022,3577,5.0754085e+06,1.0
15,13,766,3832,56.92481940786831,24.294741240142237,511,3577,1022,4088,5.1297495e+06,1.0
16,13,1277,255,56.90654260311078,24.186868074475537,1022,0,1533,511,4.8790875e+06,1.0
17,13,1277,766,56.90670780293243,24.20226447293776,1022,511,1533,1022,4.977181e+06,1.0
18,13,1277,1277,56.906873042723426,24.217660876726576,1022,1022,1533,1533,4.796023e+06,1.0
19,13,1277,1788,56.907038322498295,24.233057283618066,1022,1533,1533,2044,5.090136e+06,1.0
20,13,1277,2299,56.90720364227153,24.248453691388303,1022,2044,1533,2555,5.110565e+06,1.0
21,13,1277,2810,56.907369002057706,24.263850097813396,1022,2555,1533,3066,5.0594235e+06,1.0
22,13,1277,3321,56.90753440187127,24.2792465006694,1022,3066,1533,3577,5.079866e+06,1.0
23,13,1277,3832,56.9076998417268,24.29464289773245,1022,3577,1533,4088,5.098573e+06,1.0
24,13,1788,255,56.88943755415435,24.186767677299812,1533,0,2044,511,4.8904965e+06,1.0
25,13,1788,766,56.88960068485669,24.202164095150426,1533,511,2044,1022,4.8837525e+06,1.0
26,13,1788,1277,56.889763855028036,24.217560518368476,1533,1022,2044,1533,4.968077e+06,1.0
27,13,1788,1788,56.8899270646827,24.23295694473006,1533,1533,2044,2044,4.9076565e+06,1.0
28,13,1788,2299,56.890090313835024,24.248353372011263,1533,2044,2044,2555,4.991888e+06,1.0
29,13,1788,2810,56.89025360249933,24.263749797988158,1533,2555,2044,3066,4.873826e+06,1.0
30,13,1788,3321,56.890416930689966,24.279146220436854,1533,3066,2044,3577,5.140457e+06,1.0
31,13,1788,3832,56.89058029842129,24.29454263713344,1533,3577,2044,4088,5.1181995e+06,1.0
32,13,2299,255,56.87233253125047,24.186665371576286,2044,0,2555,511,4.839157e+06,1.0
33,13,2299,766,56.872493592810734,24.202061807441808,2044,511,2555,1022,4.840433e+06,1.0
34,13,2299,1277,56.87265469333962,24.21745824871557,2044,1022,2555,1533,4.7948665e+06,1.0
35,13,2299,1788,56.87281583285125,24.232854693173653,2044,1533,2555,2044,4.916477e+06,1.0
36,13,2299,2299,56.8729770113598,24.248251138592174,2044,2044,2555,2555,5.020331e+06,1.0
37,13,2299,2810,56.87313822887941,24.263647582747186,2044,2555,2555,3066,4.9018205e+06,1.0
38,13,2299,3321,56.87329948542425,24.279044023414798,2044,3066,2555,3577,4.9657745e+06,1.0
39,13,2299,3832,56.873460781008475,24.294440458371106,2044,3577,2555,4088,5.0256705e+06,1.0
40,13,2810,255,56.85522753744809,24.18656115733238,2555,0,3066,511,4.927457e+06,1.0
41,13,2810,766,56.8553865298446,24.20195760983933,2555,511,3066,1022,4.820103e+06,1.0
42,13,2810,1277,56.85554556070932,24.21735406779524,2555,1022,3066,1533,4.865034e+06,1.0
43,13,2810,1788,56.85570463005624,24.232750528976243,2555,1533,3066,2044,4.9876665e+06,1.0
44,13,2810,2299,56.85586373789928,24.2481469911584,2555,2044,3066,2555,4.863438e+06,1.0
45,13,2810,2810,56.85602288425243,24.26354345211782,2555,2555,3066,3066,4.9933195e+06,1.0
46,13,2810,3321,56.85618206912969,24.2789399096306,2555,3066,3066,3577,4.818645e+06,1.0
47,13,2810,3832,56.856341292545046,24.29433636147279,2555,3577,3066,4088,5.078479e+06,1.0
48,13,3321,255,56.83812257579607,24.186455034596808,3066,0,3577,511,4.8185955e+06,1.0
49,13,3321,766,56.83827949900826,24.201851502371685,3066,511,3577,1022,4.909236e+06,1.0
50,13,3321,1277,56.83843646018824,24.217247975636226,3066,1022,3577,1533,4.8203975e+06,1.0
51,13,3321,1788,56.83859345934981,24.23264445216652,3066,1533,3577,2044,4.858617e+06,1.0
52,13,3321,2299,56.83875049650671,24.248040929738675,3066,2044,3577,2555,5.0044415e+06,1.0
53,13,3321,2810,56.8389075716728,24.263437406128777,3066,2555,3577,3066,4.9270665e+06,1.0
54,13,3321,3321,56.839064684861825,24.27883387911293,3066,3066,3577,3577,5.075028e+06,1.0
55,13,3321,3832,56.839221836087624,24.294230346467216,3066,3577,3577,4088,4.926875e+06,1.0
56,13,3832,255,56.82101764934329,24.186347003399735,3577,0,4088,511,4.842171e+06,1.0
57,13,3832,766,56.8211725033517,24.201743485069034,3577,511,4088,1022,4.738944e+06,1.0
58,13,3832,1277,56.821327394827456,24.217139972268615,3577,1022,4088,1533,4.7494105e+06,1.0
59,13,3832,1788,56.82148232378416,24.23253646277459,3577,1533,4088,2044,4.8141795e+06,1.0
60,13,3832,2299,56.82163729023547,24.24793295436306,3577,2044,4088,2555,4.8378895e+06,1.0
61,13,3832,2810,56.82179229419491,24.26332944481012,3577,2555,4088,3066,4.8728075e+06,1.0
62,13,3832,3321,56.821947335676164,24.278725931891866,3577,3066,4088,3577,4.810518e+06,1.0
63,13,3832,3832,56.82210241469283,24.294122413384404,3577,3577,4088,4088,5.027831e+06,1.0
0,14,255,255,56.94000891251319,24.041607116453996,0,0,511,511,4.862218e+06,1.0
1,14,255,766,56.94022194238008,24.05668594595633,0,511,511,1022,4.857611e+06,1.0
2,14,255,1277,56.9404350223801,24.071764780223464,0,1022,511,1533,4.7790675e+06,1.0
3,14,255,1788,56.940648152530976,24.086843617166025,0,1533,511,2044,4.9500775e+06,1.0
4,14,255,2299,56.94086133285036,24.10192245469462,0,2044,511,2555,4.8780525e+06,1.0
5,14,255,2810,56.941074563356,24.11700129071988,0,2555,511,3066,5.008927e+06,1.0
6,14,255,3321,56.94128784406561,24.132080123152413,0,3066,511,3577,5.115081e+06,1.0
7,14,255,3832,56.94150117499689,24.14715894990282,0,3577,511,4088,4.8044705e+06,1.0
8,14,766,255,56.9230426988084,24.041469740186695,511,0,1022,511,4.8554665e+06,1.0
9,14,766,766,56.92325373235811,24.05654859626659,511,511,1022,1022,5.057794e+06,1.0
10,14,766,1277,56.92346481557158,24.071627457163405,511,1022,1022,1533,4.986294e+06,1.0
11,14,766,1788,56.923675948466325,24.08670632078774,511,1533,1022,2044,4.91645e+06,1.0
12,14,766,2299,56.92388713105989,24.101785185050222,511,2044,1022,2555,5.007842e+06,1.0
13,14,766,2810,56.924098363369815,24.116864047861466,511,2555,1022,3066,5.1072845e+06,1.0
14,14,766,3321,56.92430964541366,24.13194290713206,511,3066,1022,3577,5.022001e+06,1.0
15,14,766,3832,56.92452097720899,24.147021760772677,511,3577,1022,4088,4.842757e+06,1.0
16,14,1277,255,56.90607651562348,24.04133049467298,1022,0,1533,511,4.979097e+06,1.0
17,14,1277,766,56.90628555282616,24.05640937600689,1022,511,1533,1022,5.026802e+06,1.0
18,14,1277,1277,56.90649463922318,24.071488262209776,1022,1022,1533,1533,5.0086285e+06,1.0
19,14,1277,1788,56.90670377483194,24.086567151192213,1022,1533,1533,2044,4.9993945e+06,1.0
20,14,1277,2299,56.90691295966977,24.101646040864853,1022,2044,1533,2555,4.9080785e+06,1.0
21,14,1277,2810,56.90712219375406,24.116724929138304,1022,2555,1533,3066,4.932678e+06,1.0
22,14,1277,3321,56.907331477102204,24.131803813923163,1022,3066,1533,3577,4.9448565e+06,1.0
23,14,1277,3832,56.907540809731614,24.1468826931301,1022,3577,1533,4088,4.894397e+06,1.0
24,14,1788,255,56.88911036593366,24.04118937994794,1533,0,2044,511,4.859936e+06,1.0
25,14,1788,766,56.88931740676053,24.056268285212287,1533,511,2044,1022,4.9270045e+06,1.0
26,14,1788,1277,56.88952449631233,24.07134719539756,1533,1022,2044,1533,4.939918e+06,1.0
27,14,1788,1788,56.88973163460624,24.08642610841444,1533,1533,2044,2044,4.8517665e+06,1.0
28,14,1788,2299,56.889938821659484,24.101505022173505,1533,2044,2044,2555,5.021237e+06,1.0
29,14,1788,2810,56.890146057489275,24.11658393458537,1533,2555,2044,3066,4.958258e+06,1.0
30,14,1788,3321,56.89035334211282,24.13166284356066,1533,3066,2044,3577,5.077456e+06,1.0
31,14,1788,3832,56.89056067554736,24.146741747010015,1533,3577,2044,4088,4.921329e+06,1.0
32,14,2299,255,56.87214425271417,24.041046396047893,2044,0,2555,511,4.8866355e+06,1.0
33,14,2299,766,56.8723492971375,24.05612532391908,2044,511,2555,1022,5.0002245e+06,1.0
34,14,2299,1277,56.872554389816294,24.07120425676315,2044,1022,2555,1533,4.852266e+06,1.0
35,14,2299,1788,56.87275953076761,24.086283192490743,2044,1533,2555,2044,4.900533e+06,1.0
36,14,2299,2299,56.87296472000846,24.10136212901247,2044,2044,2555,2555,4.959235e+06,1.0
37,14,2299,2810,56.8731699575559,24.116441064238977,2044,2555,2555,3066,4.855203e+06,1.0
38,14,2299,3321,56.873375243427006,24.131519996080826,2044,3066,2555,3577,5.06513e+06,1.0
39,14,2299,3832,56.87358057763882,24.146598922448685,2044,3577,2555,4088,4.9359675e+06,1.0
40,14,2810,255,56.85517817894018,24.04090154301054,2555,0,3066,511,5.0395655e+06,1.0
41,14,2810,766,56.85538122693329,24.055980492164966,2555,511,3066,1022,4.824034e+06,1.0
42,14,2810,1277,56.85558432271238,24.071059446344144,2555,1022,3066,1533,4.993519e+06,1.0
43,14,2810,1788,56.85578746629435,24.086138403458744,2555,1533,3066,2044,4.9621085e+06,1.0
44,14,2810,2299,56.85599065769606,24.101217361419376,2555,2044,3066,2555,4.8827605e+06,1.0
45,14,2810,2810,56.856193896934414,24.11629631813666,2555,2555,3066,3066,4.8226795e+06,1.0
46,14,2810,3321,56.856397184026264,24.13137527152123,2555,3066,3066,3577,4.8445605e+06,1.0
47,14,2810,3832,56.856600518988536,24.1464542194837,2555,3577,3066,4088,4.826714e+06,1.0
48,14,3321,255,56.83821214758684,24.040754820874874,3066,0,3577,511,5.0256155e+06,1.0
49,14,3321,766,56.83841319912408,24.05583378998888,3066,511,3577,1022,5.0937045e+06,1.0
50,14,3321,1277,56.83861429797782,24.070912764179507,3066,1022,3577,1533,5.0296865e+06,1.0
51,14,3321,1788,56.83881544416477,24.085991741357386,3066,1533,3577,2044,4.763206e+06,1.0
52,14,3321,2299,56.839016637701654,24.101070719433146,3066,2044,3577,2555,4.923817e+06,1.0
53,14,3321,2810,56.83921787860517,24.116149696317407,3066,2555,3577,3066,4.8188935e+06,1.0
54,14,3321,3321,56.83941916689204,24.131228669920784,3066,3066,3577,3577,4.6663645e+06,1.0
55,14,3321,3832,56.83962050257901,24.146307638153907,3066,3577,3577,4088,4.786825e+06,1.0
56,14,3832,255,56.821246161629226,24.040606229681163,3577,0,4088,511,4.7497275e+06,1.0
57,14,3832,766,56.82144521668601,24.05568521743113,3577,511,4088,1022,4.9209245e+06,1.0
58,14,3832,1277,56.82164431858982,24.070764210309527,3577,1022,4088,1533,4.965688e+06,1.0
59,14,3832,1788,56.82184346735714,24.08584320622694,3577,1533,4088,2044,4.8545055e+06,1.0
60,14,3832,2299,56.82204266300453,24.10092220309403,3577,2044,4088,2555,4.890453e+06,1.0
61,14,3832,2810,56.82224190554856,24.116001198821404,3577,2555,4088,3066,4.784159e+06,1.0
62,14,3832,3321,56.82244119500575,24.131080191319715,3577,3066,4088,3577,4.8370725e+06,1.0
63,14,3832,3832,56.8226405313927,24.146159178499573,3577,3577,4088,4088,4.840414e+06,1.0
0,15,255,255,56.93902828155167,23.912356520085922,0,0,511,511,4.4095785e+06,1.0
1,15,255,766,56.93927832674134,23.92708144826594,0,511,511,1022,4.5424695e+06,1.0
2,15,255,1277,56.939528429042895,23.941806380716,0,1022,511,1533,4.627676e+06,1.0
3,15,255,1788,56.93977858847597,23.956531315490118,0,1533,511,2044,4.564876e+06,1.0
4,15,255,2299,56.940028805060074,23.97125625064238,0,2044,511,2555,4.6684615e+06,1.0
5,15,255,2810,56.94027907881481,23.985981184226805,0,2555,511,3066,4.774336e+06,1.0
6,15,255,3321,56.94052940975978,24.000706114297454,0,3066,511,3577,4.7242015e+06,1.0
7,15,255,3832,56.94077979791452,24.015431038908346,0,3577,511,4088,4.849233e+06,1.0
8,15,766,255,56.92221439151273,23.912184758185685,511,0,1022,511,4.3918365e+06,1.0
9,15,766,766,56.92246251643301,23.926909716524342,511,511,1022,1022,4.5638085e+06,1.0
10,15,766,1277,56.92271069802717,23.94163467919333,511,1022,1022,1533,4.625739e+06,1.0
11,15,766,1788,56.92295893631462,23.956359644246685,511,1533,1022,2044,4.6175285e+06,1.0
12,15,766,2299,56.92320723131481,23.97108460973845,511,2044,1022,2555,4.6198525e+06,1.0
13,15,766,2810,56.92345558304714,23.98580957372268,511,2555,1022,3066,4.770845e+06,1.0
14,15,766,3321,56.923703991531056,24.000534534253415,511,3066,1022,3577,4.7918625e+06,1.0
15,15,766,3832,56.923952456786,24.015259489384697,511,3577,1022,4088,4.70572e+06,1.0
16,15,1277,255,56.90540054057506,23.912011167898584,1022,0,1533,511,4.598424e+06,1.0
17,15,1277,766,56.905646745192136,23.926736155126285,1022,511,1533,1022,4.5156945e+06,1.0
18,15,1277,1277,56.905893006045034,23.941461146744544,1022,1022,1533,1533,4.644013e+06,1.0
19,15,1277,1788,56.90613932315303,23.956186140807414,1022,1533,1533,2044,4.7576285e+06,1.0
20,15,1277,2299,56.906385696535395,23.97091113536893,1022,2044,1533,2555,4.701409e+06,1.0
21,15,1277,2810,56.906632126211385,23.98563612848315,1022,2555,1533,3066,4.97244e+06,1.0
22,15,1277,3321,56.90687861220032,24.000361118204133,1022,3066,1533,3577,4.830452e+06,1.0
23,15,1277,3832,56.90712515452147,24.015086102585894,1022,3577,1533,4088,4.8446355e+06,1.0
24,15,1788,255,56.88858673163441,23.911835749267972,1533,0,2044,511,4.636541e+06,1.0
25,15,1788,766,56.88883101591547,23.92656076411507,1533,511,2044,1022,4.451783e+06,1.0
26,15,1788,1277,56.88907535599427,23.941285783412933,1533,1022,2044,1533,4.699014e+06,1.0
27,15,1788,1788,56.88931975188993,23.956010805215588,1533,1533,2044,2044,4.597632e+06,1.0
28,15,1788,2299,56.889564203621575,23.970735827577087,1533,2044,2044,2555,4.8509715e+06,1.0
29,15,1788,2810,56.88980871120832,23.98546084855148,1533,2555,2044,3066,4.746639e+06,1.0
30,15,1788,3321,56.890053274669306,24.000185866192822,1533,3066,2044,3577,4.856121e+06,1.0
31,15,1788,3832,56.89029789402369,24.014910878555185,1533,3577,2044,4088,4.797232e+06,1.0
32,15,2299,255,56.87177296758653,23.91165850233845,2044,0,2555,511,4.425499e+06,1.0
33,15,2299,766,56.87201533149974,23.926383543535334,2044,511,2555,1022,4.4698755e+06,1.0
34,15,2299,1277,56.87225775077258,23.941108589243072,2044,1022,2555,1533,4.577108e+06,1.0
35,15,2299,1788,56.87250022542403,23.95583363751576,2044,1533,2555,2044,4.6164805e+06,1.0
36,15,2299,2299,56.87274275547304,23.97055868640745,2044,2044,2555,2555,4.6212425e+06,1.0
37,15,2299,2810,56.8729853409386,23.985283733972192,2044,2555,2555,3066,4.724387e+06,1.0
38,15,2299,3321,56.87322798183969,24.000008778264025,2044,3066,2555,3577,4.804736e+06,1.0
39,15,2299,3832,56.87347067819532,24.014733817337003,2044,3577,2555,4088,4.9773425e+06,1.0
40,15,2810,255,56.85495925132709,23.911479427155907,2555,0,3066,511,4.509403e+06,1.0
41,15,2810,766,56.8551996948416,23.926204493432856,2555,511,3066,1022,4.6572745e+06,1.0
42,15,2810,1277,56.85544019327764,23.94092956428079,2555,1022,3066,1533,4.5942925e+06,1.0
43,15,2810,1788,56.855680746653974,23.95565463775375,2555,1533,3066,2044,4.6562655e+06,1.0
44,15,2810,2299,56.855921354989455,23.97037971190582,2555,2044,3066,2555,4.7058085e+06,1.0
45,15,2810,2810,56.85616201830289,23.98510478479103,2555,2555,3066,3066,4.698478e+06,1.0
46,15,2810,3321,56.85640273661313,23.999829854463457,2555,3066,3066,3577,4.8548025e+06,1.0
47,15,2810,3832,56.85664350993902,24.014554918977122,2555,3577,3066,4088,4.818131e+06,1.0
48,15,3321,255,56.838145585751704,23.911298523767414,3066,0,3577,511,4.600196e+06,1.0
49,15,3321,766,56.83838410883769,23.926023613854774,3066,511,3577,1022,4.5844605e+06,1.0
50,15,3321,1277,56.838622686407035,23.940748708573174,3066,1022,3577,1533,4.6616815e+06,1.0
51,15,3321,1788,56.83886131847838,23.95547380597664,3066,1533,3577,2044,4.6801515e+06,1.0
52,15,3321,2299,56.839100005070414,23.970198904119265,3066,2044,3577,2555,4.7270925e+06,1.0
53,15,3321,2810,56.83933874620178,23.98492400105508,3066,2555,3577,3066,4.661747e+06,1.0
54,15,3321,3321,56.8395775418912,23.999649094838162,3066,3066,3577,3577,4.862138e+06,1.0
55,15,3321,3832,56.83981639215737,24.014374183522552,3066,3577,3577,4088,4.697324e+06,1.0
56,15,3832,255,56.821331973755974,23.911115792221413,3577,0,4088,511,4.452484e+06,1.0
57,15,3832,766,56.82156857638457,23.92584090484948,3577,511,4088,1022,4.5297955e+06,1.0
58,15,3832,1277,56.82180523305836,23.94056602216859,3577,1022,4088,1533,4.5935025e+06,1.0
59,15,3832,1788,56.82204194379582,23.955291142232777,3577,1533,4088,2044,4.632032e+06,1.0
60,15,3832,2299,56.82227870861546,23.970016263096117,3577,2044,4088,2555,4.7213905e+06,1.0
61,15,3832,2810,56.82251552753585,23.984741382812647,3577,2555,4088,3066,4.7977395e+06,1.0
62,15,3832,3321,56.82275240057546,23.99946649943646,3577,3066,4088,3577,4.8030145e+06,1.0
63,15,3832,3832,56.8229893277529,24.014191611021587,3577,3577,4088,4088,4.814239e+06,1.0
0,16,255,255,57.088718266565905,24.25234800123991,0,0,511,511,5.174591e+06,1.0
1,16,255,766,57.08896197915868,24.267804600321547,0,511,511,1022,5.132183e+06,1.0
2,16,255,1277,57.089205751126535,24.28326120445989,0,1022,511,1533,5.0289015e+06,1.0
3,16,255,1788,57.08944958249114,24.298717811404384,0,1533,511,2044,5.183423e+06,1.0
4,16,255,2299,57.08969347327424,24.31417441890448,0,2044,511,2555,5.195408e+06,1.0
5,16,255,2810,57.08993742349751,24.329631024709613,0,2555,511,3066,5.2828535e+06,1.0
6,16,255,3321,57.09018143318271,24.345087626569246,0,3066,511,3577,5.330855e+06,1.0
7,16,255,3832,57.090425502351536,24.36054422223282,0,3577,511,4088,5.535301e+06,1.0
8,16,766,255,57.07173781159164,24.252215796802794,511,0,1022,511,5.150241e+06,1.0
9,16,766,766,57.07197945577344,24.26767242610776,511,511,1022,1022,5.20807e+06,1.0
10,16,766,1277,57.07222115882695,24.283129060527497,511,1022,1022,1533,5.199255e+06,1.0
11,16,766,1788,57.072462920773674,24.298585697811475,511,1533,1022,2044,5.2438825e+06,1.0
12,16,766,2299,57.07270474163516,24.314042335709125,511,2044,1022,2555,5.1276575e+06,1.0
13,16,766,2810,57.072946621432905,24.329498971969887,511,2555,1022,3066,5.1614975e+06,1.0
14,16,766,3321,57.07318856018847,24.344955604343234,511,3066,1022,3577,5.2518335e+06,1.0
15,16,766,3832,57.07343055792341,24.360412230578614,511,3577,1022,4088,5.2917755e+06,1.0
16,16,1277,255,57.054757386170465,24.252081707666846,1022,0,1533,511,5.131952e+06,1.0
17,16,1277,766,57.054996961906035,24.267538365836085,1022,511,1533,1022,5.1812535e+06,1.0
18,16,1277,1277,57.055236596009905,24.28299502917815,1022,1022,1533,1533,5.375281e+06,1.0
19,16,1277,1788,57.05547628850345,24.298451695442438,1022,1533,1533,2044,5.367122e+06,1.0
20,16,1277,2299,57.055716039407976,24.31390836237843,1022,2044,1533,2555,5.293749e+06,1.0
21,16,1277,2810,57.05595584874482,24.329365027735566,1022,2555,1533,3066,5.130658e+06,1.0
22,16,1277,3321,57.05619571653536,24.344821689263306,1022,3066,1533,3577,5.2886525e+06,1.0
23,16,1277,3832,57.056435642800956,24.360278344711094,1022,3577,1533,4088,5.3954555e+06,1.0
24,16,1788,255,57.037776993285156,24.251945733865785,1533,0,2044,511,5.1569445e+06,1.0
25,16,1788,766,57.03801450054032,24.267402419540275,1533,511,2044,1022,5.2321295e+06,1.0
26,16,1788,1277,57.03825206566039,24.282859110445504,1533,1022,2044,1533,5.198483e+06,1.0
27,16,1788,1788,57.0384896886665,24.29831580433095,1533,1533,2044,2044,5.3396115e+06,1.0
28,16,1788,2299,57.03872736957981,24.31377249894606,1533,2044,2044,2555,5.377671e+06,1.0
29,16,1788,2810,57.038965108421486,24.32922919204029,1533,2555,2044,3066,5.2785865e+06,1.0
30,16,1788,3321,57.03920290521268,24.344685881363088,1533,3066,2044,3577,5.4127005e+06,1.0
31,16,1788,3832,57.0394407599746,24.36014256466389,1533,3577,2044,4088,5.283166e+06,1.0
32,16,2299,255,57.02079663591842,24.251807875434718,2044,0,2555,511,5.302952e+06,1.0
33,16,2299,766,57.02103207466011,24.267264587255347,2044,511,2555,1022,5.1219615e+06,1.0
34,16,2299,1277,57.02126757076326,24.282721304364642,2044,1022,2555,1533,5.2134365e+06,1.0
35,16,2299,1788,57.02150312424882,24.29817802451206,2044,1533,2555,2044,5.240734e+06,1.0
36,16,2299,2299,57.02173873513775,24.313634745447036,2044,2044,2555,2555,5.3056435e+06,1.0
37,16,2299,2810,57.02197440345106,24.329091464919053,2044,2555,2555,3066,5.365636e+06,1.0
38,16,2299,3321,57.02221012920971,24.344548180677535,2044,3066,2555,3577,5.397812e+06,1.0
39,16,2299,3832,57.02244591243471,24.360004890471966,2044,3577,2555,4088,5.176392e+06,1.0
40,16,2810,255,57.00381631705296,24.25166813241,2555,0,3066,511,5.0565575e+06,1.0
41,16,2810,766,57.00404968724918,24.2671248690177,2555,511,3066,1022,5.125836e+06,1.0
42,16,2810,1277,57.00428311430339,24.282581610971906,2555,1022,3066,1533,5.2531145e+06,1.0
43,16,2810,1788,57.00451659823635,24.29803835602207,2555,1533,3066,2044,5.284069e+06,1.0
44,16,2810,2299,57.00475013906886,24.31349510191766,2555,2044,3066,2555,5.4104975e+06,1.0
45,16,2810,2810,57.00498373682171,24.32895184640813,2555,2555,3066,3066,5.3324895e+06,1.0
46,16,2810,3321,57.00521739151567,24.344408587242956,2555,3066,3066,3577,5.407472e+06,1.0
47,16,2810,3832,57.005451103171616,24.35986532217156,2555,3577,3066,4088,5.455482e+06,1.0
48,16,3321,255,56.986836039671395,24.25152650482937,3066,0,3577,511,5.171053e+06,1.0
49,16,3321,766,56.987067341291265,24.266983264865022,3066,511,3577,1022,5.252882e+06,1.0
50,16,3321,1277,56.987298699265615,24.28244003030497,3066,1022,3577,1533,5.0596175e+06,1.0
51,16,3321,1788,56.98753011361502,24.297896798898677,3066,1533,3577,2044,5.142061e+06,1.0
52,16,3321,2299,56.98776158436012,24.313353568395602,3066,2044,3577,2555,5.2733925e+06,1.0
53,16,3321,2810,56.98799311152149,24.328810336545207,3066,2555,3577,3066,5.2547235e+06,1.0
54,16,3321,3321,56.988224695119776,24.344267101096957,3066,3066,3577,3577,5.343017e+06,1.0
55,16,3321,3832,56.9884563351756,24.359723859800308,3066,3577,3577,4088,5.446422e+06,1.0
56,16,3832,255,56.969855806756364,24.251382992731873,3577,0,4088,511,5.11729e+06,1.0
57,16,3832,766,56.970085039770055,24.266839774836342,3577,511,4088,1022,5.26538e+06,1.0
58,16,3832,1277,56.970314328634714,24.282296562402852,3577,1022,4088,1533,5.3437195e+06,1.0
59,16,3832,1788,56.97054367337072,24.29775335318085,3577,1533,4088,2044,5.100785e+06,1.0
60,16,3832,2299,56.970773073998515,24.313210144919815,3577,2044,4088,2555,5.3164835e+06,1.0
61,16,3832,2810,56.971002530538506,24.328666935369217,3577,2555,4088,3066,5.2926775e+06,1.0
62,16,3832,3321,56.97123204301116,24.344123722278493,3577,3066,4088,3577,5.359715e+06,1.0
63,16,3832,3832,56.97146161143691,24.359580503397126,3577,3577,4088,4088,5.3780545e+06,1.0
0,17,255,255,57.087957947085464,24.10610407597911,0,0,511,511,4.928978e+06,1.0
1,17,255,766,57.08827652231451,24.121282454971034,0,511,511,1022,5.0228645e+06,1.0
2,17,255,1277,57.08859517323758,24.136460838386718,0,1022,511,1533,5.0880705e+06,1.0
3,17,255,1788,57.08891389988168,24.151639224094325,0,1533,511,2044,5.187539e+06,1.0
4,17,255,2299,57.089232702273776,24.166817609962067,0,2044,511,2555,5.172337e+06,1.0
5,17,255,2810,57.08955158044084,24.181995993858116,0,2555,511,3066,5.290886e+06,1.0
6,17,255,3321,57.08987053440988,24.197174373650668,0,3066,511,3577,5.3348405e+06,1.0
7,17,255,3832,57.090189564207904,24.212352747207916,0,3577,511,4088,5.2668165e+06,1.0
8,17,766,255,57.07109990608091,24.1059024967674,511,0,1022,511,5.0322155e+06,1.0
9,17,766,766,57.07141647835106,24.12108091374412,511,511,1022,1022,5.1007915e+06,1.0
10,17,766,1277,57.07173312584026,24.13625933522244,511,1022,1022,1533,5.2757225e+06,1.0
11,17,766,1788,57.07204984857534,24.151437759070536,511,1533,1022,2044,5.2901055e+06,1.0
12,17,766,2299,57.07236664658309,24.166616183156584,511,2044,1022,2555,5.238725e+06,1.0
13,17,766,2810,57.07268351989035,24.181794605348795,511,2555,1022,3066,5.2606345e+06,1.0
14,17,766,3321,57.07300046852392,24.196973023515362,511,3066,1022,3577,5.181561e+06,1.0
15,17,766,3832,57.073317492510654,24.212151435524454,511,3577,1022,4088,5.393016e+06,1.0
16,17,1277,255,57.05424191258545,24.105699068327915,1022,0,1533,511,5.113373e+06,1.0
17,17,1277,766,57.05455648185314,24.12087752197353,1022,511,1533,1022,5.3462705e+06,1.0
18,17,1277,1277,57.0548711258649,24.136055980198506,1022,1022,1533,1533,5.311517e+06,1.0
19,17,1277,1788,57.05518584464738,24.15123444087103,1022,1533,1533,2044,5.3302965e+06,1.0
20,17,1277,2299,57.05550063822715,24.166412901859328,1022,2044,1533,2555,5.2891995e+06,1.0
21,17,1277,2810,57.05581550663091,24.181591361031565,1022,2555,1533,3066,5.220757e+06,1.0
22,17,1277,3321,57.056130449885295,24.196769816255948,1022,3066,1533,3577,5.1681655e+06,1.0
23,17,1277,3832,57.056445468017,24.211948265400665,1022,3577,1533,4088,5.275887e+06,1.0
24,17,1788,255,57.03738396951763,24.105493790711996,1533,0,2044,511,5.092937e+06,1.0
25,17,1788,766,57.0376965357404,24.120672279710522,1533,511,2044,1022,5.212607e+06,1.0
26,17,1788,1277,57.03800917623219,24.135850773366165,1533,1022,2044,1533,5.161437e+06,1.0
27,17,1788,1788,57.03832189101946,24.1510292695471,1533,1533,2044,2044,5.266896e+06,1.0
28,17,1788,2299,57.03863468012866,24.166207766121524,1533,2044,2044,2555,5.260217e+06,1.0
29,17,1788,2810,57.038947543586296,24.18138626095764,1533,2555,2044,3066,5.508177e+06,1.0
30,17,1788,3321,57.03926048141884,24.196564751923635,1533,3066,2044,3577,5.3247125e+06,1.0
31,17,1788,3832,57.03957349365281,24.211743236887703,1533,3577,2044,4088,5.429506e+06,1.0
32,17,2299,255,57.020526079795985,24.105286663972237,2044,0,2555,511,5.1368415e+06,1.0
33,17,2299,766,57.02083664293237,24.12046518700773,2044,511,2555,1022,5.1829145e+06,1.0
34,17,2299,1277,57.0211472798627,24.13564371477801,2044,1022,2555,1533,5.3647935e+06,1.0
35,17,2299,1788,57.02145799061326,24.150822245151257,2044,1533,2555,2044,5.224001e+06,1.0
36,17,2299,2299,57.02176877521033,24.1660007759957,2044,2044,2555,2555,5.3409765e+06,1.0
37,17,2299,2810,57.02207963368025,24.181179305179505,2044,2555,2555,3066,5.3581885e+06,1.0
38,17,2299,3321,57.02239056604933,24.196357830570886,2044,3066,2555,3577,5.4769395e+06,1.0
39,17,2299,3832,57.022701572343905,24.21153635003803,2044,3577,2555,4088,5.380511e+06,1.0
40,17,2810,255,57.00366824633898,24.10507768816252,2555,0,3066,511,5.1669935e+06,1.0
41,17,2810,766,57.003976806348575,24.12025624391899,2555,511,3066,1022,5.091028e+06,1.0
42,17,2810,1277,57.00428543967699,24.13543480448786,2555,1022,3066,1533,5.124676e+06,1.0
43,17,2810,1788,57.00459414635035,24.150613367737343,2555,1533,3066,2044,5.3280325e+06,1.0
44,17,2810,2299,57.00490292639478,24.16579193153564,2555,2044,3066,2555,5.2050265e+06,1.0
45,17,2810,2810,57.00521177983646,24.180970493750927,2555,2555,3066,3066,5.366158e+06,1.0
46,17,2810,3321,57.00552070670148,24.19614905225144,2555,3066,3066,3577,5.4462165e+06,1.0
47,17,2810,3832,57.00582970701604,24.21132760490537,2555,3577,3066,4088,5.3820925e+06,1.0
48,17,3321,255,56.986810472065024,24.10486686333804,3066,0,3577,511,5.2937095e+06,1.0
49,17,3321,766,56.98711702890845,24.120045450499457,3066,511,3577,1022,5.1240495e+06,1.0
50,17,3321,1277,56.98742365859555,24.13522404255086,3066,1022,3577,1533,5.018946e+06,1.0
51,17,3321,1788,56.987730361152295,24.15040263736045,3066,1533,3577,2044,5.16705e+06,1.0
52,17,3321,2299,56.98803713660461,24.165581232796427,3066,2044,3577,2555,5.1968885e+06,1.0
53,17,3321,2810,56.9883439849785,24.180759826727,3066,2555,3577,3066,5.074097e+06,1.0
54,17,3321,3321,56.98865090629993,24.195938417020383,3066,3066,3577,3577,5.305643e+06,1.0
55,17,3321,3832,56.98895790059493,24.211117001544746,3066,3577,3577,4088,5.225982e+06,1.0
56,17,3832,255,56.96995275989246,24.104654189555202,3577,0,4088,511,5.284523e+06,1.0
57,17,3832,766,56.970257313531384,24.11983280680555,3577,511,4088,1022,5.164962e+06,1.0
58,17,3832,1277,56.97056193953881,24.135011429023407,3577,1022,4088,1533,5.125793e+06,1.0
59,17,3832,1788,56.970866637940524,24.150190054076965,3577,1533,4088,2044,5.2775035e+06,1.0
60,17,3832,2299,56.971171408762316,24.165368679834444,3577,2044,4088,2555,5.225497e+06,1.0
61,17,3832,2810,56.97147625202998,24.180547304164048,3577,2555,4088,3066,5.32665e+06,1.0
62,17,3832,3321,56.97178116776932,24.195725924933996,3577,3066,4088,3577,5.2353535e+06,1.0
63,17,3832,3832,56.97208615600621,24.210904540012482,3577,3577,4088,4088,5.3721105e+06,1.0
0,18,255,255,57.08809881714224,23.977871097380397,0,0,511,511,6339.6304,1.0
1,18,255,766,57.08848175428292,23.992731777433193,0,511,511,1022,4.915065e+06,1.0
2,18,255,1277,57.08886477996663,24.007592461244442,0,1022,511,1533,5.095849e+06,1.0
3,18,255,1788,57.08924789422406,24.02245314681277,0,1533,511,2044,4.982036e+06,1.0
4,18,255,2299,57.08963109708589,24.03731383213678,0,2044,511,2555,5.1860245e+06,1.0
5,18,255,2810,57.09001438858281,24.052174515215047,0,2555,511,3066,5.2105755e+06,1.0
6,18,255,3321,57.09039776874559,24.067035194046206,0,3066,511,3577,5.2421865e+06,1.0
7,18,255,3832,57.09078123760493,24.081895866628845,0,3577,511,4088,5.558726e+06,1.0
8,18,766,255,57.071378371268494,23.97761013680094,511,0,1022,511,4.9425585e+06,1.0
9,18,766,766,57.071759374864634,23.992470861250784,511,511,1022,1022,4.8716345e+06,1.0
10,18,766,1277,57.072140466558054,24.007331589552066,511,1022,1022,1533,5.08671e+06,1.0
11,18,766,1788,57.07252164637928,24.022192319703418,511,1533,1022,2044,5.1552105e+06,1.0
12,18,766,2299,57.07290291435882,24.037053049703424,511,2044,1022,2555,5.3499025e+06,1.0
13,18,766,2810,57.07328427052731,24.0519137775507,511,2555,1022,3066,5.3824795e+06,1.0
14,18,766,3321,57.07366571491522,24.06677450124383,511,3066,1022,3577,5.375232e+06,1.0
15,18,766,3832,57.074047247553175,24.08163521878142,511,3577,1022,4088,5.4929255e+06,1.0
16,18,1277,255,57.054657987754155,23.977347364338478,1022,0,1533,511,5.0366475e+06,1.0
17,18,1277,766,57.05503705775526,23.992208131917348,1022,511,1533,1022,4.955478e+06,1.0
18,18,1277,1277,57.05541621540787,24.00706890344057,1022,1022,1533,1533,5.0439935e+06,1.0
19,18,1277,1788,57.05579546074231,24.021929676906808,1022,1533,1533,2044,5.1580445e+06,1.0
20,18,1277,2299,57.056174793789005,24.03679045031464,1022,2044,1533,2555,5.295139e+06,1.0
21,18,1277,2810,57.05655421457833,24.05165122166266,1022,2555,1533,3066,5.455679e+06,1.0
22,18,1277,3321,57.05693372314071,24.0665119889495,1022,3066,1533,3577,5.3302115e+06,1.0
23,18,1277,3832,57.05731331950658,24.081372750173742,1022,3577,1533,4088,5.5159365e+06,1.0
24,18,1788,255,57.037937669446734,23.977082780058762,1533,0,2044,511,5.126955e+06,1.0
25,18,1788,766,57.03831480580331,23.991943589498554,1533,511,2044,1022,5.212294e+06,1.0
26,18,1788,1277,57.03869202936555,24.006804402975618,1533,1022,2044,1533,5.356139e+06,1.0
27,18,1788,1788,57.03906934016363,24.02166521848859,1533,1533,2044,2044,5.3056535e+06,1.0
28,18,1788,2299,57.03944673822784,24.03652603403601,1533,2044,2044,2555,5.2137195e+06,1.0
29,18,1788,2810,57.03982422358839,24.05138684761655,1533,2555,2044,3066,5.5042575e+06,1.0
30,18,1788,3321,57.04020179627553,24.06624765722876,1533,3066,2044,3577,5.391075e+06,1.0
31,18,1788,3832,57.04057945631957,24.081108460871317,1533,3577,2044,4088,5.462001e+06,1.0
32,18,2299,255,57.0212174191937,23.976816384028677,2044,0,2555,511,5.059867e+06,1.0
33,18,2299,766,57.02159262185724,23.991677234061353,2044,511,2555,1022,5.051371e+06,1.0
34,18,2299,1277,57.02196791128055,24.0065380882241,2044,1022,2555,1533,5.1436315e+06,1.0
35,18,2299,1788,57.02234328749371,24.021398944515585,2044,1533,2555,2044,5.3766605e+06,1.0
36,18,2299,2299,57.022718750526806,24.036259800934378,2044,2044,2555,2555,5.4354e+06,1.0
37,18,2299,2810,57.02309430040988,24.05112065547915,2044,2555,2555,3066,5.4371855e+06,1.0
38,18,2299,3321,57.02346993717309,24.065981506148432,2044,3066,2555,3577,5.404945e+06,1.0
39,18,2299,3832,57.02384566084654,24.080842350940877,2044,3577,2555,4088,5.5412305e+06,1.0
40,18,2810,255,57.00449723984244,23.976548176316452,2555,0,3066,511,5.2992195e+06,1.0
41,18,2810,766,57.004870508765414,23.991409065673853,2555,511,3066,1022,5.3534705e+06,1.0
42,18,2810,1277,57.00524386400225,24.00626995925414,2555,1022,3066,1533,5.308046e+06,1.0
43,18,2810,1788,57.00561730558286,24.021130855055937,2555,1533,3066,2044,5.3941515e+06,1.0
44,18,2810,2299,57.00599083353718,24.03599175107785,2555,2044,3066,2555,5.353431e+06,1.0
45,18,2810,2810,57.00636444789514,24.050852645318507,2555,2555,3066,3066,5.525447e+06,1.0
46,18,2810,3321,57.00673814868671,24.065713535776485,2555,3066,3066,3577,5.453467e+06,1.0
47,18,2810,3832,57.00711193594181,24.08057442045046,2555,3577,3066,4088,5.483085e+06,1.0
48,18,3321,255,56.987777134240275,23.976278156991462,3066,0,3577,511,5.2467475e+06,1.0
49,18,3321,766,56.98814846937614,23.99113908440546,3066,511,3577,1022,5.2416145e+06,1.0
50,18,3321,1277,56.98851989037992,24.006000016135086,3066,1022,3577,1533,5.485714e+06,1.0
51,18,3321,1788,56.988891397281414,24.02086095017897,3066,1533,3577,2044,5.459871e+06,1.0
52,18,3321,2299,56.98926299011031,24.0357218845357,3066,2044,3577,2555,5.5258555e+06,1.0
53,18,3321,2810,56.98963466889646,24.05058281720392,3066,2555,3577,3066,5.5835915e+06,1.0
54,18,3321,3321,56.990006433669635,24.065443746182233,3066,3066,3577,3577,5.435669e+06,1.0
55,18,3321,3832,56.99037828445964,24.080304669469278,3066,3577,3577,4088,5.562959e+06,1.0
56,18,3832,255,56.97105710523442,23.976006326124363,3577,0,4088,511,5.3175655e+06,1.0
57,18,3832,766,56.97142650653766,23.99086729032681,3577,511,4088,1022,5.1421545e+06,1.0
58,18,3832,1277,56.97179599326284,24.005728258937577,3577,1022,4088,1533,5.3141335e+06,1.0
59,18,3832,1788,56.97216556543952,24.020589229955256,3577,1533,4088,2044,5.38593e+06,1.0
60,18,3832,2299,56.972535223097374,24.035450201378502,3577,2044,4088,2555,5.5637185e+06,1.0
61,18,3832,2810,56.97290496626601,24.050311171205927,3577,2555,4088,3066,5.4895315e+06,1.0
62,18,3832,3321,56.973274794975055,24.065172137436164,3577,3066,4088,3577,5.59882e+06,1.0
63,18,3832,3832,56.97364470925419,24.08003309806783,3577,3577,4088,4088,5.721343e+06,1.0
