,SCA,xmid,ymid,ramid,decmid,xmin,ymin,xmax,ymax,straylight_total,mainoffender_total
0,1,255,255,206.4613053871277,49.25262311248164,0,0,511,511,0.0027631433,4492
1,1,255,766,206.48223793776575,49.24563529094861,0,511,511,1022,0.002640875,4492
2,1,255,1277,206.5031645704432,49.23864368610282,0,1022,511,1533,0.0028050048,4492
3,1,255,1788,206.5240852820885,49.23164830094721,0,1533,511,2044,0.002811049,4492
4,1,255,2299,206.54500006963815,49.224649138486576,0,2044,511,2555,0.0026377486,4492
5,1,255,2810,206.56590893003678,49.21764620172773,0,2555,511,3066,0.0029099137,4492
6,1,255,3321,206.586811860237,49.210639493679274,0,3066,511,3577,0.002731437,4492
7,1,255,3832,206.60770885719944,49.20362901735172,0,3577,511,4088,0.0027431848,4492
8,1,766,255,206.4723364347681,49.266512393972405,511,0,1022,511,0.0028829603,4492
9,1,766,766,206.49327332078798,49.259522580420736,511,511,1022,1022,0.0027779874,4492
10,1,766,1277,206.51420428300912,49.252528982270015,511,1022,1022,1533,0.0027398951,4492
11,1,766,1788,206.53512931836087,49.24553160252529,511,1533,1022,2044,0.0028379376,4492
12,1,766,2299,206.55604842378082,49.23853044419358,511,2044,1022,2555,0.0027541062,4492
13,1,766,2810,206.57696159621452,49.23152551028382,511,2555,1022,3066,0.0030083202,4492
14,1,766,3321,206.59786883261555,49.22451680380667,511,3066,1022,3577,0.0028121178,4492
15,1,766,3832,206.61877012994557,49.21750432777485,511,3577,1022,4088,0.0025451374,4492
16,1,1277,255,206.48337369852578,49.280400629949355,1022,0,1533,511,0.0028595917,4492
17,1,1277,766,206.5043149199366,49.27340882350272,1022,511,1533,1022,0.002986654,4492
18,1,1277,1277,206.52525021170476,49.266413231171505,1022,1022,1533,1533,0.0031458554,4492
19,1,1277,1788,206.54617957076067,49.25941385596293,1022,1533,1533,2044,0.0027755832,4492
20,1,1277,2299,206.5671029940428,49.25241070088616,1022,2044,1533,2555,0.0027855341,4492
21,1,1277,2810,206.58802047849775,49.24540376895219,1022,2555,1533,3066,0.0028879594,4492
22,1,1277,3321,206.6089320210801,49.23839306317395,1022,3066,1533,3577,0.002822067,4492
23,1,1277,3832,206.62983761875256,49.23137858656621,1022,3577,1533,4088,0.0027679477,4492
24,1,1788,255,206.49441718283666,49.294287817233354,1533,0,2044,511,0.0027358301,4492
25,1,1788,766,206.5153627396445,49.287294017015164,1533,511,2044,1022,0.0029474227,4492
26,1,1788,1277,206.53630236096006,49.28029642962762,1533,1022,2044,1533,0.0028757483,4492
27,1,1788,1788,206.5572360437147,49.27329505808016,1533,1533,2044,2044,0.0026511194,4492
28,1,1788,2299,206.57816378484796,49.266289905384035,1533,2044,2044,2555,0.0030031363,4492
29,1,1788,2810,206.59908558130732,49.25928097455238,1533,2555,2044,3066,0.003012208,4492
30,1,1788,3321,206.62000143004846,49.25226826860031,1533,3066,2044,3577,0.002672931,4492
31,1,1788,3832,206.6409113280351,49.245251790544714,1533,3577,2044,4088,0.0029374363,4492
32,1,2299,255,206.5054668921398,49.30817395264452,2044,0,2555,511,0.0028399832,4492
33,1,2299,766,206.52641678434773,49.301178157777876,2044,511,2555,1022,0.002971003,4492
34,1,2299,1277,206.54736073520797,49.29417857445792,2044,1022,2555,1533,0.0027726982,4492
35,1,2299,1788,206.56829874165297,49.28717520569621,2044,1533,2555,2044,0.0028542858,4492
36,1,2299,2299,206.58923080062314,49.28016805450616,2044,2044,2555,2555,0.0028224117,4492
37,1,2299,2810,206.6101569090671,49.27315712390306,2044,2555,2555,3066,0.0027497537,4492
38,1,2299,3321,206.63107706394143,49.26614241690417,2044,3066,2555,3577,0.0030271357,4492
39,1,2299,3832,206.65199126221094,49.25912393652849,2044,3577,2555,4088,0.002840818,4492
40,1,2810,255,206.51652283087736,49.322059033002226,2555,0,3066,511,0.0028853072,4492
41,1,2810,766,206.53747705848542,49.31506124260993,2555,511,3066,1022,0.0029661902,4492
42,1,2810,1277,206.55842533888466,49.308059662481135,2555,1022,3066,1533,0.0030088236,4492
43,1,2810,1788,206.57936766900852,49.30105429562956,2555,1533,3066,2044,0.0030089,4492
44,1,2810,2299,206.60030404579845,49.29404514507073,2555,2044,3066,2555,0.0029214309,4492
45,1,2810,2810,206.62123446620404,49.28703221382215,2555,2555,3066,3066,0.0029292484,4492
46,1,2810,3321,206.64215892718298,49.28001550490313,2555,3066,3066,3577,0.0029382454,4492
47,1,2810,3832,206.66307742570103,49.272995021334914,2555,3577,3066,4088,0.0027782854,4492
48,1,3321,255,206.5275850034948,49.33594305512495,3066,0,3577,511,0.0031556352,4492
49,1,3321,766,206.54854356649994,49.32894326832954,3066,511,3577,1022,0.0027131129,4492
50,1,3321,1277,206.56949617642942,49.32193969051525,3066,1022,3577,1533,0.003058419,4492
51,1,3321,1788,206.59044283021765,49.314932324697914,3066,1533,3577,2044,0.0030552023,4492
52,1,3321,2299,206.6113835248071,49.30792117389519,3066,2044,3577,2555,0.0028942607,4492
53,1,3321,2810,206.63231825714837,49.300906241126754,3066,2555,3577,3066,0.0029464818,4492
54,1,3321,3321,206.6532470242002,49.29388752941407,3066,3066,3577,3577,0.0028896122,4492
55,1,3321,3832,206.67416982292937,49.28686504178053,3066,3577,3577,4088,0.0027591914,4492
56,1,3832,255,206.53865341444057,49.34982601583049,3577,0,4088,511,0.002898185,4492
57,1,3832,766,206.55961631283677,49.34282423175421,3577,511,4088,1022,0.0028797865,4492
58,1,3832,1277,206.58057325228467,49.33581865537744,3577,1022,4088,1533,0.0028854366,4492
59,1,3832,1788,206.6015242297197,49.328809289718116,3577,1533,4088,2044,0.003005609,4492
60,1,3832,2299,206.62246924208534,49.3217961377961,3577,2044,4088,2555,0.0027498496,4492
61,1,3832,2810,206.64340828633328,49.314779202633225,3577,2555,4088,3066,0.0027094618,4492
62,1,3832,3321,206.66434135942325,49.30775848725305,3577,3066,4088,3577,0.0027868676,4492
63,1,3832,3832,206.68526845832307,49.30073399468114,3577,3577,4088,4088,0.002842785,4492
0,2,255,255,206.26358080639793,49.318667548562516,0,0,511,511,0.0028611682,4492
1,2,255,766,206.28414288796824,49.31190694246847,0,511,511,1022,2720.6904,1
2,2,255,1277,206.30469933207146,49.30514268712291,0,1022,511,1533,0.0028477525,4492
3,2,255,1788,206.32525013573567,49.29837478532348,0,1533,511,2044,0.0026291835,4492
4,2,255,2299,206.34579529599657,49.291603239869595,0,2044,511,2555,594.69073,1
5,2,255,2810,206.36633480989715,49.284828053562414,0,2555,511,3066,0.0026503452,4492
6,2,255,3321,206.3868686744879,49.278049229204925,0,3066,511,3577,0.0027852878,4492
7,2,255,3832,206.40739688682672,49.27126676960183,0,3577,511,4088,0.0028000264,4492
8,2,766,255,206.2744700534642,49.332480795348474,511,0,1022,511,0.0027963838,4492
9,2,766,766,206.29503641441917,49.325718258291225,511,511,1022,1022,0.0026993074,4492
10,2,766,1277,206.31559713234503,49.318952070738874,511,1022,1022,1533,0.0028100966,4492
11,2,766,1788,206.3361522042709,49.312182235491086,511,1533,1022,2044,0.0028010388,4492
12,2,766,2299,206.35670162723306,49.30540875534923,511,2044,1022,2555,0.002852853,4492
13,2,766,2810,206.37724539827542,49.298631633116514,511,2555,1022,3066,0.0028396372,4492
14,2,766,3321,206.39778351444926,49.29185087159791,511,3066,1022,3577,0.002672531,4492
15,2,766,3832,206.4183159728133,49.285066473600146,511,3577,1022,4088,0.0027919647,4492
16,2,1277,255,206.28536541734195,49.34629302372801,1022,0,1533,511,2260.1165,1
17,2,1277,766,206.30593605775817,49.33952855485078,1022,511,1533,1022,0.002816047,4492
18,2,1277,1277,206.32650104957796,49.33276043423558,1022,1022,1533,1533,0.002868601,4492
19,2,1277,1788,206.34706038983109,49.32598866468404,1022,1533,1533,2044,0.0028773814,4492
20,2,1277,2299,206.36761407555474,49.3192132489996,1022,2044,1533,2555,0.0027397892,4492
21,2,1277,2810,206.38816210379363,49.31243418998743,1022,2555,1533,3066,0.0027225758,4492
22,2,1277,3321,206.40870447159986,49.30565149045452,1022,3066,1533,3577,0.0027487811,4492
23,2,1277,3832,206.429241176033,49.29886515320957,1022,3577,1533,4088,0.0028747402,4492
24,2,1788,255,206.29626690239792,49.36010423059641,1533,0,2044,511,0.0030112474,4492
25,2,1788,766,206.31684182234926,49.35333782904215,1533,511,2044,1022,0.0028946614,4492
26,2,1788,1277,206.33741108813126,49.346567774507726,1533,1022,2044,1533,0.00289809,4492
27,2,1788,1788,206.35797469677453,49.33979406979683,1533,1533,2044,2044,0.0028319603,4492
28,2,1788,2299,206.37853264531708,49.33301671771487,1533,2044,2044,2555,0.0027401585,4492
29,2,1788,2810,206.39908493080446,49.326235721069025,1533,2555,2044,3066,0.002890502,4492
30,2,1788,3321,206.41963155028952,49.3194510826683,1533,3066,2044,3577,0.0029473314,4492
31,2,1788,3832,206.44017250083274,49.31266280532343,1533,3577,2044,4088,0.0029555026,4492
32,2,2299,255,206.30717451300205,49.373914412848286,2044,0,2555,511,0.0028313878,4492
33,2,2299,766,206.3277537125595,49.36714607775959,2044,511,2555,1022,0.0028377008,4492
34,2,2299,1277,206.34832725236924,49.360374088449326,2044,1022,2555,1533,0.0029540928,4492
35,2,2299,1788,206.3688951294627,49.3535984477231,2044,1533,2555,2044,0.0028273878,4492
36,2,2299,2299,206.3894573408787,49.34681915838841,2044,2044,2555,2555,0.002851323,4492
37,2,2299,2810,206.41001388366357,49.34003622325442,2044,2555,2555,3066,0.0030685074,4492
38,2,2299,3321,206.4305647548711,49.333249645132135,2044,3066,2555,3577,0.0027646513,4492
39,2,2299,3832,206.4511099515626,49.3264594268343,2044,3577,2555,4088,0.002954644,4492
40,2,2810,255,206.31808825352746,49.3877235673774,2555,0,3066,511,0.0028623133,4492
41,2,2810,766,206.33867173275917,49.38095329789663,2555,511,3066,1022,0.0027903775,4492
42,2,2810,1277,206.3592495466593,49.37417937295355,2555,1022,3066,1533,0.002905384,4492
43,2,2810,1788,206.3798216922601,49.36740179535584,2555,1533,3066,2044,0.0029566695,4492
44,2,2810,2299,206.40038816660123,49.36062056791291,2555,2044,3066,2555,0.002948225,4492
45,2,2810,2810,206.42094896672987,49.353835693436,2555,2555,3066,3066,0.003050679,4492
46,2,2810,3321,206.4415040897006,49.347047174738094,2555,3066,3066,3577,0.0028425064,4492
47,2,2810,3832,206.4620535325756,49.340255014633954,2555,3577,3066,4088,0.0029037353,4492
48,2,3321,255,206.32900812835035,49.4015316910768,3066,0,3577,511,0.0029534437,4492
49,2,3321,766,206.3495958873216,49.39475948634602,3066,511,3577,1022,0.0030267392,4492
50,2,3321,1277,206.37017797537194,49.387983624912934,3066,1022,3577,1533,0.0029136208,4492
51,2,3321,1788,206.3907543895344,49.38120410958717,3066,1533,3577,2044,0.0029507047,4492
52,2,3321,2299,206.4113251268495,49.37442094318022,3066,2044,3577,2555,0.0029895855,4492
53,2,3321,2810,206.43189018436524,49.367634128505344,3066,2555,3577,3066,0.0029574987,4492
54,2,3321,3321,206.45244955913708,49.360843668377484,3066,3066,3577,3577,0.0029454397,4492
55,2,3321,3832,206.473003248228,49.354049565613444,3066,3577,3577,4088,0.0029217436,4492
56,2,3832,255,206.33993414185008,49.41533878083873,3577,0,4088,511,0.0027939873,4492
57,2,3832,766,206.36052618062334,49.40856463999968,3577,511,4088,1022,0.0029097279,4492
58,2,3832,1277,206.38111254288083,49.401786841219064,3577,1022,4088,1533,0.0028178005,4492
59,2,3832,1788,206.4016932256564,49.3950053873085,3577,1533,4088,2044,0.0029058545,4492
60,2,3832,2299,206.42226822599142,49.3882202810815,3577,2044,4088,2555,0.0028313042,4492
61,2,3832,2810,206.4428375409347,49.38143152535327,3577,2555,4088,3066,0.0026673726,4492
62,2,3832,3321,206.46340116754268,49.37463912294087,3577,3066,4088,3577,0.003124775,4492
63,2,3832,3832,206.48395910287906,49.36784307666304,3577,3577,4088,4088,0.0027956802,4492
0,3,255,255,206.08664024061625,49.3776250987447,0,0,511,511,0.0025605857,4492
1,3,255,766,206.10674176421108,49.37105739867163,0,511,511,1022,0.0024048046,4492
2,3,255,1277,206.12683792253736,49.36448621213307,0,1022,511,1533,0.0025401267,4492
3,3,255,1788,206.1469287128004,49.35791154172423,0,1533,511,2044,0.002680573,4492
4,3,255,2299,206.1670141322122,49.351333390042136,0,2044,511,2555,0.0016445139,4492
5,3,255,2810,206.18709417799147,49.34475175968524,0,2555,511,3066,0.0027249258,4492
6,3,255,3321,206.20716884736382,49.33816665325376,0,3066,511,3577,0.0027394614,4492
7,3,255,3832,206.2272381375615,49.33157807334943,0,3577,511,4088,0.0027243183,4492
8,3,766,255,206.09744168803252,49.39132662844985,511,0,1022,511,1635.3429,1
9,3,766,766,206.11754737897584,49.38475705643276,511,511,1022,1022,0.0026845944,4492
10,3,766,1277,206.13764769938115,49.378183996770396,511,1022,1022,1533,0.0026608806,4492
11,3,766,1788,206.15774264645432,49.371607452059855,511,1533,1022,2044,0.0026779945,4492
12,3,766,2299,206.17783221740808,49.36502742489995,511,2044,1022,2555,0.002674267,4492
13,3,766,2810,206.19791640946195,49.358443917891066,511,2555,1022,3066,0.0028244122,4492
14,3,766,3321,206.21799521984215,49.35185693363521,511,3066,1022,3577,0.0026494819,4492
15,3,766,3832,206.2380686457818,49.34526647473602,511,3577,1022,4088,0.0027265023,4492
16,3,1277,255,206.1082491663456,49.40502715639191,1022,0,1533,511,0.00255254,4492
17,3,1277,766,206.1283590247275,49.39845571160048,1022,511,1533,1022,0.0028139409,4492
18,3,1277,1277,206.1484635072966,49.39188077798464,1022,1022,1533,1533,0.002777427,4492
19,3,1277,1788,206.16856261125957,49.385302358143406,1022,1533,1533,2044,0.0027408116,4492
20,3,1277,2299,206.18865633382987,49.37872045467737,1022,2044,1533,2555,0.002719756,4492
21,3,1277,2810,206.20874467222765,49.37213507018884,1022,2555,1533,3066,0.002728291,4492
22,3,1277,3321,206.22882762367996,49.36554620728165,1022,3066,1533,3577,0.002872088,4492
23,3,1277,3832,206.2489051854206,49.35895386856133,1022,3577,1533,4088,0.002929256,4492
24,3,1788,255,206.11906267983812,49.41872667954087,1533,0,2044,511,0.002506378,4492
25,3,1788,766,206.1391767057459,49.41215336114448,1533,511,2044,1022,0.0028236958,4492
26,3,1788,1277,206.159285350561,49.405576552745245,1533,1022,2044,1533,0.002850769,4492
27,3,1788,1788,206.17938861149077,49.398996256944024,1533,1533,2044,2044,0.0028095325,4492
28,3,1788,2299,206.19948648574936,49.39241247634331,1533,2044,2044,2555,0.0028579184,4492
29,3,1788,2810,206.21957897055773,49.385825213547186,1533,2555,2044,3066,0.0026454357,4492
30,3,1788,3321,206.23966606314366,49.379234471161425,1533,3066,2044,3577,0.0028250767,4492
31,3,1788,3832,206.25974776074165,49.37264025179336,1533,3577,2044,4088,0.002733789,4492
32,3,2299,255,206.1298822327959,49.43242519486597,2044,0,2555,511,0.0030573662,4492
33,3,2299,766,206.15000042631416,49.42585000203373,2044,511,2555,1022,0.0026554668,4492
34,3,2299,1277,206.17011323345469,49.41927131802088,2044,1022,2555,1533,0.0028205402,4492
35,3,2299,1788,206.1902206514255,49.41268914543014,2044,1533,2555,2044,0.0027154826,4492
36,3,2299,2299,206.21032267744152,49.40610348686584,2044,2044,2555,2555,0.0030201238,4492
37,3,2299,2810,206.23041930872446,49.39951434493394,2044,2555,2555,3066,0.0028310146,4492
38,3,2299,3321,206.25051054250275,49.392921722242065,2044,3066,2555,3577,0.0029248323,4492
39,3,2299,3832,206.27059637601175,49.3863256213994,2044,3577,2555,4088,0.0029023306,4492
40,3,2810,255,206.1407078295076,49.4461226993357,2555,0,3066,511,0.0025851657,4492
41,3,2810,766,206.16083019071831,49.43954563123646,2555,511,3066,1022,0.0026045665,4492
42,3,2810,1277,206.18094716026098,49.4329650707795,2555,1022,3066,1533,0.0026577332,4492
43,3,2810,1788,206.20105873534447,49.4263810205694,2555,1533,3066,2044,0.0025923515,4492
44,3,2810,2299,206.2211649131843,49.41979348321235,2555,2044,3066,2555,0.0028166482,4492
45,3,2810,2810,206.24126569100304,49.4132024613162,2555,2555,3066,3066,0.002797373,4492
46,3,2810,3321,206.26136106602976,49.40660795749041,2555,3066,3066,3577,0.0029221864,4492
47,3,2810,3832,206.28145103550068,49.400009974346034,2555,3577,3066,4088,0.0028312793,4492
48,3,3321,255,206.15153947426515,49.45981918991784,3066,0,3577,511,0.0024424072,4492
49,3,3321,766,206.17166600324754,49.45324024572012,3066,511,3577,1022,0.002624284,4492
50,3,3321,1277,206.19178713526642,49.44665780798826,3066,1022,3577,1533,0.0028317093,4492
51,3,3321,1788,206.21190286753136,49.44007187932869,3066,1533,3577,2044,0.002805773,4492
52,3,3321,2299,206.23201319725874,49.4334824623495,3066,2044,3577,2555,0.0027300841,4492
53,3,3321,2810,206.2521181216717,49.42688955966036,3066,2555,3577,3066,0.0028902795,4492
54,3,3321,3321,206.27221763800028,49.42029317387258,3066,3066,3577,3577,0.0029599117,4492
55,3,3321,3832,206.29231174348124,49.4136933075991,3066,3577,3577,4088,0.0028164692,4492
56,3,3832,255,206.1623771713635,49.47351466357937,3577,0,4088,511,0.0027394951,4492
57,3,3832,766,206.18250786819402,49.46693384245145,3577,511,4088,1022,0.0026729587,4492
58,3,3832,1277,206.20263316276043,49.460349526613655,3577,1022,4088,1533,0.0025138923,4492
59,3,3832,1788,206.22275305227302,49.45376171867423,3577,1533,4088,2044,0.002772025,4492
60,3,3832,2299,206.24286753394884,49.44717042124319,3577,2044,4088,2555,0.0028221342,4492
61,3,3832,2810,206.26297660501183,49.44057563693199,3577,2555,4088,3066,0.0029956854,4492
62,3,3832,3321,206.28308026269278,49.43397736835389,3577,3066,4088,3577,0.002814445,4492
63,3,3832,3832,206.30317850422927,49.427375618123655,3577,3577,4088,4088,0.002778929,4492
0,4,255,255,206.59207234905048,49.361030498608756,0,0,511,511,0.0029590398,4492
1,4,255,766,206.61312339677133,49.35408092853933,0,511,511,1022,0.0028143672,4492
2,4,255,1277,206.63416850302937,49.34712753438501,0,1022,511,1533,0.0028116135,4492
3,4,255,1788,206.65520766466346,49.34017031916155,0,1533,511,2044,0.002884794,4492
4,4,255,2299,206.67624087852073,49.333209285886625,0,2044,511,2555,0.0028822543,4492
5,4,255,2810,206.6972681414564,49.326244437579895,0,2555,511,3066,0.0029397374,4492
6,4,255,3321,206.71828945033394,49.319275777262924,0,3066,511,3577,0.002823952,4492
7,4,255,3832,206.73930480202498,49.31230330795925,0,3577,511,4088,0.0027896564,4492
8,4,766,255,206.60323504172297,49.37481385769945,511,0,1022,511,0.002982235,4492
9,4,766,766,206.62429041959936,49.36786226159515,511,511,1022,1022,0.00282289,4492
10,4,766,1277,206.64533985010917,49.36090684013237,511,1022,1022,1533,0.002890753,4492
11,4,766,1788,206.66638333009212,49.35394759632905,511,1533,1022,2044,0.0031418237,4492
12,4,766,2299,206.6874208563964,49.34698453320507,511,2044,1022,2555,0.0029615776,4492
13,4,766,2810,206.70845242587822,49.34001765378226,511,2555,1022,3066,0.0027954797,4492
14,4,766,3321,206.72947803540208,49.333046961084385,511,3066,1022,3577,0.0029133116,4492
15,4,766,3832,206.75049768184067,49.326072458137084,511,3577,1022,4088,0.0029201217,4492
16,4,1277,255,206.61440400067082,49.38859614666336,1022,0,1533,511,0.002815845,4492
17,4,1277,766,206.63546370864773,49.38164252361632,1022,511,1533,1022,0.0029076722,4492
18,4,1277,1277,206.65651746334834,49.37468507393805,1022,1022,1533,1533,0.0028754352,4492
19,4,1277,1788,206.67756526161358,49.36772380064864,1022,1533,1533,2044,0.0028386288,4492
20,4,1277,2299,206.69860710029246,49.36075870677018,1022,2044,1533,2555,0.0027343556,4492
21,4,1277,2810,206.7196429762423,49.353789795326676,1022,2555,1533,3066,0.0028440233,4492
22,4,1277,3321,206.74067288632858,49.34681706934405,1022,3066,1533,3577,0.0028408782,4492
23,4,1277,3832,206.76169682742503,49.33984053185016,1022,3577,1533,4088,0.0027951621,4492
24,4,1788,255,206.62557923032242,49.402377362333354,1533,0,2044,511,0.0030637903,4492
25,4,1788,766,206.64664326834156,49.395421711435475,1533,511,2044,1022,0.002793546,4492
26,4,1788,1277,206.66770134716907,49.38846223263439,1533,1022,2044,1533,0.003103642,4492
27,4,1788,1788,206.68875346364678,49.3814989289524,1533,1533,2044,2044,0.002951709,4492
28,4,1788,2299,206.70979961462476,49.37453180341373,1533,2044,2044,2555,0.0027523476,4492
29,4,1788,2810,206.7308397969613,49.36756085904463,1533,2555,2044,3066,0.00320134,4492
30,4,1788,3321,206.75187400752299,49.360586098873185,1533,3066,2044,3577,0.0028708088,4492
31,4,1788,3832,206.77290224318446,49.35360752592947,1533,3577,2044,4088,0.0029437076,4492
32,4,2299,255,206.6367607351092,49.41615750154155,2044,0,2555,511,0.0030133708,4492
33,4,2299,766,206.65782910310926,49.40919982188442,2044,511,2555,1022,0.0028305454,4492
34,4,2299,1277,206.67889150599652,49.40223831305293,2044,1022,2555,1533,0.003042364,4492
35,4,2299,1788,206.69994794061378,49.395272978071574,2044,1533,2555,2044,0.0029623106,4492
36,4,2299,2299,206.72099840381216,49.38830381996678,2044,2044,2555,2555,0.0028758508,4492
37,4,2299,2810,206.742042892451,49.38133084176692,2044,2555,2555,3066,0.0028898395,4492
38,4,2299,3321,206.7630814033978,49.374354046502305,2044,3066,2555,3577,0.002922116,4492
39,4,2299,3832,206.78411393352837,49.367373437205195,2044,3577,2555,4088,0.002804285,4492
40,4,2810,255,206.64794851946564,49.42993656111924,2555,0,3066,511,0.0027775543,4492
41,4,2810,766,206.66902121738215,49.422976851794196,2555,511,3066,1022,0.0030049672,4492
42,4,2810,1277,206.69008794425886,49.41601331202445,2555,1022,3066,1533,0.002982275,4492
43,4,2810,1788,206.71114869693963,49.409045944836656,2555,1533,3066,2044,0.0028260187,4492
44,4,2810,2299,206.73220347227658,49.40207475325947,2555,2044,3066,2555,0.0030049875,4492
45,4,2810,2810,206.75325226713005,49.39509974032344,2555,2555,3066,3066,0.0027709978,4492
46,4,2810,3321,206.77429507836862,49.38812090906106,2555,3066,3066,3577,0.00273503,4492
47,4,2810,3832,206.7953319028692,49.38113826250677,2555,3577,3066,4088,0.0028192713,4492
48,4,3321,255,206.6591425878294,49.44371453789692,3066,0,3577,511,0.0027916124,4492
49,4,3321,766,206.6802196155947,49.43675279799504,3066,511,3577,1022,0.0027313046,4492
50,4,3321,1277,206.70129066638742,49.42978722637891,3066,1022,3577,1533,0.0025518786,4492
51,4,3321,1788,206.72235573705245,49.42281782607737,3066,1533,3577,2044,0.0029427046,4492
52,4,3321,2299,206.74341482444297,49.41584460012129,3066,2044,3577,2555,0.0028260208,4492
53,4,3321,2810,206.7644679254203,49.40886755154338,3066,2555,3577,3066,0.0028839624,4492
54,4,3321,3321,206.78551503685412,49.40188668337835,3066,3066,3577,3577,0.0027156388,4492
55,4,3321,3832,206.80655615562233,49.39490199866282,3066,3577,3577,4088,0.0026144546,4492
56,4,3832,255,206.67034294464102,49.45749142870437,3577,0,4088,511,1121.5116,1
57,4,3832,766,206.69142430218432,49.45052765731642,3577,511,4088,1022,0.0026612522,4492
58,4,3832,1277,206.71249967681646,49.44356005294546,3577,1022,4088,1533,0.0029523317,4492
59,4,3832,1788,206.73356906538342,49.43658861862261,3577,1533,4088,2044,0.0026251427,4492
60,4,3832,2299,206.7546324647393,49.42961335738084,3577,2044,4088,2555,0.0025952633,4492
61,4,3832,2810,206.77568987174655,49.4226342722551,3577,2555,4088,3066,0.0027003547,4492
62,4,3832,3321,206.7967412832759,49.415651366282304,3577,3066,4088,3577,0.0025704051,4492
63,4,3832,3832,206.81778669620624,49.408664642501186,3577,3577,4088,4088,0.0026363435,4492
0,5,255,255,206.39344506592593,49.427709489215815,0,0,511,511,0.0030562915,4492
1,5,255,766,206.41413224845263,49.420961198705626,0,511,511,1022,0.0028931939,4492
2,5,255,1277,206.4348137478494,49.4142092165372,0,1022,511,1533,0.00297457,4492
3,5,255,1788,206.45548956107075,49.407453545534054,0,1533,511,2044,0.0029320924,4492
4,5,255,2299,206.47615968507876,49.40069418852159,0,2044,511,2555,0.0030022108,4492
5,5,255,2810,206.49682411684316,49.39393114832704,0,2555,511,3066,0.0029563792,4492
6,5,255,3321,206.5174828533412,49.38716442777938,0,3066,511,3577,0.0030075111,4492
7,5,255,3832,206.5381358915578,49.380394029709414,0,3577,511,4088,0.002854254,4492
8,5,766,255,206.40457015893378,49.44138858084702,511,0,1022,511,0.0028953122,4492
9,5,766,766,206.42526158638293,49.43463830670995,511,511,1022,1022,0.002960317,4492
10,5,766,1277,206.44594732504817,49.427884339695815,511,1022,1022,1533,0.0029935737,4492
11,5,766,1788,206.46662737188493,49.421126682630266,511,1533,1022,2044,0.0029616894,4492
12,5,766,2299,206.48730172385618,49.414365338340744,511,2044,1022,2555,0.0031102097,4492
13,5,766,2810,206.5079703779325,49.407600309656495,511,2555,1022,3066,0.0029186448,4492
14,5,766,3321,206.52863333109207,49.40083159940858,511,3066,1022,3577,0.0030179694,4492
15,5,766,3832,206.5492905803207,49.39405921042989,511,3577,1022,4088,0.0031974956,4492
16,5,1277,255,206.41570146444306,49.455066609895844,1022,0,1533,511,0.0030382592,4492
17,5,1277,766,206.43639713676845,49.44831435123492,1022,511,1533,1022,0.0028930518,4492
18,5,1277,1277,206.45708711465053,49.44155839847896,1022,1022,1533,1533,0.0031013563,4492
19,5,1277,1788,206.47777139504555,49.434798754455606,1022,1533,1533,2044,0.0028641545,4492
20,5,1277,2299,206.49844997491735,49.428035421994394,1022,2044,1533,2555,0.0029319718,4492
21,5,1277,2810,206.51912285123743,49.42126840392658,1022,2555,1533,3066,0.002980808,4492
22,5,1277,3321,206.53979002098484,49.41449770308535,1022,3066,1533,3577,0.0029677642,4492
23,5,1277,3832,206.5604514811463,49.40772332230562,1022,3577,1533,4088,0.0029121782,4492
24,5,1788,255,206.42683898681804,49.468743573253455,1533,0,2044,511,0.0030321518,4492
25,5,1788,766,206.44753890397055,49.46198932917152,1533,511,2044,1022,0.0031799024,4492
26,5,1788,1277,206.46823312101478,49.45523138977731,1533,1022,2044,1533,0.0030565464,4492
27,5,1788,1788,206.48892163490783,49.4484697579005,1533,1533,2044,2044,0.003011244,4492
28,5,1788,2299,206.50960444261446,49.4417044363727,1533,2044,2044,2555,0.003112965,4492
29,5,1788,2810,206.530281541107,49.43493542802725,1533,2555,2044,3066,0.0029434082,4492
30,5,1788,3321,206.55095292736553,49.42816273569933,1533,3066,2044,3577,0.0030281614,4492
31,5,1788,3832,206.5716185983776,49.42138636222597,1533,3577,2044,4088,0.002955831,4492
32,5,2299,255,206.43798273042594,49.48241946781034,2044,0,2555,511,0.0027505853,4492
33,5,2299,766,206.4586868923534,49.47566323740992,2044,511,2555,1022,0.0029651613,4492
34,5,2299,1277,206.47938534850206,49.468903310480755,2044,1022,2555,1533,0.0030009863,4492
35,5,2299,1788,206.50007809582988,49.46213968985459,2044,1533,2555,2044,0.0029632703,4492
36,5,2299,2299,206.52076513130257,49.455372378365034,2044,2044,2555,2555,0.0030120483,4492
37,5,2299,2810,206.54144645189336,49.448601378847556,2044,2555,2555,3066,0.0029225186,4492
38,5,2299,3321,206.56212205458317,49.44182669413936,2044,3066,2555,3577,0.002904417,4492
39,5,2299,3832,206.58279193636054,49.435048327079535,2044,3577,2555,4088,0.002881463,4492
40,5,2810,255,206.44913269963712,49.49609429045611,2555,0,3066,511,0.0028324442,4492
41,5,2810,766,206.46984110628426,49.48933607283951,2555,511,3066,1022,0.0027234855,4492
42,5,2810,1277,206.49054380147655,49.48257415747841,2555,1022,3066,1533,0.0028609908,4492
43,5,2810,1788,206.51124078217288,49.47580854720667,2555,1533,3066,2044,0.0028631405,4492
44,5,2810,2299,206.5319320453398,49.469039244859985,2555,2044,3066,2555,0.0028568304,4492
45,5,2810,2810,206.55261758795146,49.462266253275835,2555,2555,3066,3066,0.0030202747,4492
46,5,2810,3321,206.57329740698972,49.455489575293505,2555,3066,3066,3577,0.0027909018,4492
47,5,2810,3832,206.59397149944405,49.448709213754135,2555,3577,3066,4088,0.0027483327,4492
48,5,3321,255,206.46028889882476,49.50976803807966,3066,0,3577,511,0.0028186624,4492
49,5,3321,766,206.48100155013336,49.50300783234886,3066,511,3577,1022,0.0026983025,4492
50,5,3321,1277,206.50170848430548,49.496243927658625,3066,1022,3577,1533,0.0027771697,4492
51,5,3321,1788,206.52240969830095,49.489476326844894,3066,1533,3577,2044,0.0027677969,4492
52,5,3321,2299,206.54310518908719,49.48270503274537,3066,2044,3577,2555,0.0028713471,4492
53,5,3321,2810,206.56379495363933,49.475930048199636,3066,2555,3577,3066,0.0028509044,4492
54,5,3321,3321,206.5844789889401,49.46915137604906,3066,3066,3577,3577,0.0027707499,4492
55,5,3321,3832,206.60515729197996,49.46236901913682,3066,3577,3577,4088,0.0028567312,4492
56,5,3832,255,206.47145133236515,49.523440707569115,3577,0,4088,511,0.0028862194,4492
57,5,3832,766,206.49216822827387,49.51667851282582,3577,511,4088,1022,0.0029011285,4492
58,5,3832,1277,206.51287940135893,49.50991261790899,3577,1022,4088,1533,0.0026373793,4492
59,5,3832,1788,206.53358484858114,49.503143025656534,3577,1533,4088,2044,0.0026982666,4492
60,5,3832,2299,206.55428456690876,49.496369738908236,3577,2044,4088,2555,0.002754979,4492
61,5,3832,2810,206.5749785533179,49.48959276050577,3577,2555,4088,3066,0.0026603844,4492
62,5,3832,3321,206.59566680479222,49.482812093292566,3577,3066,4088,3577,0.0029498655,4492
63,5,3832,3832,206.61634931832307,49.47602774011384,3577,3577,4088,4088,0.0027228966,4492
0,6,255,255,206.21668108888278,49.48642105314184,0,0,511,511,0.0026218707,4492
1,6,255,766,206.2369747084354,49.479917120490065,0,511,511,1022,0.003113788,4492
2,6,255,1277,206.25726294358907,49.473409636504975,0,1022,511,1533,0.002789404,4492
3,6,255,1788,206.27754579140074,49.46689860379934,0,1533,511,2044,0.0028889806,4492
4,6,255,2299,206.29782324893444,49.46038402498761,0,2044,511,2555,0.003068145,4492
5,6,255,2810,206.31809531326104,49.453865902686,0,2555,511,3066,0.0028395497,4492
6,6,255,3321,206.33836198145846,49.44734423951232,0,3066,511,3577,0.0029673479,4492
7,6,255,3832,206.35862325061154,49.440819038086204,0,3577,511,4088,0.0030155366,4492
8,6,766,255,206.22769999791342,49.50000203789606,511,0,1022,511,0.0027430546,4492
9,6,766,766,206.2479977899666,49.49349617852315,511,511,1022,1022,0.0030088685,4492
10,6,766,1277,206.26829019225295,49.48698676664715,511,1022,1022,1533,0.0027743797,4492
11,6,766,1788,206.28857720183018,49.48047380488269,511,1533,1022,2044,0.0029454231,4492
12,6,766,2299,206.308858815763,49.47395729584623,511,2044,1022,2555,0.0029603094,4492
13,6,766,2810,206.32913503112303,49.4674372421558,511,2555,1022,3066,0.0026309078,4492
14,6,766,3321,206.3494058449889,49.46091364643125,511,3066,1022,3577,0.002810064,4492
15,6,766,3832,206.3696712544462,49.45438651129403,511,3577,1022,4088,0.0029102636,4492
16,6,1277,255,206.23872502865996,49.51358198060594,1022,0,1533,511,0.0028040549,4492
17,6,1277,766,206.2590269932153,49.507074193630565,1022,511,1533,1022,0.0029255594,4492
18,6,1277,1277,206.27932356263068,49.500562852983,1022,1022,1533,1533,0.0029007138,4492
19,6,1277,1788,206.29961473396457,49.49404796127985,1022,1533,1533,2044,0.00296327,4492
20,6,1277,2299,206.3199005042824,49.487529521139436,1022,2044,1533,2555,0.0028079909,4492
21,6,1277,2810,206.3401808706565,49.481007535181746,1022,2555,1533,3066,0.0029108052,4492
22,6,1277,3321,206.36045583016622,49.474482006028516,1022,3066,1533,3577,0.0027872035,4492
23,6,1277,3832,206.38072537989785,49.46795293630317,1022,3577,1533,4088,0.0030210293,4492
24,6,1788,255,206.2497561854082,49.52716087823631,1533,0,2044,511,0.002732736,4492
25,6,1788,766,206.27006232246438,49.52065116277686,1533,511,2044,1022,0.002712838,4492
26,6,1788,1277,206.29036305900235,49.51413789247687,1533,1022,2044,1533,0.0027795334,4492
27,6,1788,1788,206.31065839208117,49.50762106995485,1533,1533,2044,2044,0.0027728905,4492
28,6,1788,2299,206.33094831876699,49.50110069783104,1533,2044,2044,2555,0.0026209997,4492
29,6,1788,2810,206.3512328361329,49.494576778727364,1533,2555,2044,3066,0.0029528202,4492
30,6,1788,3321,206.37151194125897,49.48804931526745,1533,3066,2044,3577,0.0028554345,4492
31,6,1788,3832,206.3917856312323,49.481518310076645,1533,3577,2044,4088,0.002920513,4492
32,6,2299,255,206.26079347244684,49.540738727751275,2044,0,2555,511,0.002574435,4492
33,6,2299,766,206.28110378199986,49.534227082925916,2044,511,2555,1022,0.002886661,4492
34,6,2299,1277,206.30140868565098,49.52771188209236,2044,1022,2555,1533,0.0028039308,4492
35,6,2299,1788,206.32170818046012,49.52119312787101,2044,1533,2555,2044,0.0028534736,4492
36,6,2299,2299,206.34200226349407,49.51467082288411,2044,2044,2555,2555,0.0028201293,4492
37,6,2299,2810,206.36229093182666,49.50814496975543,2044,2555,2555,3066,0.0026881194,4492
38,6,2299,3321,206.38257418253872,49.50161557111056,2044,3066,2555,3577,0.0030303542,4492
39,6,2299,3832,206.40285201271809,49.49508262957678,2044,3577,2555,4088,0.0028990414,4492
40,6,2810,255,206.27183689406763,49.5543155261142,2555,0,3066,511,0.0027030136,4492
41,6,2810,766,206.29215137611047,49.54780195104079,2555,511,3066,1022,0.002532078,4492
42,6,2810,1277,206.31246044686256,49.541284818792235,2555,1022,3066,1533,0.0026842286,4492
43,6,2810,1788,206.33276410338448,49.53476413199092,2555,1533,3066,2044,0.0027720989,4492
44,6,2810,2299,206.35306234274378,49.52823989326092,2555,2044,3066,2555,0.0026459864,4492
45,6,2810,2810,206.37335516201506,49.521712105227984,2555,2555,3066,3066,0.0027084453,4492
46,6,2810,3321,206.39364255827988,49.51518077051965,2555,3066,3066,3577,0.0029453563,4492
47,6,2810,3832,206.41392452862678,49.50864589176503,2555,3577,3066,4088,0.002971516,4492
48,6,3321,255,206.28288645456522,49.567891270287696,3066,0,3577,511,0.0023926017,4492
49,6,3321,766,206.30320510908805,49.561375764083806,3066,511,3577,1022,0.0026217145,4492
50,6,3321,1277,206.32351834692597,49.554856699538625,3066,1022,3577,1533,0.0025234246,4492
51,6,3321,1788,206.34382616514029,49.54833407927636,3066,1533,3577,2044,0.0026671812,4492
52,6,3321,2299,206.36412856079932,49.54180790592304,3066,2044,3577,2555,0.0027065417,4492
53,6,3321,2810,206.38442553097835,49.53527818210634,3066,2555,3577,3066,0.0028448077,4492
54,6,3321,3321,206.40471707275975,49.52874491045569,3066,3066,3577,3577,0.002783985,4492
55,6,3321,3832,206.42500318323283,49.52220809360222,3066,3577,3577,4088,0.0028524448,4492
56,6,3832,255,206.29394215823723,49.58146595723356,3577,0,4088,511,0.0025061353,4492
57,6,3832,766,206.31426498522728,49.57494851901661,3577,511,4088,1022,0.002374069,4492
58,6,3832,1277,206.33458239013302,49.56842752129279,3577,1022,4088,1533,0.0025606507,4492
59,6,3832,1788,206.35489437001647,49.56190296668835,3577,1533,4088,2044,0.002431224,4492
60,6,3832,2299,206.37520092194666,49.55537485783121,3577,2044,4088,2555,0.0024308825,4492
61,6,3832,2810,206.39550204299968,49.54884319735098,3577,2555,4088,3066,0.0027946744,4492
62,6,3832,3321,206.4157977302586,49.54230798787901,3577,3066,4088,3577,0.0027984146,4492
63,6,3832,3832,206.4360879808135,49.53576923204834,3577,3577,4088,4088,0.0026284393,4492
0,7,255,255,206.7762755749615,49.451518457585586,0,0,511,511,0.002510871,4492
1,7,255,766,206.79745324334775,49.44454893341768,0,511,511,1022,0.0025229568,4492
2,7,255,1277,206.81862489826128,49.43757554089991,0,1022,511,1533,0.0025671376,4492
3,7,255,1788,206.83979053648395,49.430598283091825,0,1533,511,2044,0.0024522468,4492
4,7,255,2299,206.86095015480592,49.42361716305498,0,2044,511,2555,0.0023690064,4492
5,7,255,2810,206.88210375002583,49.41663218385291,0,2555,511,3066,0.0024193267,4492
6,7,255,3321,206.90325131895062,49.40964334855114,0,3066,511,3577,0.0025648165,4492
7,7,255,3832,206.92439285839572,49.40265066021711,0,3577,511,4088,0.0023838293,4492
8,7,766,255,206.78750389710038,49.46514867331568,511,0,1022,511,0.0024909568,4492
9,7,766,766,206.80868586504513,49.45817709995643,511,511,1022,1022,0.0025676547,4492
10,7,766,1277,206.8298618135536,49.45120165698912,511,1022,1022,1533,0.0024230795,4492
11,7,766,1788,206.85103173940863,49.44422234747557,511,1533,1022,2044,0.002375162,4492
12,7,766,2299,206.87219563940144,49.437239174479544,511,2044,1022,2555,0.0024113916,4492
13,7,766,2810,206.8933535103317,49.43025214106678,511,2555,1022,3066,0.0022571746,4492
14,7,766,3321,206.91450534900753,49.42326125030502,511,3066,1022,3577,0.0023540491,4492
15,7,766,3832,206.93565115224533,49.41626650526394,511,3577,1022,4088,0.0024045627,4492
16,7,1277,255,206.798738472235,49.478777806686104,1022,0,1533,511,1532.62,1
17,7,1277,766,206.81992473961478,49.47180418321464,1022,511,1533,1022,0.0023450314,4492
18,7,1277,1277,206.8411049815889,49.46482668887781,1022,1022,1533,1533,0.0023791962,4492
19,7,1277,1788,206.86227919494118,49.45784532673961,1022,1533,1533,2044,0.0024179728,4492
20,7,1277,2299,206.883447376464,49.450860099866034,1022,2044,1533,2555,0.0022769845,4492
21,7,1277,2810,206.9046095229581,49.44387101132508,1022,2555,1533,3066,0.0022633045,4492
22,7,1277,3321,206.92576563123257,49.43687806418667,1022,3066,1533,3577,0.0022419384,4492
23,7,1277,3832,206.94691569810502,49.429881261522674,1022,3577,1533,4088,0.0022243764,4492
24,7,1788,255,206.80997930472557,49.49240585458144,1533,0,2044,511,0.0023820128,4492
25,7,1788,766,206.8311698714137,49.48543018007668,1533,511,2044,1022,0.002364419,4492
26,7,1788,1277,206.85235440672096,49.47845063345006,1533,1022,2044,1533,0.0023218133,4492
27,7,1788,1788,206.87353290743226,49.471467217767795,1533,1533,2044,2044,0.0022838123,4492
28,7,1788,2299,206.8947053703411,49.464479936098094,1533,2044,2044,2555,0.0022713565,4492
29,7,1788,2810,206.91587179224916,49.45748879151116,1533,2555,2044,3066,0.0023523509,4492
30,7,1788,3321,206.9370321699668,49.45049378707914,1533,3066,2044,3577,0.0023127098,4492
31,7,1788,3832,206.9581865003126,49.44349492587617,1533,3577,2044,4088,0.0021973574,4492
32,7,2299,255,206.8212263989354,49.50603281388554,2044,0,2555,511,0.0022917148,4492
33,7,2299,766,206.8424212648019,49.49905508742614,2044,511,2555,1022,0.0023732733,4492
34,7,2299,1277,206.8636100933066,49.4920734875892,2044,1022,2555,1533,0.002277281,4492
35,7,2299,1788,206.88479288123546,49.48508801744317,2044,1533,2555,2044,0.002290488,4492
36,7,2299,2299,206.905969625383,49.478098680058494,2044,2044,2555,2555,0.0022622377,4492
37,7,2299,2810,206.92714032255205,49.47110547850756,2044,2555,2555,3066,0.002341737,4492
38,7,2299,3321,206.94830496955402,49.46410841586477,2044,3066,2555,3577,0.002210953,4492
39,7,2299,3832,206.9694635632086,49.457107495206486,2044,3577,2555,4088,0.0022323488,4492
40,7,2810,255,206.83247975923052,49.51965868148146,2555,0,3066,511,0.002281324,4492
41,7,2810,766,206.85367892414232,49.512678902145794,2555,511,3066,1022,0.0023324478,4492
42,7,2810,1277,206.87487204570547,49.50569524817777,2555,1022,3066,1533,0.0022117165,4492
43,7,2810,1788,206.89605912070715,49.49870772264805,2555,1533,3066,2044,0.002275122,4492
44,7,2810,2299,206.9172401459429,49.49171632862928,2555,2044,3066,2555,0.002263908,4492
45,7,2810,2810,206.93841511821668,49.48472106919607,2555,2555,3066,3066,0.0022395977,4492
46,7,2810,3321,206.95958403434096,49.477721947425096,2555,3066,3066,3577,0.002193816,4492
47,7,2810,3832,206.98074689113662,49.470718966394884,2555,3577,3066,4088,0.002207311,4492
48,7,3321,255,206.84373938998,49.53328345425147,3066,0,3577,511,0.0022254076,4492
49,7,3321,766,206.86494285380064,49.526301621117696,3066,511,3577,1022,0.002202391,4492
50,7,3321,1277,206.88614026828017,49.519315912097525,3066,1022,3577,1533,0.00225426,4492
51,7,3321,1788,206.90733163020673,49.51232633026388,3066,1533,3577,2044,0.0021782985,4492
52,7,3321,2299,206.92851693637698,49.50533287869164,3066,2044,3577,2555,0.0021692796,4492
53,7,3321,2810,206.94969618359602,49.4983355604577,3066,2555,3577,3066,0.0021604851,4492
54,7,3321,3321,206.97086936867737,49.49133437864083,3066,3066,3577,3577,0.0021038002,4492
55,7,3321,3832,206.992036488443,49.484329336321856,3066,3577,3577,4088,0.002139644,4492
56,7,3832,255,206.85500529555574,49.54690712907706,3577,0,4088,511,0.0022094243,4492
57,7,3832,766,206.8762130581457,49.539923241223036,3577,511,4088,1022,0.0022534083,4492
58,7,3832,1277,206.8974147653962,49.53293547622944,3577,1022,4088,1533,0.0021479717,4492
59,7,3832,1788,206.9186104140965,49.52594383717144,3577,1533,4088,2044,0.0022611902,4492
60,7,3832,2299,206.93980000104426,49.51894832712613,3577,2044,4088,2555,0.0021443514,4492
61,7,3832,2810,206.9609835230458,49.51194894917263,3577,2555,4088,3066,6747.677,1
62,7,3832,3321,206.9821609769157,49.50494570639196,3577,3066,4088,3577,0.0021584088,4492
63,7,3832,3832,207.00333235947713,49.49793860186716,3577,3577,4088,4088,0.0020939715,4492
0,8,255,255,206.5767760435691,49.51869937280598,0,0,511,511,0.0026105093,4492
1,8,255,766,206.59770547518787,49.51198696026402,0,511,511,1022,0.002532788,4492
2,8,255,1277,206.61862916945063,49.50527077098319,0,1022,511,1533,0.0025535596,4492
3,8,255,1788,206.63954712313773,49.49855080783176,0,1533,511,2044,0.0025247768,4492
4,8,255,2299,206.66045933303732,49.49182707367998,0,2044,511,2555,0.00263162,4492
5,8,255,2810,206.68136579594548,49.485099571399886,0,2555,511,3066,0.0024473642,4492
6,8,255,3321,206.70226650866618,49.47836830386557,0,3066,511,3577,0.0023766567,4492
7,8,255,3832,206.72316146801117,49.47163327395301,0,3577,511,4088,0.0024791732,4492
8,8,766,255,206.58794401204875,49.53224948734984,511,0,1022,511,0.0023124262,4492
9,8,766,766,206.60887771715977,49.52553506125944,511,511,1022,1022,0.002373689,4492
10,8,766,1277,206.62980567917066,49.5188168572038,511,1022,1022,1533,0.0024878874,4492
11,8,766,1788,206.65072789486243,49.512094878053226,511,1533,1022,2044,0.0025363944,4492
12,8,766,2299,206.67164436102422,49.50536912668014,511,2044,1022,2555,0.0025587042,4492
13,8,766,2810,206.69255507445288,49.4986396059587,511,2555,1022,3066,0.0024535742,4492
14,8,766,3321,206.71346003195322,49.49190631876509,511,3066,1022,3577,0.0024627908,4492
15,8,766,3832,206.7343592303379,49.48516926797744,511,3577,1022,4088,0.0024186755,4492
16,8,1277,255,206.5991181780533,49.545798531563996,1022,0,1533,511,0.0025116708,4492
17,8,1277,766,206.62005615658492,49.53908209099881,1022,511,1533,1022,0.0024572504,4492
18,8,1277,1277,206.6409883862666,49.53236187124273,1022,1022,1533,1533,0.0024813164,4492
19,8,1277,1788,206.66191486388024,49.52563787516825,1022,1533,1533,2044,0.002375573,4492
20,8,1277,2299,206.6828355862157,49.51891010564982,1022,2044,1533,2555,0.0024040216,4492
21,8,1277,2810,206.70375055007082,49.51217856556381,1022,2555,1533,3066,0.0023380155,4492
22,8,1277,3321,206.7246597522512,49.5054432577885,1022,3066,1533,3577,0.0023783639,4492
23,8,1277,3832,206.74556318957042,49.49870418520407,1022,3577,1533,4088,0.0023848643,4492
24,8,1788,255,206.61029854589225,49.559346502386134,1533,0,2044,511,0.0022801594,4492
25,8,1788,766,206.63124079776975,49.55262804641951,1533,511,2044,1022,0.0025493756,4492
26,8,1788,1277,206.65217729504187,49.545905810037134,1533,1022,2044,1533,0.00224791,4492
27,8,1788,1788,206.6731080344914,49.53917979611367,1533,1533,2044,2044,0.0024706968,4492
28,8,1788,2299,206.69403301290907,49.53245000752567,1533,2044,2044,2555,0.002380186,4492
29,8,1788,2810,206.71495222709348,49.525716447151595,1533,2555,2044,3066,0.002305083,4492
30,8,1788,3321,206.7358656738512,49.51897911787186,1533,3066,2044,3577,0.002280924,4492
31,8,1788,3832,206.75677334999665,49.5122380225688,1533,3577,2044,4088,0.002311348,4492
32,8,2299,255,206.62148511987814,49.57289339675311,2044,0,2555,511,0.0023480242,4492
33,8,2299,766,206.6424316450237,49.56617292445815,2044,511,2555,1022,0.0023065659,4492
34,8,2299,1277,206.66337240980283,49.5594486705234,2044,1022,2555,1533,0.0021918768,4492
35,8,2299,1788,206.68430741099922,49.552720637825615,2044,1533,2555,2044,0.0023151767,4492
36,8,2299,2299,206.7052366454044,49.54598882924349,2044,2044,2555,2555,0.0022475943,4492
37,8,2299,2810,206.72616010981793,49.53925324765762,2044,2555,2555,3066,0.0022795752,4492
38,8,2299,3321,206.74707780104717,49.532513895950544,2044,3066,2555,3577,0.0022570002,4492
39,8,2299,3832,206.76798971590748,49.525770777006706,2044,3577,2555,4088,0.0022456662,4492
40,8,2810,255,206.63267790432627,49.58643921160108,2555,0,3066,511,0.0022018543,4492
41,8,2810,766,206.65362870265898,49.579716722050605,2555,511,3066,1022,0.0022808227,4492
42,8,2810,1277,206.6745737348586,49.5729904496371,2555,1022,3066,1533,0.0021920889,4492
43,8,2810,1788,206.69551299770973,49.566260397239446,2555,1533,3066,2044,0.0022736127,4492
44,8,2810,2299,206.71644648800472,49.55952656773841,2555,2044,3066,2555,0.002233421,4492
45,8,2810,2810,206.73737420254398,49.552788964016756,2555,2555,3066,3066,0.0022438648,4492
46,8,2810,3321,206.75829613813585,49.54604758895912,2555,3066,3066,3577,0.0022746387,4492
47,8,2810,3832,206.7792122915965,49.539302445452115,2555,3577,3066,4088,0.0021557487,4492
48,8,3321,255,206.64387690355494,49.59998394386534,3066,0,3577,511,0.002152634,4492
49,8,3321,766,206.66483197499076,49.59325943613197,3066,511,3577,1022,0.0022649937,4492
50,8,3321,1277,206.6857812745213,49.58653114431307,3066,1022,3577,1533,0.0021411306,4492
51,8,3321,1788,206.7067247989319,49.579799071289685,3066,1533,3577,2044,0.002205405,4492
52,8,3321,2299,206.72766254501587,49.57306321994472,3066,2044,3577,2555,0.0021465297,4492
53,8,3321,2810,206.74859450957447,49.566323593163034,3066,2555,3577,3066,0.0021763844,4492
54,8,3321,3321,206.76952068941694,49.55958019383142,3066,3066,3577,3577,0.0022499282,4492
55,8,3321,3832,206.79044108136034,49.55283302483857,3066,3577,3577,4088,0.0021976575,4492
56,8,3832,255,206.65508212188521,49.613527590480516,3577,0,4088,511,0.0021018898,4492
57,8,3832,766,206.6760414663371,49.606801063636546,3577,511,4088,1022,0.002177753,4492
58,8,3832,1277,206.69699503310582,49.60007075148537,3577,1022,4088,1533,0.0021305913,4492
59,8,3832,1788,206.71794281897758,49.593336656910154,3577,1533,4088,2044,0.0021838779,4492
60,8,3832,2299,206.73888482074662,49.586598782795946,3577,2044,4088,2555,0.0021949261,4492
61,8,3832,2810,206.759821035215,49.57985713202975,3577,2555,4088,3066,0.0022370743,4492
62,8,3832,3321,206.78075145919289,49.573111707500445,3577,3066,4088,3577,0.0021958505,4492
63,8,3832,3832,206.8016760894983,49.56636251209888,3577,3577,4088,4088,0.0021833375,4492
0,9,255,255,206.40144215572948,49.57844415905494,0,0,511,511,0.002464852,4492
1,9,255,766,206.42201730927587,49.571952639794524,0,511,511,1022,0.002564768,4492
2,9,255,1277,206.44258699660486,49.565457471831905,0,1022,511,1533,0.002321167,4492
3,9,255,1788,206.4631512145944,49.558958657842346,0,1533,511,2044,0.0027108542,4492
4,9,255,2299,206.48370996012946,49.55245620050285,0,2044,511,2555,0.0025243354,4492
5,9,255,2810,206.5042632301025,49.54595010249233,0,2555,511,3066,0.002684332,4492
6,9,255,3321,206.5248110214132,49.5394403664914,0,3066,511,3577,0.002551473,4492
7,9,255,3832,206.54535333096854,49.53292699518258,0,3577,511,4088,0.0026648424,4492
8,9,766,255,206.4125952757959,49.59188118376324,511,0,1022,511,0.002364782,4492
9,9,766,766,206.4331746181516,49.58538768830341,511,511,1022,1022,0.0023922124,4492
10,9,766,1277,206.45374848879302,49.57889054296905,511,1022,1022,1533,0.002410433,4492
11,9,766,1788,206.47431688459858,49.572389750437324,511,1533,1022,2044,0.0025887731,4492
12,9,766,2299,206.49487980245416,49.5658853133873,511,2044,1022,2555,0.0024550857,4492
13,9,766,2810,206.51543723925283,49.55937723449985,511,2555,1022,3066,0.002604832,4492
14,9,766,3321,206.53598919189506,49.552865516457636,511,3066,1022,3577,0.0024583247,4492
15,9,766,3832,206.5565356572885,49.54635016194515,511,3577,1022,4088,0.0024823307,4492
16,9,1277,255,206.42375454644238,49.605317141299935,1022,0,1533,511,0.0024500985,4492
17,9,1277,766,206.44433807753794,49.598821668719594,1022,511,1533,1022,0.0024332586,4492
18,9,1277,1277,206.46491613141677,49.59232254509306,1022,1022,1533,1533,0.002331175,4492
19,9,1277,1788,206.48548870495813,49.58581977309956,1022,1533,1533,2044,0.0024795702,4492
20,9,1277,2299,206.50605579504858,49.57931335542016,1022,2044,1533,2555,0.0023956923,4492
21,9,1277,2810,206.52661739858192,49.57280329473767,1022,2555,1533,3066,0.0024714374,4492
22,9,1277,3321,206.54717351245932,49.56628959373682,1022,3066,1533,3577,0.0024774948,4492
23,9,1277,3832,206.5677241335893,49.55977225510404,1022,3577,1533,4088,0.0023818284,4492
24,9,1788,255,206.4349199719108,49.61875202865729,1533,0,2044,511,0.0022175654,4492
25,9,1788,766,206.4555076916736,49.61225457803504,1533,511,2044,1022,0.0023169015,4492
26,9,1788,1277,206.47608992871196,49.60575347519575,1533,1022,2044,1533,0.0024355252,4492
27,9,1788,1788,206.49666667990587,49.599248722820604,1533,1533,2044,2044,0.0022915131,4492
28,9,1788,2299,206.51723794214257,49.59274032359267,1533,2044,2044,2555,0.0024556299,4492
29,9,1788,2810,206.53780371231665,49.5862282801968,1533,2555,2044,3066,0.0023772926,4492
30,9,1788,3321,206.55836398733,49.579712595319684,1533,3066,2044,3577,0.0024205071,4492
31,9,1788,3832,206.57891876409187,49.5731932716498,1533,3577,2044,4088,0.0022873112,4492
32,9,2299,255,206.44609155644585,49.63218584282682,2044,0,2555,511,0.0021739423,4492
33,9,2299,766,206.46668346480033,49.62568641324104,2044,511,2555,1022,0.0022104993,4492
34,9,2299,1277,206.48726988491734,49.61918333026809,2044,1022,2555,1533,0.002200345,4492
35,9,2299,1788,206.50785081367752,49.61267659659118,2044,1533,2555,2044,0.0023716006,4492
36,9,2299,2299,206.52842624796887,49.60616621489537,2044,2044,2555,2555,0.0023641651,4492
37,9,2299,2810,206.5489961846867,49.59965218786751,2044,2555,2555,3066,0.002341015,4492
38,9,2299,3321,206.5695606207337,49.593134518196294,2044,3066,2555,3577,0.0023797927,4492
39,9,2299,3832,206.5901195530198,49.58661320857221,2044,3577,2555,4088,0.002409506,4492
40,9,2810,255,206.45726930429495,49.645618580799315,2555,0,3066,511,0.002186671,4492
41,9,2810,766,206.4778654011626,49.63911717132811,2555,511,3066,1022,0.002174408,4492
42,9,2810,1277,206.49845600427432,49.6326121073004,2555,1022,3066,1533,0.0021920998,4492
43,9,2810,1788,206.51904111051152,49.62610339140133,2555,1533,3066,2044,0.002223198,4492
44,9,2810,2299,206.5396207167629,49.619591026318034,2555,2044,3066,2555,0.0023190598,4492
45,9,2810,2810,206.56019481992453,49.61307501473933,2555,2555,3066,3066,0.0021637613,4492
46,9,2810,3321,206.58076341689983,49.60655535935592,2555,3066,3066,3577,0.0022642885,4492
47,9,2810,3832,206.60132650459954,49.600032062860315,2555,3577,3066,4088,0.0023461734,4492
48,9,3321,255,206.46845321970838,49.65905023956476,3066,0,3577,511,0.0021091574,4492
49,9,3321,766,206.48905350500766,49.65254684928603,3066,511,3577,1022,0.002214981,4492
50,9,3321,1277,206.50964829102722,49.646039803282136,3066,1022,3577,1533,0.0021776971,4492
51,9,3321,1788,206.53023757464914,49.639529104240346,3066,1533,3577,2044,0.0021907352,4492
52,9,3321,2299,206.5508213527629,49.633014754849675,3066,2044,3577,2555,0.0021745416,4492
53,9,3321,2810,206.57139962226535,49.626496757801014,3066,2555,3577,3066,0.002296381,4492
54,9,3321,3321,206.59197238006064,49.6199751157871,3066,3066,3577,3577,0.0022035963,4492
55,9,3321,3832,206.6125396230603,49.61344983150239,3066,3577,3577,4088,0.002321395,4492
56,9,3832,255,206.4796433069392,49.67248081611247,3577,0,4088,511,0.0020738726,4492
57,9,3832,766,206.5002477805856,49.66597544410377,3577,511,4088,1022,0.0021531882,4492
58,9,3832,1277,206.52084674942304,49.659466415202075,3577,1022,4088,1533,0.0021447025,4492
59,9,3832,1788,206.54144021033443,49.65295373209665,3577,1533,4088,2044,0.0021687136,4492
60,9,3832,2299,206.56202816020993,49.646437397478515,3577,2044,4088,2555,0.002105783,4492
61,9,3832,2810,206.58261059594722,49.639917414040625,3577,2555,4088,3066,0.0022291474,4492
62,9,3832,3321,206.6031875144511,49.633393784477605,3577,3066,4088,3577,0.0020946914,4492
63,9,3832,3832,206.623758912634,49.626866511485986,3577,3577,4088,4088,0.002176451,4492
0,10,255,255,206.36724457927036,49.13185445287681,0,0,511,511,0.002730057,4492
1,10,255,766,206.388097806726,49.12483202978673,0,511,511,1022,0.0026425943,4492
2,10,255,1277,206.4089451345425,49.11780584968534,0,1022,511,1533,0.0027596618,4492
3,10,255,1788,206.42978655970558,49.11077591557133,0,1533,511,2044,0.0027646727,4492
4,10,255,2299,206.45062207920884,49.10374223044529,0,2044,511,2555,0.0025885531,4492
5,10,255,2810,206.4714516900538,49.09670479730967,0,2555,511,3066,0.0027173385,4492
6,10,255,3321,206.49227538925,49.08966361916874,0,3066,511,3577,0.0026786632,4492
7,10,255,3832,206.5130931738149,49.08261869902865,0,3577,511,4088,0.0027660003,4492
8,10,766,255,206.3780553406717,49.14580799862748,511,0,1022,511,0.0027415485,4492
9,10,766,766,206.39891291329906,49.13878362949849,511,511,1022,1022,0.002572057,4492
10,10,766,1277,206.41976458053077,49.1317555020529,511,1022,1022,1533,0.0026314782,4492
11,10,766,1788,206.44061033935336,49.12472361929152,511,1533,1022,2044,0.0026366878,4492
12,10,766,2299,206.4614501867614,49.11768798421701,511,2044,1022,2555,0.0027669978,4492
13,10,766,2810,206.4822841197574,49.110648599833915,511,2555,1022,3066,0.0027689205,4492
14,10,766,3321,206.50311213535178,49.10360546914869,511,3066,1022,3577,0.00267603,4492
15,10,766,3832,206.523934230563,49.09655859516949,511,3577,1022,4088,3817.9453,1
16,10,1277,255,206.38887219617644,49.159760539722285,1022,0,1533,511,0.0027276243,4492
17,10,1277,766,206.40973411407475,49.15273422371829,1022,511,1533,1022,2283.6025,1
18,10,1277,1277,206.43059012081517,49.145704148093145,1022,1022,1533,1533,0.0027432481,4492
19,10,1277,1788,206.4514402133852,49.138670315849765,1022,1533,1533,2044,0.0026295928,4492
20,10,1277,2299,206.47228438878034,49.13163272999292,1022,2044,1533,2555,0.0027467534,4492
21,10,1277,2810,206.49312264400393,49.124591393529236,1022,2555,1533,3066,0.0026716422,4492
22,10,1277,3321,206.51395497606748,49.11754630946723,1022,3066,1533,3577,0.0027816375,4492
23,10,1277,3832,206.53478138199034,49.11049748081724,1022,3577,1533,4088,0.0028039482,4492
24,10,1788,255,206.39969515016722,49.173712073013654,1533,0,2044,511,0.0026107817,4492
25,10,1788,766,206.4205614134329,49.16668380929827,1533,511,2044,1022,0.0026684855,4492
26,10,1788,1277,206.4414217597728,49.159651784657925,1533,1022,2044,1533,0.002713507,4492
27,10,1788,1788,206.4622761861753,49.152616002097616,1533,1533,2044,2044,0.0026614303,4492
28,10,1788,2299,206.4831246896369,49.14557646462421,1533,2044,2044,2555,0.002733249,4492
29,10,1788,2810,206.5039672671619,49.138533175246494,1533,2555,2044,3066,0.0027173322,4492
30,10,1788,3321,206.52480391576276,49.13148613697502,1533,3066,2044,3577,0.0026729826,4492
31,10,1788,3832,206.54563463245975,49.12443535282225,1533,3577,2044,4088,0.002709587,4492
32,10,2299,255,206.41052420702994,49.187662595353274,2044,0,2555,511,0.0026608468,4492
33,10,2299,766,206.43139481575653,49.18063238308981,2044,511,2555,1022,0.0027781823,4492
34,10,2299,1277,206.45225950178377,49.17359840859829,2044,1022,2555,1533,0.0026746618,4492
35,10,2299,1788,206.473118262101,49.16656067488583,2044,1533,2555,2044,0.0028006886,4492
36,10,2299,2299,206.4939710937056,49.15951918496142,2044,2044,2555,2555,0.0029470504,4492
37,10,2299,2810,206.51481799360292,49.15247394183588,2044,2555,2555,3066,0.002586231,4492
38,10,2299,3321,206.53565895880632,49.14542494852193,2044,3066,2555,3577,0.002732241,4492
39,10,2299,3832,206.5564939863371,49.138372208034134,2044,3577,2555,4088,0.0027607926,4492
40,10,2810,255,206.42135937115367,49.20161210359203,2555,0,3066,511,0.0026675644,4492
41,10,2810,766,206.44223432543188,49.194579941943516,2555,511,3066,1022,0.0028478426,4492
42,10,2810,1277,206.46310335123147,49.18754401676457,2555,1022,3066,1533,0.0026572966,4492
43,10,2810,1788,206.48396644554276,49.180504331064434,2555,1533,3066,2044,0.002864203,4492
44,10,2810,2299,206.5048236053641,49.17346088785422,2555,2044,3066,2555,0.0028069336,4492
45,10,2810,2810,206.5256748277018,49.16641369014685,2555,2555,3066,3066,0.0028425765,4492
46,10,2810,3321,206.54652010957017,49.15936274095713,2555,3066,3066,3577,0.0028045736,4492
47,10,2810,3832,206.5673594479915,49.15230804330172,2555,3577,3066,4088,0.002783554,4492
48,10,3321,255,206.4322006469307,49.21556059458008,3066,0,3577,511,0.002712753,4492
49,10,3321,766,206.45307994684836,49.2085264827092,3066,511,3577,1022,0.0029178422,4492
50,10,3321,1277,206.4739533125025,49.201488606006315,3066,1022,3577,1533,0.0028371015,4492
51,10,3321,1788,206.49482074088436,49.19444696748269,3066,1533,3577,2044,0.0026914752,4492
52,10,3321,2299,206.51568222899328,49.18740157015159,3066,2044,3577,2555,0.0026523853,4492
53,10,3321,2810,206.5365377738365,49.18035241702805,3066,2555,3577,3066,0.0027159161,4492
54,10,3321,3321,206.55738737242933,49.173299511128974,3066,3066,3577,3577,0.0027225127,4492
55,10,3321,3832,206.57823102179503,49.166242855473115,3066,3577,3577,4088,0.0027405405,4492
56,10,3832,255,206.4430480387566,49.229508065166804,3577,0,4088,511,0.002872893,4492
57,10,3832,766,206.46393168439866,49.22247200223599,3577,511,4088,1022,0.0026680373,4492
58,10,3832,1277,206.48480938998662,49.215432173172246,3577,1022,4088,1533,0.0028010914,4492
59,10,3832,1788,206.5056811525127,49.20838858098908,3577,1533,4088,2044,0.0025670237,4492
60,10,3832,2299,206.5265469689771,49.201341228701715,3577,2044,4088,2555,0.0027370274,4492
61,10,3832,2810,206.54740683638812,49.19429011932736,3577,2555,4088,3066,0.0029032743,4492
62,10,3832,3321,206.56826075176207,49.18723525588504,3577,3066,4088,3577,0.0029217137,4492
63,10,3832,3832,206.5891087121232,49.18017664139561,3577,3577,4088,4088,0.0028686407,4492
0,11,255,255,206.17040460948334,49.197830438595936,0,0,511,511,0.0026092594,4492
1,11,255,766,206.1908464247063,49.19097677656012,0,511,511,1022,0.0026048073,4492
2,11,255,1277,206.21128258231187,49.18411950556345,0,1022,511,1533,0.0025991662,4492
3,11,255,1788,206.23171307945086,49.177258628416574,0,1533,511,2044,0.0026392166,4492
4,11,255,2299,206.2521379132815,49.17039414793188,0,2044,511,2555,0.0026898703,4492
5,11,255,2810,206.27255708096928,49.16352606692347,0,2555,511,3066,0.0028069892,4492
6,11,255,3321,206.29297057968705,49.15665438820711,0,3066,511,3577,0.0025201098,4492
7,11,255,3832,206.313378406615,49.14977911460029,0,3577,511,4088,0.002688345,4492
8,11,766,255,206.18108281933564,49.211704235602994,511,0,1022,511,0.0025470802,4492
9,11,766,766,206.20152889579467,49.20484868990805,511,511,1022,1022,0.0027351591,4492
10,11,766,1277,206.22196930914896,49.19798953399859,511,1022,1022,1533,0.0025807098,4492
11,11,766,1788,206.24240405655016,49.191126770687255,511,1533,1022,2044,0.0026581462,4492
12,11,766,2299,206.26283313515728,49.184260402788325,511,2044,1022,2555,0.0026837457,4492
13,11,766,2810,206.28325654213666,49.17739043311787,511,2555,1022,3066,0.002727688,4492
14,11,766,3321,206.30367427466203,49.17051686449366,511,3066,1022,3577,0.0027092802,4492
15,11,766,3832,206.3240863299144,49.163639699735164,511,3577,1022,4088,0.0026706252,4492
16,11,1277,255,206.19176702804347,49.22557705278285,1022,0,1533,511,0.0027570378,4492
17,11,1277,766,206.21221736587913,49.21871962262302,1022,511,1533,1022,0.0025795645,4492
18,11,1277,1277,206.2326620351173,49.2118585809957,1022,1022,1533,1533,0.0026844682,4492
19,11,1277,1788,206.25310103291045,49.20499393071547,1022,1533,1533,2044,0.0025797023,4492
20,11,1277,2299,206.27353435641845,49.19812567459861,1022,2044,1533,2555,0.0026727484,4492
21,11,1277,2810,206.29396200280848,49.191253815463114,1022,2555,1533,3066,0.0027920627,4492
22,11,1277,3321,206.31438396925512,49.184378356128704,1022,3066,1533,3577,0.0026850766,4492
23,11,1277,3832,206.3348002529402,49.177499299416816,1022,3577,1533,4088,0.0026594975,4492
24,11,1788,255,206.20245723991974,49.23944888706088,1533,0,2044,511,0.0027025994,4492
25,11,1788,766,206.22291183926993,49.232589571630115,1533,511,2044,1022,0.0027918848,4492
26,11,1788,1277,206.2433607645244,49.22572664347956,1533,1022,2044,1533,0.0028772813,4492
27,11,1788,1788,206.26380401283663,49.21886010542574,1533,1533,2044,2044,0.0025940659,4492
28,11,1788,2299,206.2842415813672,49.2119899602869,1533,2044,2044,2555,0.0025628344,4492
29,11,1788,2810,206.30467346728423,49.20511621088305,1533,2555,2044,3066,45.849545,1
30,11,1788,3321,206.32509966776306,49.19823886003582,1533,3066,2044,3577,1576.9594,1
31,11,1788,3832,206.34552017998647,49.1913579105686,1533,3577,2044,4088,0.0026115684,4492
32,11,2299,255,206.21315345928042,49.253319735361686,2044,0,2555,511,0.0026044678,4492
33,11,2299,766,206.2336123202803,49.246458533853634,2044,511,2555,1022,0.0027738316,4492
34,11,2299,1277,206.25406550168094,49.239593718374174,2044,1022,2555,1533,0.0026452127,4492
35,11,2299,1788,206.27451300063663,49.23272529174182,2044,1533,2555,2044,0.0027002469,4492
36,11,2299,2299,206.29495481430882,49.22585325677672,2044,2044,2555,2555,0.0028174985,4492
37,11,2299,2810,206.31539093986646,49.21897761630085,2044,2555,2555,3066,45.267002,1
38,11,2299,3321,206.33582137448573,49.21209837313785,2044,3066,2555,3577,0.002689171,4492
39,11,2299,3832,206.3562461153504,49.20521553011306,2044,3577,2555,4088,0.0026634592,4492
40,11,2810,255,206.22385569044476,49.26718959460914,2555,0,3066,511,0.0026394993,4492
41,11,2810,766,206.24431881322684,49.260326506217154,2555,511,3066,1022,0.002641256,4492
42,11,2810,1277,206.26477625090078,49.253459802602826,2555,1022,3066,1533,0.0026556433,4492
43,11,2810,1788,206.2852280006216,49.24658948658661,2555,1533,3066,2044,0.0027548159,4492
44,11,2810,2299,206.30567405955173,49.239715560990675,2555,2044,3066,2555,0.002794989,4492
45,11,2810,2810,206.3261144248609,49.232838028638895,2555,2555,3066,3066,0.0026811576,4492
46,11,2810,3321,206.34654909372625,49.2259568923569,2555,3066,3066,3577,0.0026875162,4492
47,11,2810,3832,206.36697806333228,49.21907215497198,2555,3577,3066,4088,0.0027463296,4492
48,11,3321,255,206.23456393773517,49.28105846172637,3066,0,3577,511,0.0026631453,4492
49,11,3321,766,206.25503132242923,49.274193485643536,3066,511,3577,1022,0.0027021307,4492
50,11,3321,1277,206.27549301650083,49.26732489308806,3066,1022,3577,1533,0.0027484167,4492
51,11,3321,1788,206.29594901710584,49.260452686882424,3066,1533,3577,2044,0.0026881108,4492
52,11,3321,2299,206.31639932140752,49.25357686985071,3066,2044,3577,2555,0.002765503,4492
53,11,3321,2810,206.33684392657645,49.246697444818835,3066,2555,3577,3066,0.002731383,4492
54,11,3321,3321,206.3572828297907,49.23981441461434,3066,3066,3577,3577,0.0027591735,4492
55,11,3321,3832,206.37771602823562,49.23292778206647,3066,3577,3577,4088,0.0027738656,4492
56,11,3832,255,206.24527820547718,49.29492633363579,3577,0,4088,511,0.0027083305,4492
57,11,3832,766,206.26574985221038,49.288059469054794,3577,511,4088,1022,0.002836007,4492
58,11,3832,1277,206.28621580280137,49.28118898675166,3577,1022,4088,1533,0.002681463,4492
59,11,3832,1788,206.30667605440686,49.27431488955072,3577,1533,4088,2044,0.0027629936,4492
60,11,3832,2299,206.32713060419098,49.2674371802781,3577,2044,4088,2555,1620.967,1
61,11,3832,2810,206.3475794493252,49.26055586176159,3577,2555,4088,3066,0.0027183658,4492
62,11,3832,3321,206.36802258698847,49.25367093683078,3577,3066,4088,3577,0.0026422928,4492
63,11,3832,3832,206.38846001436704,49.24678240831687,3577,3577,4088,4088,0.0026599984,4492
0,12,255,255,205.99399909041756,49.25677180424816,0,0,511,511,0.0025013874,4492
1,12,255,766,206.01397295723004,49.250099014872596,0,511,511,1022,0.002612566,4492
2,12,255,1277,206.03394143041604,49.243422780978634,0,1022,511,1533,0.0028303734,4492
3,12,255,1788,206.05390450731107,49.23674310517768,0,1533,511,2044,0.0024546788,4492
4,12,255,2299,206.07386218525727,49.230059990082665,0,2044,511,2555,0.002585647,4492
5,12,255,2810,206.09381446160359,49.223373438308165,0,2555,511,3066,0.0027945272,4492
6,12,255,3321,206.11376133370547,49.21668345247023,0,3066,511,3577,0.00275563,4492
7,12,255,3832,206.13370279892516,49.20999003518649,0,3577,511,4088,0.0029442138,4492
8,12,766,255,206.004544533983,49.27054759022453,511,0,1022,511,0.0028118137,4492
9,12,766,766,206.02452255647555,49.26387298370735,511,511,1022,1022,0.0026209108,4492
10,12,766,1277,206.04449518014852,49.25719493147829,511,1022,1022,1533,0.0027445883,4492
11,12,766,1788,206.06446240233808,49.25051343615055,511,1533,1022,2044,0.0025918582,4492
12,12,766,2299,206.0844242203872,49.243828500338864,511,2044,1022,2555,0.0028853056,4492
13,12,766,2810,206.10438063164548,49.23714012665964,511,2555,1022,3066,0.0027712767,4492
14,12,766,3321,206.1243316334692,49.23044831773073,511,3066,1022,3577,0.0027456696,4492
15,12,766,3832,206.14427722322137,49.223753076171576,511,3577,1022,4088,0.002850149,4492
16,12,1277,255,206.01509587213786,49.28432242087942,1022,0,1533,511,0.0028062058,4492
17,12,1277,766,206.03507805048127,49.27764599644799,1022,511,1533,1022,0.0027261854,4492
18,12,1277,1277,206.05505482480683,49.270966125111805,1022,1022,1533,1533,0.0028338374,4492
19,12,1277,1788,206.0750261924516,49.26428280948593,1022,1533,1533,2044,0.0027422805,4492
20,12,1277,2299,206.09499215075914,49.25759605218685,1022,2044,1533,2555,0.0027933156,4492
21,12,1277,2810,206.1149526970799,49.25090585583276,1022,2555,1533,3066,0.0028586115,4492
22,12,1277,3321,206.1349078287709,49.244212223043384,1022,3066,1533,3577,0.002876181,4492
23,12,1277,3832,206.15485754319587,49.237515156439926,1022,3577,1533,4088,0.0027542731,4492
24,12,1788,255,206.02565310910956,49.29809629321816,1533,0,2044,511,0.0027505518,4492
25,12,1788,766,206.04563944347203,49.29141805009957,1533,511,2044,1022,0.0028863421,4492
26,12,1788,1277,206.06562036861345,49.284736358884,1533,1022,2044,1533,0.0026797864,4492
27,12,1788,1788,206.08559588187146,49.27805122218826,1533,1533,2044,2044,0.0026746846,4492
28,12,1788,2299,206.10556598059054,49.27136264263075,1533,2044,2044,2555,0.002782058,4492
29,12,1788,2810,206.12553066212172,49.264670622831424,1533,2555,2044,3066,0.002789108,4492
30,12,1788,3321,206.14548992382285,49.25797516541179,1533,3066,2044,3577,0.0028973026,4492
31,12,1788,3832,206.16544376305848,49.25127627299491,1533,3577,2044,4088,0.002855142,4492
32,12,2299,255,206.0362162491287,49.31186920424543,2044,0,2555,511,0.0027603006,4492
33,12,2299,766,206.05620673967607,49.305189141666446,2044,511,2555,1022,0.002725241,4492
34,12,2299,1277,206.07619181579395,49.298505629798896,2044,1022,2555,1533,0.0026978974,4492
35,12,2299,1788,206.09617147482084,49.29181867126139,2044,1533,2555,2044,0.0027329058,4492
36,12,2299,2299,206.11614571410186,49.28512826867411,2044,2044,2555,2555,0.0027535993,4492
37,12,2299,2810,206.13611453098892,49.27843442465883,2044,2555,2555,3066,0.0027320986,4492
38,12,2299,3321,206.15607792284055,49.27173714183888,2044,3066,2555,3577,0.0029157551,4492
39,12,2299,3832,206.17603588702207,49.26503642283913,2044,3577,2555,4088,0.002743937,4492
40,12,2810,255,206.04678529642905,49.32564115096515,2555,0,3066,511,439.8823,1
41,12,2810,766,206.06677994332452,49.31895926815227,2555,511,3066,1022,0.0027646348,4492
42,12,2810,1277,206.086769170577,49.31227393485985,2555,1022,3066,1533,0.0028151493,4492
43,12,2810,1788,206.10675297552578,49.30558515370831,2555,1533,3066,2044,0.0028282735,4492
44,12,2810,2299,206.12673135551674,49.29889292731963,2555,2044,3066,2555,0.002779116,4492
45,12,2810,2810,206.14670430790252,49.29219725831745,2555,2555,3066,3066,0.0027785255,4492
46,12,2810,3321,206.16667183004247,49.28549814932684,2555,3066,3066,3577,0.0027662278,4492
47,12,2810,3832,206.1866339193027,49.27879560297451,2555,3577,3066,4088,0.0028736992,4492
48,12,3321,255,206.05736025524743,49.339412130380474,3066,0,3577,511,0.002800026,4492
49,12,3321,766,206.0773590586517,49.33272842655993,3066,511,3577,1022,0.0026523157,4492
50,12,3321,1277,206.09735243719442,49.32604127106949,3066,1022,3577,1533,0.0027990353,4492
51,12,3321,1788,206.1173403882156,49.31935066653138,3066,1533,3577,2044,0.002872923,4492
52,12,3321,2299,206.1373229090619,49.312656615569416,3066,2044,3577,2555,0.0029177289,4492
53,12,3321,2810,206.15729999708677,49.30595912080901,3066,2555,3577,3066,0.0028109874,4492
54,12,3321,3321,206.17727164965035,49.299258184877125,3066,3066,3577,3577,0.00287489,4492
55,12,3321,3832,206.19723786411944,49.29255381040224,3066,3577,3577,4088,0.0027753601,4492
56,12,3832,255,206.06794112982382,49.35318213949394,3577,0,4088,511,0.0027314096,4492
57,12,3832,766,206.08794408989505,49.34649661389162,3577,511,4088,1022,0.0027918594,4492
58,12,3832,1277,206.1079416198811,49.33980763542967,3577,1022,4088,1533,0.0028673734,4492
59,12,3832,1788,206.12793371712266,49.33311520673218,3577,1533,4088,2044,0.0027834796,4492
60,12,3832,2299,206.1479203789672,49.32641933042473,3577,2044,4088,2555,0.0029579448,4492
61,12,3832,2810,206.16790160276895,49.3197200091346,3577,2555,4088,3066,0.0029704263,4492
62,12,3832,3321,206.1878773858888,49.31301724549051,3577,3066,4088,3577,0.002853955,4492
63,12,3832,3832,206.20784772569442,49.30631104212275,3577,3577,4088,4088,0.002732717,4492
0,13,255,255,206.3106412907008,48.99918614182402,0,0,511,511,0.0044511836,197070
1,13,255,766,206.33140536083494,48.99206357479903,0,511,511,1022,0.0027850803,4492
2,13,255,1277,206.35216350049362,48.98493728034175,0,1022,511,1533,0.0028114463,4492
3,13,255,1788,206.3729157067702,48.97780726147575,0,1533,511,2044,0.0027056122,4492
4,13,255,2299,206.39366197676574,48.97067352122641,0,2044,511,2555,0.0026204854,4492
5,13,255,2810,206.4144023075894,48.96353606262087,0,2555,511,3066,0.002566247,4492
6,13,255,3321,206.4351366963581,48.95639488868813,0,3066,511,3577,56.85045,1
7,13,255,3832,206.4558651401966,48.94925000245898,0,3577,511,4088,2559.5378,1
8,13,766,255,206.32128898082982,49.01311162045397,511,0,1022,511,0.0027424472,4492
9,13,766,766,206.34205734062832,49.00598714368104,511,511,1022,1022,0.0026139962,4492
10,13,766,1277,206.36281976426872,48.99885893817376,511,1022,1022,1533,0.002647262,4492
11,13,766,1788,206.3835762488453,48.991727006957774,511,1533,1022,2044,0.0026861,4492
12,13,766,2299,206.4043267914602,48.9845913530605,511,2044,1022,2555,0.00259047,4492
13,13,766,2810,206.4250713892235,48.977451979511166,511,2555,1022,3066,0.002676179,4492
14,13,766,3321,206.44581003925308,48.970308889340814,511,3066,1022,3577,0.0026672527,4492
15,13,766,3832,206.46654273867483,48.963162085582304,511,3577,1022,4088,0.0026838207,4492
16,13,1277,255,206.33194263303048,49.027036123886575,1022,0,1533,511,4178.199,1
17,13,1277,766,206.35271528260643,49.01990973657491,1022,511,1533,1022,0.0027570457,4492
18,13,1277,1277,206.37348199033616,49.01277961922757,1022,1022,1533,1533,0.0026069386,4492
19,13,1277,1788,206.39424275331484,49.00564577487224,1022,1533,1533,2044,0.0026884966,4492
20,13,1277,2299,206.41499756864565,48.99850820653836,1022,2044,1533,2555,0.0026400317,4492
21,13,1277,2810,206.43574643343962,48.99136691725729,1022,2555,1533,3066,0.0026993158,4492
22,13,1277,3321,206.45648934481568,48.9842219100621,1022,3066,1533,3577,2121.7056,1
23,13,1277,3832,206.4772262999007,48.977073187987685,1022,3577,1533,4088,648.1897,1
24,13,1788,255,206.34260225157442,49.04095964903188,1533,0,2044,511,0.002637399,4492
25,13,1788,766,206.3633791910383,49.03383135039041,1533,511,2044,1022,0.0027261449,4492
26,13,1788,1277,206.38415018296214,49.02669932041264,1533,1022,2044,1533,0.0025977797,4492
27,13,1788,1788,206.40491522444233,49.01956356212827,1533,1533,2044,2044,0.0025300444,4492
28,13,1788,2299,206.42567431258288,49.01242407856886,1533,2044,2044,2555,0.0026832183,4492
29,13,1788,2810,206.44642744449587,49.00528087276781,1533,2555,2044,3066,0.0026792337,4492
30,13,1788,3321,206.46717461730125,48.99813394776022,1533,3066,2044,3577,0.0026465224,4492
31,13,1788,3832,206.4879158281269,48.990983306583104,1533,3577,2044,4088,0.0026345784,4492
32,13,2299,255,206.35326784073655,49.05488219279918,2044,0,2555,511,0.0026313462,4492
33,13,2299,766,206.37404907019598,49.04775198203652,2044,511,2555,1022,0.002692333,4492
34,13,2299,1277,206.39482434641621,49.04061803863764,2044,1022,2555,1533,0.0026302205,4492
35,13,2299,1788,206.41559366649443,49.033480365634304,2044,1533,2555,2044,0.002605161,4492
36,13,2299,2299,206.43635702753582,49.02633896606012,2044,2044,2555,2555,64.83631,1
37,13,2299,2810,206.45711442665342,49.019193842950536,2044,2555,2555,3066,0.0026641914,4492
38,13,2299,3321,206.47786586096817,49.01204499934278,2044,3066,2555,3577,0.0026685307,4492
39,13,2299,3832,206.498611327609,49.00489243827585,2044,3577,2555,4088,0.0026260298,4492
40,13,2810,255,206.36393940479485,49.068803752097,2555,0,3066,511,0.0025962975,4492
41,13,2810,766,206.3847249243548,49.061671628421514,2555,511,3066,1022,0.002604038,4492
42,13,2810,1277,206.40550448497075,49.05453577081056,2555,1022,3066,1533,0.0026727023,4492
43,13,2810,1788,206.42627808374093,49.047396182298016,2555,1533,3066,2044,0.0027386763,4492
44,13,2810,2299,206.4470457177715,49.040252865919534,2555,2044,3066,2555,0.0027257602,4492
45,13,2810,2810,206.4678073841765,49.03310582471261,2555,2555,3066,3066,0.0026960275,4492
46,13,2810,3321,206.488563080078,49.02595506171656,2555,3066,3066,3577,0.0027365421,4492
47,13,2810,3832,206.5093128026058,49.01880057997245,2555,3577,3066,4088,0.0027507206,4492
48,13,3321,255,206.37461694803036,49.08272432383323,3066,0,3577,511,0.0026700848,4492
49,13,3321,766,206.39540675779304,49.07559028645292,3066,511,3577,1022,0.0025755342,4492
50,13,3321,1277,206.41619060290142,49.06845251383866,3066,1022,3577,1533,0.002636847,4492
51,13,3321,1788,206.43696848045468,49.06131100902635,3066,1533,3577,2044,0.002587441,4492
52,13,3321,2299,206.45774038756005,49.05416577505373,3066,2044,3577,2555,0.0027165257,4492
53,13,3321,2810,206.47850632133256,49.04701681496038,3066,2555,3577,3066,0.002579517,4492
54,13,3321,3321,206.49926627889528,49.039864131787645,3066,3066,3577,3577,0.00261626,4492
55,13,3321,3832,206.52002025737917,49.03270772857869,3066,3577,3577,4088,0.0026997223,4492
56,13,3832,255,206.3853004747274,49.09664390491495,3577,0,4088,511,0.0026097689,4492
57,13,3832,766,206.40609457479226,49.08950795303754,3577,511,4088,1022,0.0026858065,4492
58,13,3832,1277,206.42688270448699,49.08236826462841,3577,1022,4088,1533,0.0027290287,4492
59,13,3832,1788,206.44766486091171,49.07522484272549,3577,1533,4088,2044,0.0027126344,4492
60,13,3832,2299,206.4684410411747,49.068077690368646,3577,2044,4088,2555,0.0027544408,4492
61,13,3832,2810,206.48921124239203,49.06092681059946,3577,2555,4088,3066,0.002647452,4492
62,13,3832,3321,206.50997546168782,49.053772206461396,3577,3066,4088,3577,1553.9795,1
63,13,3832,3832,206.53073369619403,49.04661388099966,3577,3577,4088,4088,0.0027246247,4492
0,14,255,255,206.11419432947437,49.065162551087624,0,0,511,511,0.0026979183,4492
1,14,255,766,206.13458275005073,49.058218420152556,0,511,511,1022,0.0027313542,4492
2,14,255,1277,206.15496547988096,49.05127069667532,0,1022,511,1533,0.0026175783,4492
3,14,255,1788,206.17534251619043,49.04431938349518,0,1533,511,2044,0.0028921019,4492
4,14,255,2299,206.19571385621174,49.03736448345309,0,2044,511,2555,124.09789,1
5,14,255,2810,206.21607949718486,49.03040599939171,0,2555,511,3066,0.0026497424,4492
6,14,255,3321,206.23643943635707,49.023443934155395,0,3066,511,3577,0.0026874046,4492
7,14,255,3832,206.2567936709829,49.01647829059016,0,3577,511,4088,0.0026175028,4492
8,14,766,255,206.1246174636359,49.07904728484166,511,0,1022,511,0.0028390805,4492
9,14,766,766,206.145010131203,49.07210131882637,511,511,1022,1022,0.0030502488,4492
10,14,766,1277,206.16539710260633,49.065151758999875,511,1022,1022,1533,0.0025895026,4492
11,14,766,1788,206.18577837507206,49.05819860820339,511,1533,1022,2044,0.0026702979,4492
12,14,766,2299,206.20615394583362,49.05124186927979,511,2044,1022,2555,0.0027282503,4492
13,14,766,2810,206.22652381213183,49.04428154507369,511,2555,1022,3066,0.0027382853,4492
14,14,766,3321,206.2468879712148,49.03731763843127,511,3066,1022,3577,0.0028142775,4492
15,14,766,3832,206.26724642033787,49.03035015220055,511,3577,1022,4088,30.577969,1
16,14,1277,255,206.13504643052948,49.092931084496364,1022,0,1533,511,0.002620348,4492
17,14,1277,766,206.15544334529736,49.085983282646175,1022,511,1533,1022,0.0026356461,4492
18,14,1277,1277,206.1758345584786,49.07903188571644,1022,1022,1533,1533,0.002607419,4492
19,14,1277,1788,206.19622006730006,49.072076896550236,1022,1533,1533,2044,0.0026649642,4492
20,14,1277,2299,206.2165998689961,49.06511831799241,1022,2044,1533,2555,0.0027112816,4492
21,14,1277,2810,206.23697396080829,49.05815615288945,1022,2555,1533,3066,0.002679436,4492
22,14,1277,3321,206.25734233998566,49.051190404089525,1022,3066,1533,3577,0.0026466462,4492
23,14,1277,3832,206.27770500378443,49.0442210744425,1022,3577,1533,4088,0.002586968,4492
24,14,1788,255,206.14548123436077,49.106813947040514,1533,0,2044,511,0.0027708763,4492
25,14,1788,766,206.16588239653709,49.09986430860051,1533,511,2044,1022,0.0026187233,4492
26,14,1788,1277,206.18627785169843,49.09291107381319,1533,1022,2044,1533,0.0026155156,4492
27,14,1788,1788,206.20666759707262,49.08595424552361,1533,1533,2044,2044,0.002678043,4492
28,14,1788,2299,206.22705162989482,49.078993826578504,1533,2044,2044,2555,0.002739835,4492
29,14,1788,2810,206.24742994740745,49.0720298198263,1533,2555,2044,3066,0.002663405,4492
30,14,1788,3321,206.2678025468604,49.0650622281171,1533,3066,2044,3577,0.0027098844,4492
31,14,1788,3832,206.28816942551074,49.05809105430271,1533,3577,2044,4088,0.0026430248,4492
32,14,2299,255,206.15592187933862,49.12069586946219,2044,0,2555,511,0.0027730274,4492
33,14,2299,766,206.1763272891284,49.113744393677095,2044,511,2555,1022,0.0026774178,4492
34,14,2299,1277,206.19672698646968,49.106789320277585,2044,1022,2555,1533,0.0027858291,4492
35,14,2299,1788,206.2171209685911,49.09983065211067,2044,1533,2555,2044,0.002627037,4492
36,14,2299,2299,206.23750923272866,49.09286839202495,2044,2044,2555,2555,0.0027718218,4492
37,14,2299,2810,206.25789177612566,49.08590254287084,2044,2555,2555,3066,0.0027264631,4492
38,14,2299,3321,206.2782685960328,49.07893310750032,2044,3066,2555,3577,0.0026398415,4492
39,14,2299,3832,206.2986396897081,49.07196008876716,2044,3577,2555,4088,0.002558484,4492
40,14,2810,255,206.16636836967507,49.1345768487488,2555,0,3066,511,0.0026642338,4492
41,14,2810,766,206.18677802728092,49.12762353486302,2555,511,3066,1022,0.0026322564,4492
42,14,2810,1277,206.2071819669994,49.120666622096415,2555,1022,3066,1533,0.002712583,4492
43,14,2810,1788,206.22758018606,49.113706113297866,2555,1533,3066,2044,0.002669758,4492
44,14,2810,2299,206.2479726816996,49.10674201131793,2555,2044,3066,2555,202.3561,1
45,14,2810,2810,206.26835945116235,49.0997743190089,2555,2555,3066,3066,0.002738341,4492
46,14,2810,3321,206.28874049169988,49.09280303922477,2555,3066,3066,3577,0.0025975457,4492
47,14,2810,3832,206.30911580057094,49.08582817482114,2555,3577,3066,4088,0.0026694098,4492
48,14,3321,255,206.17682070958531,49.14845688188693,3066,0,3577,511,0.0026880521,4492
49,14,3321,766,206.19723461520726,49.14150172914464,3066,511,3577,1022,0.0025955285,4492
50,14,3321,1277,206.21764279749772,49.13454297625571,3066,1022,3577,1533,0.0025606893,4492
51,14,3321,1788,206.23804525368698,49.127580626070966,3066,1533,3577,2044,0.002685169,4492
52,14,3321,2299,206.2584419810128,49.12061468144288,3066,2044,3577,2555,0.0027274417,4492
53,14,3321,2810,206.2788329767202,49.113645145225675,3066,2555,3577,3066,0.0025711155,4492
54,14,3321,3321,206.29921823806163,49.10667202027526,3066,3066,3577,3577,0.0026130853,4492
55,14,3321,3832,206.3195977622968,49.09969530944918,3066,3577,3577,4088,0.0026785887,4492
56,14,3832,255,206.18727890328765,49.162335965862574,3577,0,4088,511,65.93926,1
57,14,3832,766,206.20769705712328,49.155378973507624,3577,511,4088,1022,0.0027241341,4492
58,14,3832,1277,206.22810948217796,49.148418379740846,3577,1022,4088,1533,0.0026369996,4492
59,14,3832,1788,206.24851617568282,49.14145418741499,3577,1533,4088,2044,0.0026107924,4492
60,14,3832,2299,206.26891713487646,49.13448639938453,3577,2044,4088,2555,0.0026464884,4492
61,14,3832,2810,206.28931235700486,49.127515018505584,3577,2555,4088,3066,0.0027009994,4492
62,14,3832,3321,206.30970183932126,49.12054004763596,3577,3066,4088,3577,0.0026407675,4492
63,14,3832,3832,206.33008557908636,49.113561489635195,3577,3577,4088,4088,0.002663587,4492
0,15,255,255,205.9385941696851,49.12398223395566,0,0,511,511,0.0023599071,4492
1,15,255,766,205.95850676089344,49.117173170451416,0,511,511,1022,0.0026043232,4492
2,15,255,1277,205.9784138907114,49.11036068119246,0,1022,511,1533,0.0025395227,4492
3,15,255,1788,205.99831555658113,49.10354476883599,0,1533,511,2044,0.0023850854,4492
4,15,255,2299,206.01821175595148,49.09672543604075,0,2044,511,2555,0.002695852,4492
5,15,255,2810,206.03810248627806,49.08990268546703,0,2555,511,3066,0.0026665013,4492
6,15,255,3321,206.0579877450231,49.0830765197766,0,3066,511,3577,0.00257383,4492
7,15,255,3832,206.0778675296554,49.0762469416328,0,3577,511,4088,0.0026437487,4492
8,15,766,255,205.9488822858486,49.13777606950868,511,0,1022,511,0.002413502,4492
9,15,766,766,205.96879900974074,49.13096523744074,511,511,1022,1022,0.0026102855,4492
10,15,766,1277,205.98871026710216,49.124150978410356,511,1022,1022,1533,0.0027544165,4492
11,15,766,1788,206.00861605537588,49.11733329507652,511,1533,1022,2044,0.0026304652,4492
12,15,766,2299,206.02851637201152,49.11051219009973,511,2044,1022,2555,0.002622295,4492
13,15,766,2810,206.04841121446546,49.1036876661421,511,2555,1022,3066,0.0026203115,4492
14,15,766,3321,206.0683005802007,49.09685972586713,511,3066,1022,3577,0.0025729619,4492
15,15,766,3832,206.08818446668695,49.09002837193995,511,3577,1022,4088,0.002748446,4492
16,15,1277,255,205.9591761332887,49.15156899526332,1022,0,1533,511,0.0024903202,4492
17,15,1277,766,205.97909699009392,49.14475639391663,1022,511,1533,1022,0.0025029501,4492
18,15,1277,1277,205.99901237522317,49.137940364400365,1022,1022,1533,1533,0.0024034507,4492
19,15,1277,1788,206.01892228612022,49.131120909375284,1022,1533,1533,2044,0.0024711417,4492
20,15,1277,2299,206.0388267202355,49.12429803150372,1022,2044,1533,2555,0.0026618608,4492
21,15,1277,2810,206.05872567502618,49.11747173344947,1022,2555,1533,3066,0.0026151936,4492
22,15,1277,3321,206.07861914795606,49.11064201787791,1022,3066,1533,3577,0.0025134778,4492
23,15,1277,3832,206.0985071364957,49.10380888745583,1022,3577,1533,4088,0.0027510233,4492
24,15,1788,255,205.9694757161308,49.16536100828453,1533,0,2044,511,0.0024489695,4492
25,15,1788,766,205.98940070607605,49.15854663694375,1533,511,2044,1022,0.0023823208,4492
26,15,1788,1277,206.00932021919508,49.151728836226845,1533,1022,2044,1533,0.002589091,4492
27,15,1788,1788,206.02923425293244,49.1449076087964,1533,1533,2044,2044,0.002607697,4492
28,15,1788,2299,206.0491428047394,49.13808295731647,1533,2044,2044,2555,0.0025116988,4492
29,15,1788,2810,206.06904587207387,49.131254884452645,1533,2555,2044,3066,0.0026121503,4492
30,15,1788,3321,206.08894345240046,49.12442339287209,1533,3066,2044,3577,0.0027796451,4492
31,15,1788,3832,206.10883554319057,49.11758848524339,1533,3577,2044,4088,0.0025411954,4492
32,15,2299,255,205.97978103850338,49.179152105636575,2044,0,2555,511,0.0024582478,4492
33,15,2299,766,205.9997101618133,49.17233596358607,2044,511,2555,1022,28.489908,1
34,15,2299,1277,206.01963380314174,49.16551639095352,2044,1022,2555,1533,0.0023380048,4492
35,15,2299,1788,206.0395519599341,49.15869339040324,2044,1533,2555,2044,0.0024634725,4492
36,15,2299,2299,206.05946462964235,49.15186696460109,2044,2044,2555,2555,2114.9153,1
37,15,2299,2810,206.07937180972525,49.14503711621445,2044,2555,2555,3066,0.0026037702,4492
38,15,2299,3321,206.09927349764823,49.13820384791223,2044,3066,2555,3577,0.0025839545,4492
39,15,2299,3832,206.11916969088352,49.13136716236484,2044,3577,2555,4088,0.002543981,4492
40,15,2810,255,205.99009210453806,49.19294228438306,2555,0,3066,511,0.0022769496,4492
41,15,2810,766,206.01002536143494,49.186124370906875,2555,511,3066,1022,0.0024179632,4492
42,15,2810,1277,206.02995313119007,49.179303025643314,2555,1022,3066,1533,0.0024287428,4492
43,15,2810,1788,206.04987541124964,49.172478251258475,2555,1533,3066,2044,0.002442042,4492
44,15,2810,2299,206.06979219906646,49.16565005041998,2555,2044,3066,2555,1751.3842,1
45,15,2810,2810,206.08970349210009,49.15881842579698,2555,2555,3066,3066,0.0025639357,4492
46,15,2810,3321,206.10960928781682,49.151983380060166,2555,3066,3066,3577,0.002626036,4492
47,15,2810,3832,206.12950958368964,49.14514491588173,2555,3577,3066,4088,1139.595,1
48,15,3321,255,206.00040891836957,49.206731541586855,3066,0,3577,511,0.0023172053,4492
49,15,3321,766,206.02034630907332,49.199911855968814,3066,511,3577,1022,0.0022763233,4492
50,15,3321,1277,206.04027820747007,49.19308873735859,3066,1022,3577,1533,0.0023331684,4492
51,15,3321,1788,206.06020461100678,49.18626218842414,3066,1533,3577,2044,5211.0664,1
52,15,3321,2299,206.08012551713708,49.17943221183485,3066,2044,3577,2555,0.0024716875,4492
53,15,3321,2810,206.1000409233214,49.17259881026167,3066,2555,3577,3066,0.0026137137,4492
54,15,3321,3321,206.11995082702674,49.16576198637702,3066,3066,3577,3577,0.0025502248,4492
55,15,3321,3832,206.13985522572702,49.15892174285493,3066,3577,3577,4088,0.00266335,4492
56,15,3832,255,206.01073148413582,49.22051987431019,3577,0,4088,511,0.0024365552,4492
57,15,3832,766,206.03067300886397,49.21369841583373,3577,511,4088,1022,0.0024704225,4492
58,15,3832,1277,206.05060903611485,49.20687352316096,3577,1022,4088,1533,0.0024855833,4492
59,15,3832,1788,206.07053956333624,49.20004519896156,3577,1533,4088,2044,0.0025221542,4492
60,15,3832,2299,206.09046458798255,49.19321344590674,3577,2044,4088,2555,0.0025802702,4492
61,15,3832,2810,206.11038410751505,49.18637826666922,3577,2555,4088,3066,0.0025402175,4492
62,15,3832,3321,206.13029811940163,49.17953966392326,3577,3066,4088,3577,0.0025641478,4492
63,15,3832,3832,206.15020662111692,49.17269764034456,3577,3577,4088,4088,0.002594477,4492
0,16,255,255,206.306800769619,48.84967178930772,0,0,511,511,0.0030892976,184
1,16,255,766,206.327543183433,48.84246508498765,0,511,511,1022,0.0029401039,4492
2,16,255,1277,206.3482796344577,48.8352546583099,0,1022,511,1533,0.00304325,4492
3,16,255,1788,206.36901011983392,48.82804051233313,0,1533,511,2044,0.002776467,4492
4,16,255,2299,206.38973463671036,48.820822650117854,0,2044,511,2555,0.0027007358,4492
5,16,255,2810,206.4104531822436,48.8136010747263,0,2555,511,3066,0.0028699595,4492
6,16,255,3321,206.43116575359807,48.80637578922252,0,3066,511,3577,0.0027196626,4492
7,16,255,3832,206.4518723479461,48.79914679667241,0,3577,511,4088,0.0028586173,4492
8,16,766,255,206.31727664205627,48.86350615554116,511,0,1022,511,0.0028589403,4492
9,16,766,766,206.3380232859447,48.856297572923744,511,511,1022,1022,0.0029335497,4492
10,16,766,1277,206.35876396143183,48.84908526664973,511,1022,1022,1533,0.002854694,4492
11,16,766,1788,206.37949866565958,48.841869239779825,511,1533,1022,2044,0.003031877,4492
12,16,766,2299,206.40022739577756,48.83464949537651,511,2044,1022,2555,0.0029857685,4492
13,16,766,2810,206.4209501489434,48.82742603650412,511,2555,1022,3066,0.0028589857,4492
14,16,766,3321,206.44166692232255,48.820198866228736,511,3066,1022,3577,0.0027533143,4492
15,16,766,3832,206.4623777130884,48.812967987618244,511,3577,1022,4088,0.0027763345,4492
16,16,1277,255,206.32775831127083,48.87733957711766,1022,0,1533,511,0.0029113658,4492
17,16,1277,766,206.34850918535125,48.87012911545024,1022,511,1533,1022,0.0027673468,4492
18,16,1277,1277,206.36925408541305,48.862914928827976,1022,1022,1533,1533,0.0026854158,4492
19,16,1277,1788,206.3899930085991,48.855697020313634,1022,1533,1533,2044,0.002746031,4492
20,16,1277,2299,206.4107259520601,48.848475392971714,1022,2044,1533,2555,0.0028708908,4492
21,16,1277,2810,206.43145291295463,48.84125004986857,1022,2555,1533,3066,0.0027060113,4492
22,16,1277,3321,206.45217388844918,48.83402099407232,1022,3066,1533,3577,0.002717211,4492
23,16,1277,3832,206.4728888757182,48.82678822865292,1022,3577,1533,4088,0.002713559,4492
24,16,1788,255,206.3382457813733,48.89117205103478,1533,0,2044,511,0.0029759319,4492
25,16,1788,766,206.35900088576062,48.8839597095644,1533,511,2044,1022,0.0028574013,4492
26,16,1788,1277,206.3797500105067,48.87674364184164,1533,1022,2044,1533,291.69525,1
27,16,1788,1788,206.4004931527553,48.86952385093126,1533,1533,2044,2044,0.0027203662,4492
28,16,1788,2299,206.4212303096581,48.86230033989985,1533,2044,2044,2555,0.0026887895,4492
29,16,1788,2810,206.4419614783748,48.85507311181576,1533,2555,2044,3066,0.00269737,4492
30,16,1788,3321,206.4626866560729,48.84784216974915,1533,3066,2044,3577,0.0026391214,4492
31,16,1788,3832,206.48340583992788,48.840607516772,1533,3577,2044,4088,0.002628353,4492
32,16,2299,255,206.34873905647723,48.90500357428937,2044,0,2555,511,0.002753701,4492
33,16,2299,766,206.36949839128394,48.897789352262784,2044,511,2555,1022,0.0027426023,4492
34,16,2299,1277,206.3902517408212,48.89057140268696,2044,1022,2555,1533,0.002794878,4492
35,16,2299,1788,206.41099910223392,48.88334972862869,2044,1533,2555,2044,0.002805835,4492
36,16,2299,2299,206.4317404726748,48.87612433315659,2044,2044,2555,2555,0.0027117433,4492
37,16,2299,2810,206.45247584930448,48.8688952193411,2044,2555,2555,3066,0.0026604088,4492
38,16,2299,3321,206.47320522929164,48.861662390254374,2044,3066,2555,3577,0.0027049487,4492
39,16,2299,3832,206.4939286098127,48.85442584897041,2044,3577,2555,4088,0.0026085943,4492
40,16,2810,255,206.3592381406993,48.918834143877575,2555,0,3066,511,0.0027652078,4492
41,16,2810,766,206.38000170603505,48.91161804054126,2555,511,3066,1022,0.0027052837,4492
42,16,2810,1277,206.40075928046792,48.904398208359524,2555,1022,3066,1533,0.0027082034,4492
43,16,2810,1788,206.42151086114373,48.89717465040125,2555,1533,3066,2044,0.002812397,4492
44,16,2810,2299,206.44225644521626,48.889947369737044,2555,2044,3066,2555,0.0027254135,4492
45,16,2810,2810,206.4629960298472,48.882716369439365,2555,2555,3066,3066,0.002576997,4492
46,16,2810,3321,206.4837296122062,48.87548165258245,2555,3066,3066,3577,0.0025863918,4492
47,16,2810,3832,206.50445718947088,48.86824322224231,2555,3577,3066,4088,0.0026553625,4492
48,16,3321,255,206.36974303815902,48.932663756794845,3066,0,3577,511,0.002789736,4492
49,16,3321,766,206.390510834131,48.92544577139499,3066,511,3577,1022,0.0026763063,4492
50,16,3321,1277,206.4112726335612,48.91822405585426,3066,1022,3577,1533,0.0027504112,4492
51,16,3321,1788,206.43202843359646,48.91099861324353,3066,1533,3577,2044,0.0026065973,4492
52,16,3321,2299,206.4527782313916,48.90376944663545,3066,2044,3577,2555,0.0026049172,4492
53,16,3321,2810,206.47352202410937,48.89653655910458,3066,2555,3577,3066,0.0026560216,4492
54,16,3321,3321,206.49425980892048,48.88929995372714,3066,3066,3577,3577,0.002671506,4492
55,16,3321,3832,206.5149915830036,48.882059633581235,3066,3577,3577,4088,0.002708685,4492
56,16,3832,255,206.380253752979,48.946492410035944,3577,0,4088,511,5794.032,1
57,16,3832,766,206.40102577969174,48.939272541818454,3577,511,4088,1022,0.0026658475,4492
58,16,3832,1277,206.42179180421837,48.93204894216529,3577,1022,4088,1533,0.0028542276,4492
59,16,3832,1788,206.4425518237068,48.9248216141494,3577,1533,4088,2044,0.0027760332,4492
60,16,3832,2299,206.4633058353129,48.91759056084552,3577,2044,4088,2555,0.0026658732,4492
61,16,3832,2810,206.48405383620045,48.910355785330125,3577,2555,4088,3066,0.0027290564,4492
62,16,3832,3321,206.50479582354126,48.90311729068157,3577,3066,4088,3577,0.0026429123,4492
63,16,3832,3832,206.525531794515,48.89587507997992,3577,3577,4088,4088,0.0025964654,4492
0,17,255,255,206.1094766083799,48.91557505544927,0,0,511,511,0.0035622064,184
1,17,255,766,206.12987859581958,48.90850702099104,0,511,511,1022,0.0033023614,184
2,17,255,1277,206.150274817559,48.90143538655654,0,1022,511,1533,0.0035537954,184
3,17,255,1788,206.17066527087476,48.89436015504681,0,1533,511,2044,0.0034198645,184
4,17,255,2299,206.19104995305094,48.88728132936452,0,2044,511,2555,1138.0061,1
5,17,255,2810,206.21142886137898,48.88019891241407,0,2555,511,3066,0.0032943464,184
6,17,255,3321,206.23180199315757,48.87311290710154,0,3066,511,3577,0.0033713235,184
7,17,255,3832,206.25216934569298,48.8660233163346,0,3577,511,4088,0.0032537372,184
8,17,766,255,206.1196929272541,48.929396329620275,511,0,1022,511,0.0033225317,184
9,17,766,766,206.14009912049218,48.922326494004345,511,511,1022,1022,0.0031358332,184
10,17,766,1277,206.16049954265299,48.91525305713462,511,1022,1022,1533,0.0031401115,184
11,17,766,1788,206.18089419101403,48.90817602191401,511,1533,1022,2044,0.0032101334,184
12,17,766,2299,206.20128306286023,48.90109539124714,511,2044,1022,2555,0.0031871684,184
13,17,766,2810,206.2216661554839,48.8940111680403,511,2555,1022,3066,0.00320759,4492
14,17,766,3321,206.24204346618467,48.88692335520145,511,3066,1022,3577,0.0030658941,4492
15,17,766,3832,206.2624149922696,48.879831955640206,511,3577,1022,4088,0.00308843,184
16,17,1277,255,206.12991490697718,48.943216705762,1022,0,1533,511,0.0031854718,4492
17,17,1277,766,206.15032530624387,48.93614506827824,1022,511,1533,1022,34.347607,1
18,17,1277,1277,206.1707299290512,48.92906982826378,1022,1022,1533,1533,0.0030455904,184
19,17,1277,1788,206.19112877267744,48.92199098862345,1022,1533,1533,2044,0.0029798516,4492
20,17,1277,2299,206.2115218344084,48.91490855226372,1022,2044,1533,2555,0.0031788922,4492
21,17,1277,2810,206.23190911153728,48.907822522092836,1022,2555,1533,3066,0.0032157353,4492
22,17,1277,3321,206.25229060136465,48.90073290102065,1022,3066,1533,3577,0.0032361515,184
23,17,1277,3832,206.27266630119843,48.893639691958704,1022,3577,1533,4088,0.0030434069,4492
24,17,1788,255,206.1401425516041,48.957036180945806,1533,0,2044,511,0.0030670029,4492
25,17,1788,766,206.1605571571274,48.949962740883805,1533,511,2044,1022,0.0032882963,184
26,17,1788,1277,206.1809659808039,48.94288569701482,1533,1022,2044,1533,0.0032046353,4492
27,17,1788,1788,206.2013690199129,48.935805052245556,1533,1533,2044,2044,0.0029625697,4492
28,17,1788,2299,206.22176627174102,48.92872080948445,1533,2044,2044,2555,0.0031215171,4492
29,17,1788,2810,206.24215773358233,48.921632971641586,1533,2555,2044,3066,2141.671,1
30,17,1788,3321,206.26254340273834,48.914541541628765,1533,3066,2044,3577,0.003072964,4492
31,17,1788,3832,206.2829232765179,48.90744652235941,1533,3577,2044,4088,0.0030392522,4492
32,17,2299,255,206.15037586519298,48.97085475224242,2044,0,2555,511,0.003213506,184
33,17,2299,766,206.17079467719844,48.96377950889147,2044,511,2555,1022,0.0030102793,4492
34,17,2299,1277,206.19120770196454,48.95670066045785,2044,1022,2555,1533,0.0031524627,4492
35,17,2299,1788,206.21161493677147,48.949618209850186,2044,1533,2555,2044,0.0028651976,4492
36,17,2299,2299,206.23201637890674,48.94253215997883,2044,2044,2555,2555,0.0031286909,4492
37,17,2299,2810,206.25241202566534,48.93544251375577,2044,2555,2555,3066,0.0028972428,4492
38,17,2299,3321,206.2728018743496,48.9283492740947,2044,3066,2555,3577,0.002956983,4492
39,17,2299,3832,206.29318592226937,48.92125244391097,2044,3577,2555,4088,0.0029517068,4492
40,17,2810,255,206.16061485180506,48.98467241672184,2555,0,3066,511,0.0034385528,4492
41,17,2810,766,206.1810378705158,48.97759536937095,2555,511,3066,1022,0.0030743445,4492
42,17,2810,1277,206.2014550965895,48.970514715662304,2555,1022,3066,1533,0.0028893552,4492
43,17,2810,1788,206.22186652730716,48.96343045850649,2555,1533,3066,2044,6291.329,1
44,17,2810,2299,206.2422721599572,48.956342600815724,2555,2044,3066,2555,0.0029356033,4492
45,17,2810,2810,206.2626719918355,48.94925114550394,2555,2555,3066,3066,0.0029029064,4492
46,17,2810,3321,206.28306602024537,48.942156095486745,2555,3066,3066,3577,0.0028055527,4492
47,17,2810,3832,206.30345424249748,48.93505745368138,2555,3577,3066,4088,0.0028841775,4492
48,17,3321,255,206.17085951550447,48.998489171453464,3066,0,3577,511,0.0030660161,4492
49,17,3321,766,206.19128674114137,48.991410319391285,3066,511,3577,1022,0.0028585421,4492
50,17,3321,1277,206.21170816873826,48.984327859696954,3066,1022,3577,1533,0.0029097046,4492
51,17,3321,1788,206.23212379557702,48.977241795282914,3066,1533,3577,2044,0.002971153,4492
52,17,3321,2299,206.25253361894707,48.970152129063315,3066,2044,3577,2555,0.0029251645,4492
53,17,3321,2810,206.27293763614514,48.963058863954004,3066,2555,3577,3066,0.0027803187,4492
54,17,3321,3321,206.29333584447545,48.95596200287249,3066,3066,3577,3577,0.0028690996,4492
55,17,3321,3832,206.31372824124963,48.94886154873793,3066,3577,3577,4088,0.0028386088,4492
56,17,3832,255,206.1811098603585,49.012305013505944,3577,0,4088,511,0.0030158102,4492
57,17,3832,766,206.20154129313994,49.005224356020896,3577,511,4088,1022,0.0029435242,4492
58,17,3832,1277,206.22196692247326,48.9981400896299,3577,1022,4088,1533,0.0029526693,4492
59,17,3832,1788,206.24238674564123,48.99105221724726,3577,1533,4088,2044,0.0028560227,4492
60,17,3832,2299,206.2628007599341,48.9839607417891,3577,2044,4088,2555,0.0028759507,4492
61,17,3832,2810,206.28320896264958,48.97686566617315,3577,2555,4088,3066,0.0030109556,4492
62,17,3832,3321,206.3036113510928,48.96976699331885,3577,3066,4088,3577,0.0027716274,4492
63,17,3832,3832,206.3240079225763,48.96266472614726,3577,3577,4088,4088,488.3235,1
0,18,255,255,205.9351794741571,48.973241284471946,0,0,511,511,0.00047981006,4492
1,18,255,766,205.95512611440066,48.96624907987737,0,511,511,1022,0.0033410355,184
2,18,255,1277,205.97506716648775,48.95925343520415,0,1022,511,1533,0.0034727168,184
3,18,255,1788,205.99500262793748,48.95225435320041,0,1533,511,2044,0.003729727,184
4,18,255,2299,206.01493249627586,48.945251836615846,0,2044,511,2555,0.0037614496,184
5,18,255,2810,206.03485676903557,48.938245888201685,0,2555,511,3066,0.0038059447,184
6,18,255,3321,206.05477544375614,48.931236510710505,0,3066,511,3577,0.0033575871,184
7,18,255,3832,206.07468851798387,48.92422370689661,0,3577,511,4088,0.0033532665,184
8,18,766,255,205.94526897860138,48.98698292614184,511,0,1022,511,0.0034225916,184
9,18,766,766,205.96521970810105,48.97998898287889,511,511,1022,1022,0.0034811057,184
10,18,766,1277,205.98516484431036,48.97299159831801,511,1022,1022,1533,0.003418876,184
11,18,766,1788,206.00510438474933,48.965990775209164,511,1533,1022,2044,2305.2397,1
12,18,766,2299,206.02503832694475,48.95898651630377,511,2044,1022,2555,0.0036218069,184
13,18,766,2810,206.0449666684302,48.9519788243548,511,2555,1022,3066,0.0031606106,184
14,18,766,3321,206.06488940674612,48.944967702116664,511,3066,1022,3577,776.29266,1
15,18,766,3832,206.0848065394397,48.93795315234538,511,3577,1022,4088,0.003995399,184
16,18,1277,255,205.95536405262996,49.00072369215496,1022,0,1533,511,0.0031652208,184
17,18,1277,766,205.97531887162307,48.99372800955781,1022,511,1533,1022,0.0031408938,184
18,18,1277,1277,205.99526809218705,48.98672888444406,1022,1022,1533,1533,0.003767491,184
19,18,1277,1788,206.01521171184268,48.97972631956541,1022,1533,1533,2044,0.0033539499,184
20,18,1277,2299,206.03514972811772,48.97272031767509,1022,2044,1533,2555,0.0033024321,184
21,18,1277,2810,206.05508213854662,48.96571088152781,1022,2555,1533,3066,0.0034336487,184
22,18,1277,3321,206.07500894067073,48.958698013879776,1022,3066,1533,3577,0.0036154694,184
23,18,1277,3832,206.09493013203812,48.95168171748878,1022,3577,1533,4088,0.0033828712,184
24,18,1788,255,205.96546470022864,49.01446357965034,1533,0,2044,511,0.0030569755,4492
25,18,1788,766,205.98542360895024,49.00746615705287,1533,511,2044,1022,1108.4663,1
26,18,1788,1277,206.00537691409897,49.00046529072072,1533,1022,2044,1533,0.003857448,184
27,18,1788,1788,206.02532461319657,48.993460983407324,1533,1533,2044,2044,0.0034567676,184
28,18,1788,2299,206.04526670377157,48.98645323786771,1533,2044,2044,2555,0.0035399867,184
29,18,1788,2810,206.06520318335936,48.979442056858296,1533,2555,2044,3066,0.0032629264,184
30,18,1788,3321,206.0851340495022,48.97242744313718,1533,3066,2044,3577,2184.7344,1
31,18,1788,3832,206.10505929974906,48.9654093994638,1533,3577,2044,4088,0.003347987,4492
32,18,2299,255,205.97557092538617,49.028202585766344,2044,0,2555,511,0.002811239,4492
33,18,2299,766,205.99553392406906,49.02120342250216,2044,511,2555,1022,0.003204756,4492
34,18,2299,1277,206.01549131403047,49.014200814285765,2044,1022,2555,1533,0.0032284197,4492
35,18,2299,1788,206.03544309279297,49.00719476387239,2044,1533,2555,2044,0.00322555,4492
36,18,2299,2299,206.055389257886,49.000185274018776,2044,2044,2555,2555,0.003588509,184
37,18,2299,2810,206.0753298068459,48.99317234748322,2044,2555,2555,3066,0.003421184,184
38,18,2299,3321,206.09526473721576,48.98615598702548,2044,3066,2555,3577,0.0035763914,4492
39,18,2299,3832,206.1151940465455,48.97913619540682,2044,3577,2555,4088,0.0033856537,4492
40,18,2810,255,205.98568273209426,49.041940707640705,2555,0,3066,511,0.003110771,4492
41,18,2810,766,206.00564982096904,49.03493980304313,2555,511,3066,1022,0.0030998806,4492
42,18,2810,1277,206.02561129596876,49.02793545227635,2555,1022,3066,1533,0.0030820423,4492
43,18,2810,1788,206.0455671546169,49.02092765809746,2555,1533,3066,2044,0.0029874553,4492
44,18,2810,2299,206.06551739444382,49.01391642326494,2555,2044,3066,2555,0.0033588978,184
45,18,2810,2810,206.0854620129867,49.00690175053883,2555,2555,3066,3066,0.003432498,4492
46,18,2810,3321,206.10540100778962,48.99988364268069,2555,3066,3066,3577,0.0032650717,4492
47,18,2810,3832,206.12533437640337,48.99286210245358,2555,3577,3066,4088,0.0033239978,4492
48,18,3321,255,205.99580012434777,49.05567794241049,3066,0,3577,511,0.0032268444,4492
49,18,3321,766,206.01577130364274,49.04867529581252,3066,511,3577,1022,0.002997414,4492
50,18,3321,1277,206.03573686390413,49.04166920182899,3066,1022,3577,1533,0.003022323,4492
51,18,3321,1788,206.0556968026564,49.034659663218754,3066,1533,3577,2044,0.003261636,4492
52,18,3321,2299,206.07565111743077,49.027646682742066,3066,2044,3577,2555,0.0032518364,4492
53,18,3321,2810,206.09559980576532,49.02063026316078,3066,2555,3577,3066,0.0033204865,4492
54,18,3321,3321,206.115542865205,49.01361040723818,3066,3066,3577,3577,0.0033104867,4492
55,18,3321,3832,206.1354802933016,49.00658711773914,3066,3577,3577,4088,0.0032983143,4492
56,18,3832,255,206.00592310614448,49.06941428721209,3577,0,4088,511,0.00291485,4492
57,18,3832,766,206.02589837608568,49.06240989794646,3577,511,4088,1022,0.0035884439,4492
58,18,3832,1277,206.0458680218299,49.05540206007948,3577,1022,4088,1533,0.0031433604,4492
59,18,3832,1788,206.06583204090248,49.048390776371804,3577,1533,4088,2044,0.003172822,4492
60,18,3832,2299,206.08579043083554,49.04137604958544,3577,2044,4088,2555,0.0031319836,4492
61,18,3832,2810,206.1057431891681,49.034357882484,3577,2555,4088,3066,0.0031507334,4492
62,18,3832,3321,206.12569031344606,49.027336277832624,3577,3066,4088,3577,34.010563,1
63,18,3832,3832,206.14563180122212,49.02031123839787,3577,3577,4088,4088,0.0029578612,4492
