,SCA,xmid,ymid,ramid,decmid,xmin,ymin,xmax,ymax,straylight_total,mainoffender_total
0,1,255,255,206.4582958558834,49.17648167135861,0,0,511,511,0.0021077655,4492
1,1,255,766,206.47919654554272,49.16949430211003,0,511,511,1022,0.0021102503,4492
2,1,255,1277,206.50009134250766,49.16250315956412,0,1022,511,1533,0.002068206,4492
3,1,255,1788,206.52098024371446,49.155508246715094,0,1533,511,2044,0.002164623,4492
4,1,255,2299,206.54186324610743,49.148509566559035,0,2044,511,2555,0.0020882534,4492
5,1,255,2810,206.5627403466389,49.141507122094026,0,2555,511,3066,0.002080709,4492
6,1,255,3321,206.58361154226915,49.1345009163199,0,3066,511,3577,0.0020486896,4492
7,1,255,3832,206.60447682996647,49.12749095223847,0,3577,511,4088,0.002016269,4492
8,1,766,255,206.46930922093924,49.19037118992011,511,0,1022,511,0.002051617,594
9,1,766,766,206.49021422811285,49.18338183409586,511,511,1022,1022,0.0020212852,4492
10,1,766,1277,206.5111133367875,49.17638870369055,511,1022,1022,1533,0.0020278962,4492
11,1,766,1788,206.53200654390042,49.16939180170044,511,1533,1022,2044,0.0020645706,4492
12,1,766,2299,206.55289384639693,49.16239113112383,511,2044,1022,2555,0.0020816165,4492
13,1,766,2810,206.5737752412303,49.15538669496091,511,2555,1022,3066,0.0020958798,4492
14,1,766,3321,206.5946507253618,49.1483784962136,511,3066,1022,3577,0.002067647,4492
15,1,766,3832,206.61552029576066,49.141366537885844,511,3577,1022,4088,0.0020702372,4492
16,1,1277,255,206.48032877560692,49.20425966592135,1022,0,1533,511,0.0020280415,4492
17,1,1277,766,206.50123810030084,49.19726832265037,1022,511,1533,1022,0.0020384744,4492
18,1,1277,1277,206.52214152068558,49.19027320351526,1022,1022,1533,1533,0.0021225745,4492
19,1,1277,1788,206.54303903369936,49.183274311514545,1022,1533,1533,2044,0.0020623507,4492
20,1,1277,2299,206.5639306362884,49.1762716496486,1022,2044,1533,2555,0.0020614897,4492
21,1,1277,2810,206.584816325407,49.169265220919684,1022,2555,1533,3066,0.0020369634,4492
22,1,1277,3321,206.60569609801738,49.16225502833196,1022,3066,1533,3577,0.0020481336,4492
23,1,1277,3832,206.62656995108983,49.15524107489143,1022,3577,1533,4088,0.001989427,4492
24,1,1788,255,206.49135452428985,49.218147096188126,1533,0,2044,511,0.0020918166,4492
25,1,1788,766,206.5122681665072,49.211153764598976,1533,511,2044,1022,0.0020395422,4492
26,1,1788,1277,206.53317589859938,49.20415665586349,1533,1022,2044,1533,0.0020068141,4492
27,1,1788,1788,206.55407771750566,49.197155772982306,1533,1533,2044,2044,0.0020493427,4492
28,1,1788,2299,206.57497362017327,49.19015111895794,1533,2044,2044,2555,0.0020846708,4492
29,1,1788,2810,206.5958636035574,49.18314269679474,1533,2555,2044,3066,0.0020600131,4492
30,1,1788,3321,206.61674766462136,49.17613050949906,1533,3066,2044,3577,0.002085758,4492
31,1,1788,3832,206.63762580033645,49.16911456007902,1533,3577,2044,4088,0.0020962814,4492
32,1,2299,255,206.50238647139471,49.23203347754537,2044,0,2555,511,0.0020462011,4492
33,1,2299,766,206.5233044311355,49.22503815676639,2044,511,2555,1022,0.0020964218,4492
34,1,2299,1277,206.5442164749295,49.21803905755962,2044,1022,2555,1533,0.0020651268,4492
35,1,2299,1788,206.56512259971697,49.21103618292782,2044,1533,2555,2044,0.0020436482,4492
36,1,2299,2299,206.5860228024461,49.20402953587565,2044,2044,2555,2555,0.0021143032,4492
37,1,2299,2810,206.60691708007312,49.19701911940963,2044,2555,2555,3066,0.0020546878,4492
38,1,2299,3321,206.62780542956233,49.19000493653818,2044,3066,2555,3577,0.0020637999,4492
39,1,2299,3832,206.64868784788598,49.1829869902716,2044,3577,2555,4088,0.0020686714,4492
40,1,2810,255,206.51342462133118,49.24591880681729,2555,0,3066,511,0.0020732945,4492
41,1,2810,766,206.53434689859245,49.23892149597652,2555,511,3066,1022,0.0020333931,4492
42,1,2810,1277,206.55526325407965,49.23192040542727,2555,1022,3066,1533,0.002080492,4492
43,1,2810,1788,206.57617368473396,49.22491553817446,2555,1533,3066,2044,0.0021227913,4492
44,1,2810,2299,206.5970781875046,49.21790689722485,2555,2044,3066,2555,0.002087194,594
45,1,2810,2810,206.61797675934875,49.210894485587126,2555,2555,3066,3066,0.0021086517,4492
46,1,2810,3321,206.6388693972318,49.203878306271854,2555,3066,3066,3577,0.0020376346,4492
47,1,2810,3832,206.659756098127,49.19685836229142,2555,3577,3066,4088,0.0019998092,4492
48,1,3321,255,206.52446897851212,49.2598030808273,3066,0,3577,511,0.0020396197,4492
49,1,3321,766,206.5453955732879,49.25280377905247,3066,511,3577,1022,0.0021036568,4492
50,1,3321,1277,206.5663162404566,49.24580069628927,3066,1022,3577,1533,0.0020713615,4492
51,1,3321,1788,206.58723097696037,49.23879383554476,3066,1533,3577,2044,0.002094903,4492
52,1,3321,2299,206.60813977974942,49.23178319982782,3066,2044,3577,2555,0.0020732533,4492
53,1,3321,2810,206.62904264578202,49.22476879214926,3066,2555,3577,3066,0.0020628287,4492
54,1,3321,3321,206.6499395720245,49.2177506155218,3066,3066,3577,3577,0.0020836946,4492
55,1,3321,3832,206.67083055545115,49.21072867295997,3066,3577,3577,4088,0.002051037,4492
56,1,3832,255,206.53551954735346,49.27368629639802,3577,0,4088,511,0.0020470533,4492
57,1,3832,766,206.55645045963473,49.266685002816615,3577,511,4088,1022,0.0020609342,4492
58,1,3832,1277,206.57737543847023,49.25967992696773,3577,1022,4088,1533,0.002038265,4492
59,1,3832,1788,206.59829448080308,49.25267107186051,3577,1533,4088,2044,0.00205991,4492
60,1,3832,2299,206.61920758358445,49.24565844050602,3577,2044,4088,2555,0.002095737,4492
61,1,3832,2810,206.64011474377372,49.23864203591725,3577,2555,4088,3066,0.0020453224,4492
62,1,3832,3321,206.66101595833814,49.231621861108984,3577,3066,4088,3577,0.0019969235,4492
63,1,3832,3832,206.6819112242531,49.22459791909791,3577,3577,4088,4088,0.0020544482,4492
0,2,255,255,206.2608730139407,49.242522335888445,0,0,511,511,0.0020580858,594
1,2,255,766,206.2814036457865,49.23576207982799,0,511,511,1022,3625.2156,1
2,2,255,1277,206.30192866420865,49.22899818420804,0,1022,511,1533,0.002022567,4492
3,2,255,1788,206.3224480662433,49.22223065181806,0,1533,511,2044,0.0020483437,4492
4,2,255,2299,206.34296184893404,49.21545948544933,0,2044,511,2555,603.1588,1
5,2,255,2810,206.36347000933182,49.208684687894845,0,2555,511,3066,0.0020225348,4492
6,2,255,3321,206.38397254449492,49.201906261949446,0,3066,511,3577,0.0020522077,4492
7,2,255,3832,206.40446945148912,49.195124210409695,0,3577,511,4088,0.0020506913,4492
8,2,766,255,206.27174490751918,49.256335766819205,511,0,1022,511,0.0020442188,4492
9,2,766,766,206.29227980100282,49.249573585055806,511,511,1022,1022,0.0020437767,4492
10,2,766,1277,206.3128090755329,49.24280776249183,511,1022,1022,1533,0.002093143,4492
11,2,766,1788,206.33333272814647,49.236038301918754,511,1533,1022,2044,0.002074353,4492
12,2,766,2299,206.35385075588783,49.22926520612983,511,2044,1022,2555,0.002013228,4492
13,2,766,2810,206.37436315580874,49.2224884779201,511,2555,1022,3066,0.0020641033,4492
14,2,766,3321,206.39486992496833,49.21570812008637,511,3066,1022,3577,0.0020626201,4492
15,2,766,3832,206.41537106043313,49.20892413542717,511,3577,1022,4088,0.0020649831,4492
16,2,1277,255,206.28262289185477,49.27014818219514,1022,0,1533,511,3453.94,1
17,2,1277,766,206.3031620470494,49.263384073877056,1022,511,1533,1022,0.0021116184,594
18,2,1277,1277,206.32369557775522,49.256616323518045,1022,1022,1533,1533,0.0020443075,4492
19,2,1277,1788,206.34422348100998,49.24984493391158,1022,1533,1533,2044,0.0021167959,4492
20,2,1277,2299,206.36474575385884,49.243069907852906,1022,2044,1533,2555,0.0020786133,4492
21,2,1277,2810,206.38526239335434,49.23629124813905,1022,2555,1533,3066,0.0020584064,4492
22,2,1277,3321,206.40577339655644,49.229508957568804,1022,3066,1533,3577,0.0021139428,4492
23,2,1277,3832,206.42627876053254,49.22272303894269,1022,3577,1533,4088,0.0020481918,4492
24,2,1788,255,206.29350697128237,49.28395957891624,1533,0,2044,511,0.0020596087,4492
25,2,1788,766,206.31405038825838,49.27719354319149,1533,511,2044,1022,0.0020792051,4492
26,2,1788,1277,206.3345881752048,49.27042386418613,1533,1022,2044,1533,0.0021070004,4492
27,2,1788,1788,206.35512032916026,49.26365054469568,1533,1533,2044,2044,0.0020332711,4492
28,2,1788,2299,206.37564684717066,49.256873587517376,1533,2044,2044,2555,0.0020437178,4492
29,2,1788,2810,206.39616772628943,49.25009299545021,1533,2555,2044,3066,0.0020593752,4492
30,2,1788,3321,206.4166829635773,49.243308771295005,1533,3066,2044,3577,0.0021134324,4492
31,2,1788,3832,206.43719255610245,49.236520917854286,1533,3577,2044,4088,0.002111156,594
32,2,2299,255,206.30439715013998,49.29776995388181,2044,0,2555,511,0.0020413538,4492
33,2,2299,766,206.32494482896487,49.29100198989805,2044,511,2555,1022,0.0020124326,4492
34,2,2299,1277,206.34548687221405,49.284230381394785,2044,1022,2555,1533,0.0020929256,4492
35,2,2299,1788,206.36602327692688,49.277455131169454,2044,1533,2555,2044,0.0020852587,4492
36,2,2299,2299,206.3865540401501,49.27067624202135,2044,2044,2555,2555,0.002143604,594
37,2,2299,2810,206.4070791589379,49.263893716751454,2044,2555,2555,3066,0.0021046,4492
38,2,2299,3321,206.4275986303519,49.25710755816257,2044,3066,2555,3577,0.0020349387,4492
39,2,2299,3832,206.4481124514611,49.25031776905924,2044,3577,2555,4088,0.0021380845,594
40,2,2810,255,206.3152934327687,49.31157930399032,2555,0,3066,511,0.0020712758,4492
41,2,2810,766,206.33584537350725,49.30480941089496,2555,511,3066,1022,0.002074841,594
42,2,2810,1277,206.35639167311845,49.2980358720419,2555,1022,3066,1533,0.0020622928,4492
43,2,2810,1788,206.37693232864248,49.29125869023056,2555,1533,3066,2044,0.0020698344,4492
44,2,2810,2299,206.3974673371269,49.28447786826223,2555,2044,3066,2555,0.0020414346,4492
45,2,2810,2810,206.41799669562673,49.27769340893988,2555,2555,3066,3066,0.0021047841,594
46,2,2810,3321,206.4385204012044,49.270905315068326,2555,3066,3066,3577,0.0020103664,4492
47,2,2810,3832,206.4590384509298,49.26411358945409,2555,3577,3066,4088,0.0020406048,4492
48,2,3321,255,206.32619582351276,49.325387626139545,3066,0,3577,511,0.0020174438,4492
49,2,3321,766,206.34675202622685,49.31861580307973,3066,511,3577,1022,0.0020341917,4492
50,2,3321,1277,206.36730258225654,49.311840333024726,3066,1022,3577,1533,0.0021205759,4492
51,2,3321,1788,206.38784748864276,49.30506121877591,3066,1533,3577,2044,0.002070084,4492
52,2,3321,2299,206.40838674243395,49.29827846313661,3066,2044,3577,2555,0.002006573,4492
53,2,3321,2810,206.42892034068595,49.29149206891182,3066,2555,3577,3066,0.0021281457,594
54,2,3321,3321,206.44944828046198,49.28470203890829,3066,3066,3577,3577,0.002075353,4492
55,2,3321,3832,206.46997055883284,49.2779083759346,3066,3577,3577,4088,0.002069242,4492
56,2,3832,255,206.33710432671944,49.339194917226436,3577,0,4088,511,0.0020716458,4492
57,2,3832,766,206.35766479146815,49.332421163349004,3577,511,4088,1022,0.0020578606,4492
58,2,3832,1277,206.37821960396994,49.32564376123958,3577,1022,4088,1533,0.0020524606,4492
59,2,3832,1788,206.39876876126652,49.318862713701606,3577,1533,4088,2044,0.0020498326,4492
60,2,3832,2299,206.4193122604072,49.31207802354034,3577,2044,4088,2555,0.0020295107,4492
61,2,3832,2810,206.43985009844863,49.30528969356281,3577,2555,4088,3066,0.002057816,4492
62,2,3832,3321,206.4603822724549,49.298497726577786,3577,3066,4088,3577,0.0020675962,4492
63,2,3832,3832,206.48090877949764,49.29170212539582,3577,3577,4088,4088,0.002096375,594
0,3,255,255,206.08420368400212,49.301477278645365,0,0,511,511,0.001862486,4492
1,3,255,766,206.104274332053,49.29490983828272,0,511,511,1022,0.0019040641,4492
2,3,255,1277,206.1243396376918,49.28833892073998,0,1022,511,1533,0.0019382624,4492
3,3,255,1788,206.14439959813154,49.28176452860491,0,1533,511,2044,0.0020498084,594
4,3,255,2299,206.16445421059188,49.27518666446681,0,2044,511,2555,0.0009091576,594
5,3,255,2810,206.18450347229927,49.2686053309167,0,2555,511,3066,0.0019795983,594
6,3,255,3321,206.20454738048682,49.26202053054716,0,3066,511,3577,0.0020013258,594
7,3,255,3832,206.2245859323944,49.25543226595238,0,3577,511,4088,0.0020216927,4492
8,3,766,255,206.09498801363492,49.315178946737845,511,0,1022,511,730.59595,1
9,3,766,766,206.11506281166174,49.308609639515524,511,511,1022,1022,0.0019464662,594
10,3,766,1277,206.13513226203736,49.30203685393578,511,1022,1022,1533,0.0019775964,594
11,3,766,1788,206.15519636197538,49.29546059258819,511,1533,1022,2044,0.0019460468,594
12,3,766,2299,206.17525510869626,49.28888085806395,511,2044,1022,2555,0.002014856,594
13,3,766,2810,206.19530849942714,49.28229765295589,511,2555,1022,3066,0.0020147401,594
14,3,766,3321,206.21535653140182,49.275710979858445,511,3066,1022,3577,0.001953889,594
15,3,766,3832,206.23539920186096,49.26912084136767,511,3577,1022,4088,0.0020458356,594
16,3,1277,255,206.10577834850446,49.328879615848685,1022,0,1533,511,0.0019267965,594
17,3,1277,766,206.1258572965937,49.322308440941214,1022,511,1533,1022,0.0018649567,4492
18,3,1277,1277,206.14593089178737,49.31573378649968,1022,1022,1533,1533,0.0020014413,594
19,3,1277,1788,206.16599913129994,49.30915565511547,1022,1533,1533,2044,0.0019058642,4492
20,3,1277,2299,206.18606201235247,49.30257404938163,1022,2044,1533,2555,0.0019035308,4492
21,3,1277,2810,206.20611953217278,49.29598897189285,1022,2555,1533,3066,0.0019956261,4492
22,3,1277,3321,206.2261716879955,49.2894004252454,1022,3066,1533,3577,0.0020734267,594
23,3,1277,3832,206.24621847706194,49.28280841203718,1022,3577,1533,4088,0.0019942932,594
24,3,1788,255,206.11657469286203,49.34257928295242,1533,0,2044,511,0.0018168264,4492
25,3,1788,766,206.13665779109746,49.336006239534115,1533,511,2044,1022,0.0020524797,594
26,3,1788,1277,206.1567355311879,49.329429715405716,1533,1022,2044,1533,0.0020689878,594
27,3,1788,1788,206.17680791034854,49.32284971316049,1533,1533,2044,2044,0.001960744,594
28,3,1788,2299,206.1968749258011,49.31626623539333,1533,2044,2044,2555,0.0020753215,594
29,3,1788,2810,206.21693657477417,49.30967928470076,1533,2555,2044,3066,0.002000279,594
30,3,1788,3321,206.23699285450311,49.30308886368093,1533,3066,2044,3577,0.0019479148,594
31,3,1788,3832,206.25704376222993,49.29649497493355,1533,3577,2044,4088,0.0020179024,594
32,3,2299,255,206.12737705096205,49.35627794502285,2044,0,2555,511,0.002011706,594
33,3,2299,766,206.1474642994248,49.34970303226771,2044,511,2555,1022,0.0019407843,594
34,3,2299,1277,206.167546184488,49.34312463762712,2044,1022,2555,1533,0.0018891528,4492
35,3,2299,1788,206.1876227033675,49.33654276369622,2044,1533,2555,2044,0.0019644024,4492
36,3,2299,2299,206.20769385328583,49.329957413071746,2044,2044,2555,2555,0.0019128305,4492
37,3,2299,2810,206.2277596314723,49.32336858835207,2044,2555,2555,3066,0.0020741413,594
38,3,2299,3321,206.24782003516293,49.31677629213718,2044,3066,2555,3577,0.0020587868,594
39,3,2299,3832,206.26787506160053,49.31018052702867,2044,3577,2555,4088,0.0020095054,594
40,3,2810,255,206.13818542706193,49.36997559903315,2555,0,3066,511,0.00187498,4492
41,3,2810,766,206.1582768258304,49.36339881611485,2555,511,3066,1022,0.0018970467,594
42,3,2810,1277,206.1783628559397,49.35681855013647,2555,1022,3066,1533,0.0018953013,594
43,3,2810,1788,206.19844351460625,49.350234803694946,2555,1533,3066,2044,0.0019429872,4492
44,3,2810,2299,206.21851879905338,49.34364757938887,2555,2044,3066,2555,0.0019898028,4492
45,3,2810,2810,206.23858870651114,49.33705687981849,2555,2555,3066,3066,0.0019518922,594
46,3,2810,3321,206.2586532342162,49.33046270758562,2555,3066,3066,3577,0.0019374832,4492
47,3,2810,3832,206.2787123794123,49.323865065293724,2555,3577,3066,4088,0.0020480906,594
48,3,3321,255,206.14899982542212,49.38367224195558,3066,0,3577,511,0.00199027,594
49,3,3321,766,206.16909537457212,49.37709358804761,3066,511,3577,1022,0.0019006577,4492
50,3,3321,1277,206.18918554979805,49.37051144990553,3066,1022,3577,1533,0.0018993004,4492
51,3,3321,1788,206.20927034831715,49.363925830128146,3066,1533,3577,2044,0.0020133622,594
52,3,3321,2299,206.22934976735343,49.35733673131596,3066,2044,3577,2555,0.0019695084,594
53,3,3321,2810,206.24942380413762,49.350744156071,3066,2555,3577,3066,0.0019582533,594
54,3,3321,3321,206.26949245590728,49.34414810699696,3066,3066,3577,3577,0.0019560226,4492
55,3,3321,3832,206.28955571990673,49.33754858669914,3066,3577,3577,4088,0.0019653582,4492
56,3,3832,255,206.15982025030615,49.39736787076179,3577,0,4088,511,0.0018625503,4492
57,3,3832,766,206.1799199499107,49.390787345037275,3577,511,4088,1022,0.0019375097,594
58,3,3832,1277,206.2000142703212,49.38420333390534,3577,1022,4088,1533,0.0019936776,594
59,3,3832,1788,206.22010320875557,49.37761583996665,3577,1533,4088,2044,0.001967977,594
60,3,3832,2299,206.24018676243858,49.371024865823514,3577,2044,4088,2555,0.0020002269,4492
61,3,3832,2810,206.26026492860177,49.364430414079855,3577,2555,4088,3066,0.0020176314,594
62,3,3832,3321,206.28033770448332,49.35783248734116,3577,3066,4088,3577,0.001992731,594
63,3,3832,3832,206.3004050873284,49.35123108821467,3577,3577,4088,4088,0.0019981954,594
0,4,255,255,206.58885533795635,49.28489204914061,0,0,511,511,0.002141856,4492
1,4,255,766,206.60987426865313,49.277942997691255,0,511,511,1022,0.0021156066,4492
2,4,255,1277,206.63088728334247,49.270990132268686,0,1022,511,1533,0.0020523823,4492
3,4,255,1788,206.65189437887148,49.26403345587982,0,1533,511,2044,0.0020585658,4492
4,4,255,2299,206.67289555209533,49.25707297153351,0,2044,511,2555,0.0020998411,4492
5,4,255,2810,206.69389079987744,49.25010868224057,0,2555,511,3066,0.002106574,4492
6,4,255,3321,206.71488011908937,49.24314059101375,0,3066,511,3577,0.0020199665,4492
7,4,255,3832,206.73586350661068,49.23616870086768,0,3577,511,4088,0.0020718987,4492
8,4,766,255,206.59999998420008,49.29867568194822,511,0,1022,511,0.0021031846,4492
9,4,766,766,206.62102322723584,49.29172461001418,511,511,1022,1022,0.0020776116,4492
10,4,766,1277,206.64204054839433,49.28476972283583,511,1022,1022,1533,0.0021174557,4492
11,4,766,1788,206.66305194452357,49.27781102342224,511,1533,1022,2044,0.0020815723,4492
12,4,766,2299,206.68405741247983,49.270848514784504,511,2044,1022,2555,0.002120568,4492
13,4,766,2810,206.70505694912745,49.26388219993558,511,2555,1022,3066,0.0020873023,4492
14,4,766,3321,206.726050551339,49.256912081890356,511,3066,1022,3577,0.0020834513,4492
15,4,766,3832,206.7470382159951,49.24993816366565,511,3577,1022,4088,0.0020981217,4492
16,4,1277,255,206.61115086992294,49.31245824767021,1022,0,1533,511,0.0020785145,4492
17,4,1277,766,206.63217842524,49.30550515434888,1022,511,1533,1022,0.0021687397,594
18,4,1277,1277,206.65320005280415,49.29854824451297,1022,1022,1533,1533,0.0020776154,4492
19,4,1277,1788,206.67421574946454,49.29158752117373,1022,1533,1533,2044,0.0020897624,4492
20,4,1277,2299,206.6952255120783,49.28462298734439,1022,2044,1533,2555,0.0020860594,4492
21,4,1277,2810,206.7162293375109,49.27765464604009,1022,2555,1533,3066,0.0020757555,4492
22,4,1277,3321,206.73722722263577,49.27068250027791,1022,3066,1533,3577,0.0021067811,4492
23,4,1277,3832,206.75821916433466,49.26370655307683,1022,3577,1533,4088,0.0020538652,4492
24,4,1788,255,206.6223079995209,49.32623974314444,1533,0,2044,511,0.0020942497,4492
25,4,1788,766,206.6433398670584,49.31928462753297,1533,511,2044,1022,0.0020785038,4492
26,4,1788,1277,206.66436580096172,49.312325694137456,1533,1022,2044,1533,0.0021585687,4492
27,4,1788,1788,206.68538579808094,49.305362945971304,1533,1533,2044,2044,0.0020959568,4492
28,4,1788,2299,206.70639985527427,49.29839638604992,1533,2044,2044,2555,0.0020582355,4492
29,4,1788,2810,206.72740796940806,49.29142601739062,1533,2555,2044,3066,0.002082713,4492
30,4,1788,3321,206.74841013735687,49.28445184301267,1533,3066,2044,3577,0.0020636446,4492
31,4,1788,3832,206.76940635600343,49.277473865937175,1533,3577,2044,4088,0.0020580273,4492
32,4,2299,255,206.63347137739282,49.34002016520797,2044,0,2555,511,0.0021625815,4492
33,4,2299,766,206.6545075570869,49.333063026403245,2044,511,2555,1022,0.0020781374,4492
34,4,2299,1277,206.67553779725972,49.3261020685458,2044,1022,2555,1533,0.0020797318,4492
35,4,2299,1788,206.6965620947624,49.319137294651256,2044,1533,2555,2044,0.0020745283,4492
36,4,2299,2299,206.71758044645418,49.3121687077371,2044,2044,2555,2555,0.0020615389,4492
37,4,2299,2810,206.73859284920235,49.30519631082289,2044,2555,2555,3066,0.0020722898,4492
38,4,2299,3321,206.75959929988255,49.29822010693005,2044,3066,2555,3577,0.002141041,594
39,4,2299,3832,206.7805997953785,49.29124009908189,2044,3577,2555,4088,0.0020219467,4492
40,4,2810,255,206.64464100794078,49.35379951069706,2555,0,3066,511,0.001983685,4492
41,4,2810,766,206.66568149972431,49.34684034779572,2555,511,3066,1022,0.0020533253,4492
42,4,2810,1277,206.6867160460939,49.33987736457374,2555,1022,3066,1533,0.0020751897,4492
43,4,2810,1788,206.70774464390155,49.33291056404895,2555,1533,3066,2044,0.0020663578,4492
44,4,2810,2299,206.72876729000745,49.3259399492411,2555,2044,3066,2555,0.0020779644,4492
45,4,2810,2810,206.74978398128007,49.31896552317186,2555,2555,3066,3066,0.00205567,4492
46,4,2810,3321,206.77079471459592,49.31198728886476,2555,3066,3066,3577,0.0020419103,4492
47,4,2810,3832,206.79179948683992,49.3050052493454,2555,3577,3066,4088,0.002005057,4492
48,4,3321,255,206.65581689556973,49.36757777644722,3066,0,3577,511,0.0021239677,594
49,4,3321,766,206.67686169937264,49.360616588545554,3066,511,3577,1022,0.0020617559,4492
50,4,3321,1277,206.69790055186303,49.35365157905625,3066,1022,3577,1533,0.002030238,4492
51,4,3321,1788,206.71893344989394,49.3466827509992,3066,1533,3577,2044,0.0020937866,594
52,4,3321,2299,206.73996039032664,49.33971010739639,3066,2044,3577,2555,0.002009138,4492
53,4,3321,2810,206.76098137003055,49.332733651271624,3066,2555,3577,3066,0.002066079,4492
54,4,3321,3321,206.7819963858833,49.32575338565072,3066,3066,3577,3577,0.0020183611,4492
55,4,3321,3832,206.80300543477068,49.318769313561326,3066,3577,3577,4088,0.0020450882,4492
56,4,3832,255,206.66699904468774,49.381354959293155,3577,0,4088,511,1713.9082,1
57,4,3832,766,206.6880481604367,49.374391745487266,3577,511,4088,1022,0.0020695864,4492
58,4,3832,1277,206.70909131896883,49.367424708827436,3577,1022,4088,1533,0.0020469257,4492
59,4,3832,1788,206.73012851713827,49.36045385233585,3577,1533,4088,2044,0.002060286,4492
60,4,3832,2299,206.75115975180722,49.353479179036555,3577,2044,4088,2555,0.0019453829,4492
61,4,3832,2810,206.77218501984615,49.346500691955626,3577,2555,4088,3066,0.0020569807,4492
62,4,3832,3321,206.79320431813375,49.33951839412099,3577,3066,4088,3577,0.0020115664,4492
63,4,3832,3832,206.81421764355684,49.33253228856251,3577,3577,4088,4088,0.0020660283,4492
0,5,255,255,206.39053183427606,49.35156665155419,0,0,511,511,0.0020830715,4492
1,5,255,766,206.4111873007013,49.34481877545278,0,511,511,1022,0.0020881097,4492
2,5,255,1277,206.43183710831875,49.33806721748634,0,1022,511,1533,0.0021262355,4492
3,5,255,1788,206.45248125409128,49.33131198047017,0,1533,511,2044,0.0020399524,4492
4,5,255,2299,206.47311973498918,49.324553067221366,0,2044,511,2555,0.0020882196,4492
5,5,255,2810,206.4937525479903,49.31779048055885,0,2555,511,3066,0.002105791,4492
6,5,255,3321,206.51437969008015,49.31102422330334,0,3066,511,3577,0.0021084065,4492
7,5,255,3832,206.53500115825162,49.30425429827736,0,3577,511,4088,0.0020332977,4492
8,5,766,255,206.40163904994068,49.365245964804885,511,0,1022,511,0.0021769141,594
9,5,766,766,206.42229874371554,49.35849611049332,511,511,1022,1022,0.0021630172,594
10,5,766,1277,206.44295277306128,49.351742573100395,511,1022,1022,1533,0.0020591347,4492
11,5,766,1788,206.46360113494154,49.34498535544346,511,1533,1022,2044,0.002070486,4492
12,5,766,2299,206.48424382632757,49.338224460341664,511,2044,1022,2555,0.0020898534,4492
13,5,766,2810,206.50488084419808,49.33145989061595,511,2555,1022,3066,0.0020502796,4492
14,5,766,3321,206.52551218553936,49.32469164908908,511,3066,1022,3577,0.0020928627,4492
15,5,766,3832,206.54613784734528,49.31791973858567,511,3577,1022,4088,0.002089522,4492
16,5,1277,255,206.41275245157124,49.378924218465286,1022,0,1533,511,0.0021313808,4492
17,5,1277,766,206.43341637264686,49.372172385051776,1022,511,1533,1022,0.0020401971,4492
18,5,1277,1277,206.4540746236666,49.365416867341374,1022,1022,1533,1533,0.0020378516,4492
19,5,1277,1788,206.47472720159482,49.35865766815341,1022,1533,1533,2044,0.0020694183,4492
20,5,1277,2299,206.4953741034037,49.35189479030911,1022,2044,1533,2555,0.0020846,4492
21,5,1277,2810,206.5160153260728,49.34512823663146,1022,2555,1533,3066,0.0021236646,4492
22,5,1277,3321,206.53665086658938,49.3383580099453,1022,3066,1533,3577,0.002087718,4492
23,5,1277,3832,206.55728072194813,49.331584113077255,1022,3577,1533,4088,0.0021083718,4492
24,5,1788,255,206.42387204349998,49.39260140943144,1533,0,2044,511,0.0020784042,4492
25,5,1788,766,206.4445401918246,49.385847596023986,1533,511,2044,1022,0.0020976644,594
26,5,1788,1277,206.4652026644609,49.37909009710478,1533,1022,2044,1533,0.002091422,4492
27,5,1788,1788,206.48585945837428,49.37232891549529,1533,1533,2044,2044,0.0021421188,594
28,5,1788,2299,206.5065105705377,49.36556405401874,1533,2044,2044,2555,0.0021375574,594
29,5,1788,2810,206.5271559979317,49.35879551550021,1533,2555,2044,3066,0.0021008188,4492
30,5,1788,3321,206.54779573754433,49.35202330276651,1533,3066,2044,3577,0.0020734158,4492
31,5,1788,3832,206.5684297863713,49.34524741864635,1533,3577,2044,4088,0.0020725625,4492
32,5,2299,255,206.43499783006212,49.406277534598736,2044,0,2555,511,0.0020939468,594
33,5,2299,766,206.45567020558082,49.39952174030496,2044,511,2555,1022,0.0020947985,4492
34,5,2299,1277,206.4763368997734,49.39276225928544,2044,1022,2555,1533,0.0020825237,4492
35,5,2299,1788,206.4969979096061,49.38599909436364,2044,1533,2555,2044,0.0020115133,4492
36,5,2299,2299,206.51765323205282,49.379232248364836,2044,2044,2555,2555,0.0020473276,4492
37,5,2299,2810,206.5383028640949,49.372461724116135,2044,2555,2555,3066,0.0020398793,4492
38,5,2299,3321,206.55894680272138,49.36568752444645,2044,3066,2555,3577,0.0021148555,594
39,5,2299,3832,206.5795850449288,49.358909652186505,2044,3577,2555,4088,0.0021125474,4492
40,5,2810,255,206.44612981559587,49.419952590861655,2555,0,3066,511,0.0019836046,4492
41,5,2810,766,206.46680641825077,49.41319481478904,2555,511,3066,1022,0.0020479073,4492
42,5,2810,1277,206.48747733393625,49.4064333507774,2555,1022,3066,1533,0.0020595526,4492
43,5,2810,1788,206.50814255961944,49.399668201652204,2555,1533,3066,2044,0.001999453,4492
44,5,2810,2299,206.52880209227507,49.39289937024088,2555,2044,3066,2555,0.0021092058,4492
45,5,2810,2810,206.54945592888544,49.386126859372524,2555,2555,3066,3066,0.0020678798,4492
46,5,2810,3321,206.5701040664405,49.379350671878136,2555,3066,3066,3577,0.002135199,4492
47,5,2810,3832,206.59074650193767,49.37257081059044,2555,3577,3066,4088,0.0020949428,4492
48,5,3321,255,206.45726800444237,49.43362657511402,3066,0,3577,511,0.002062346,4492
49,5,3321,766,206.47794883417257,49.42686681636968,3066,511,3577,1022,0.0020903426,4492
50,5,3321,1277,206.49862397128456,49.42010336847381,3066,1022,3577,1533,0.0020174128,4492
51,5,3321,1788,206.51929341274632,49.413336234254,3066,1533,3577,2044,0.0020143758,4492
52,5,3321,2299,206.5399571555335,49.40656541653959,3066,2044,3577,2555,0.002059591,4492
53,5,3321,2810,206.56061519662933,49.39979091816184,3066,2555,3577,3066,0.00207785,4492
54,5,3321,3321,206.5812675330246,49.39301274195373,3066,3066,3577,3577,0.0020957824,4492
55,5,3321,3832,206.60191416171773,49.3862308907501,3066,3577,3577,4088,0.0021044065,4492
56,5,3832,255,206.46841240094568,49.4472994842488,3577,0,4088,511,0.002039909,4492
57,5,3832,766,206.48909745768728,49.44053774193965,3577,511,4088,1022,0.001999549,4492
58,5,3832,1277,206.50977681615635,49.433772309267276,3577,1022,4088,1533,0.002066295,4492
59,5,3832,1788,206.53045047332176,49.42700318906122,3577,1533,4088,2044,0.0021590171,594
60,5,3832,2299,206.5511184261601,49.42023038415297,3577,2044,4088,2555,0.0021045073,4492
61,5,3832,2810,206.57178067165546,49.4134538973758,3577,2555,4088,3066,0.0020772694,594
62,5,3832,3321,206.5924372067996,49.406673731564744,3577,3066,4088,3577,0.0021049806,594
63,5,3832,3832,206.61308802859185,49.399889889556704,3577,3577,4088,4088,0.0020549323,4492
0,6,255,255,206.21403944605424,49.410275078676115,0,0,511,511,0.001917089,4492
1,6,255,766,206.23430181844913,49.40377146937913,0,511,511,1022,0.0019296882,4492
2,6,255,1277,206.25455882946676,49.39726431819721,0,1022,511,1533,0.0021368412,594
3,6,255,1788,206.2748104761726,49.39075362773541,0,1533,511,2044,0.002009007,594
4,6,255,2299,206.29505675563897,49.384239400600556,0,2044,511,2555,0.0019869374,594
5,6,255,2810,206.31529766494512,49.37772163940112,0,2555,511,3066,0.0020215104,594
6,6,255,3321,206.3355332011773,49.371200346747294,0,3066,511,3577,0.0020379697,594
7,6,255,3832,206.35576336142853,49.36467552525098,0,3577,511,4088,0.0020708477,594
8,6,766,255,206.225040740839,49.423856237815,511,0,1022,511,0.0019656664,594
9,6,766,766,206.24530726836554,49.41735070704397,511,511,1022,1022,0.0019660196,4492
10,6,766,1277,206.2655684291779,49.41084163322065,511,1022,1022,1533,0.0020079745,594
11,6,766,1788,206.2858242203422,49.40432901895198,511,1533,1022,2044,0.0020317014,594
12,6,766,2299,206.30607463893156,49.397812866846714,511,2044,1022,2555,0.002060776,594
13,6,766,2810,206.32631968202588,49.39129317951523,511,2555,1022,3066,0.0020066448,594
14,6,766,3321,206.34655934671213,49.38476995956965,511,3066,1022,3577,0.002013718,594
15,6,766,3832,206.36679363008406,49.37824320962374,511,3577,1022,4088,0.0020337484,594
16,6,1277,255,206.2360481312167,49.43743635782043,1022,0,1533,511,0.0019490492,594
17,6,1277,766,206.2563188138735,49.43092890469901,1022,511,1533,1022,0.0019593833,594
18,6,1277,1277,206.27658412447397,49.42441790735862,1022,1022,1533,1533,0.0019698672,594
19,6,1277,1788,206.29684406008496,49.41790336840817,1022,1533,1533,2044,0.0019855003,4492
20,6,1277,2299,206.3170986177803,49.4113852904583,1022,2044,1533,2555,0.0020372465,594
21,6,1277,2810,206.33734779464055,49.40486367612129,1022,2555,1533,3066,0.0020176193,594
22,6,1277,3321,206.35759158775346,49.39833852801113,1022,3066,1533,3577,0.0020237628,594
23,6,1277,3832,206.3778299942135,49.391809848743584,1022,3577,1533,4088,0.0020292802,594
24,6,1788,255,206.24706162144173,49.45101543566197,1533,0,2044,511,0.0019495512,594
25,6,1788,766,206.2673364592245,49.44450605931356,1533,511,2044,1022,0.002017589,594
26,6,1788,1277,206.28760591960366,49.43799313758023,1533,1022,2044,1533,0.0019282621,4492
27,6,1788,1788,206.3078699996467,49.43147667307282,1533,1533,2044,2044,0.0019156745,594
28,6,1788,2299,206.3281286964281,49.42495666840386,1533,2044,2044,2555,0.0020060518,4492
29,6,1788,2810,206.3483820070293,49.41843312618755,1533,2555,2044,3066,0.0020160715,4492
30,6,1788,3321,206.36862992853858,49.4119060490398,1533,3066,2044,3577,0.0019828398,594
31,6,1788,3832,206.38887245805125,49.40537543957828,1533,3577,2044,4088,0.0020033985,4492
32,6,2299,255,206.25808121577137,49.46459346830851,2044,0,2555,511,0.0020157567,594
33,6,2299,766,206.2783602086731,49.458082167856226,2044,511,2555,1022,0.001957701,4492
34,6,2299,1277,206.29863381881862,49.45156732085383,2044,1022,2555,1533,0.0019213347,4492
35,6,2299,1788,206.31890204327618,49.445048929914,2044,1533,2555,2044,0.0019790716,594
36,6,2299,2299,206.33916487912094,49.43852699765123,2044,2044,2555,2555,0.0020022762,594
37,6,2299,2810,206.35942232343507,49.43200152668162,2044,2555,2555,3066,0.001973768,4492
38,6,2299,3321,206.37967437330764,49.425472519622986,2044,3066,2555,3577,0.0020325566,594
39,6,2299,3832,206.39992102583463,49.41893997909489,2044,3577,2555,4088,0.0020309708,594
40,6,2810,255,206.2691069184658,49.47817045272814,2555,0,3066,511,0.001985171,594
41,6,2810,766,206.28939006647653,49.471657227294884,2555,511,3066,1022,0.0019234217,594
42,6,2810,1277,206.30966782637327,49.46514045414696,2555,1022,3066,1533,0.002007229,594
43,6,2810,1788,206.32994019522496,49.45862013589905,2555,1533,3066,2044,0.00193109,4492
44,6,2810,2299,206.35020717010752,49.45209627516748,2555,2044,3066,2555,0.0019627213,4492
45,6,2810,2810,206.3704687481038,49.445568874570284,2555,2555,3066,3066,0.0020292033,594
46,6,2810,3321,206.39072492630365,49.439037936727225,2555,3066,3066,3577,0.0020387722,594
47,6,2810,3832,206.41097570180378,49.43250346425973,2555,3577,3066,4088,0.0021153344,594
48,6,3321,255,206.28013873378814,49.49174638588825,3066,0,3577,511,0.0019575127,594
49,6,3321,766,206.30042603689512,49.48523123459659,3066,511,3577,1022,0.0019629172,594
50,6,3321,1277,206.32070794652503,49.47871253442652,3066,1022,3577,1533,0.0020200906,594
51,6,3321,1788,206.34098445974766,49.47219028799455,3066,1533,3577,2044,0.0019819667,594
52,6,3321,2299,206.36125557363954,49.46566449791892,3066,2044,3577,2555,0.0019890647,594
53,6,3321,2810,206.38152128528432,49.45913516681963,3066,2555,3577,3066,0.0019807285,4492
54,6,3321,3321,206.40178159177256,49.45260229731833,3066,3066,3577,3577,0.0019905264,4492
55,6,3321,3832,206.42203649020175,49.446065892038355,3066,3577,3577,4088,0.0020369038,594
56,6,3832,255,206.29117666600442,49.50532126475542,3577,0,4088,511,0.0019148827,4492
57,6,3832,766,206.31146812419195,49.49880418672775,3577,511,4088,1022,0.0019142017,594
58,6,3832,1277,206.33175418353423,49.49228355865855,3577,1022,4088,1533,0.0019293264,594
59,6,3832,1788,206.35203484110164,49.48575938316628,3577,1533,4088,2044,0.0020614106,594
60,6,3832,2299,206.37231009397152,49.479231662871136,3577,2044,4088,2555,0.0019955756,594
61,6,3832,2810,206.39257993922826,49.47270040039496,3577,2555,4088,3066,0.0020203332,594
62,6,3832,3321,206.4128443739631,49.46616559836135,3577,3066,4088,3577,0.001976237,4492
63,6,3832,3832,206.4331033952744,49.45962725939558,3577,3577,4088,4088,0.0020101299,594
0,7,255,255,206.77276786179297,49.37538489403993,0,0,511,511,0.0019878608,4492
1,7,255,766,206.79391318793705,49.368415981974714,0,511,511,1022,0.0020558697,4492
2,7,255,1277,206.8150525264675,49.36144321176695,0,1022,511,1533,0.002036148,4492
3,7,255,1788,206.8361858741744,49.3544665864672,0,1533,511,2044,0.001981093,4492
4,7,255,2299,206.85731322785628,49.347486109128006,0,2044,511,2555,0.0019969903,4492
5,7,255,2810,206.8784345843199,49.340501782803855,0,2555,511,3066,0.0020004704,594
6,7,255,3321,206.8995499403804,49.33351361055123,0,3066,511,3577,0.002042165,4492
7,7,255,3832,206.92065929286127,49.326521595428595,0,3577,511,4088,0.0020137604,4492
8,7,766,255,206.78397785027155,49.389015432994036,511,0,1022,511,0.002084935,594
9,7,766,766,206.80512745834488,49.382044477369696,511,511,1022,1022,0.001994597,4492
10,7,766,1277,206.8262710728753,49.3750696623471,511,1022,1022,1533,0.0020402223,594
11,7,766,1788,206.84740869065396,49.368090990978985,511,1533,1022,2044,0.0020098346,4492
12,7,766,2299,206.86854030848048,49.36110846632009,511,2044,1022,2555,0.0021010821,594
13,7,766,2810,206.8896659231626,49.354122091427136,511,2555,1022,3066,0.0019489706,4492
14,7,766,3321,206.91078553151655,49.34713186935879,511,3066,1022,3577,0.001995742,4492
15,7,766,3832,206.93189913036687,49.340137803175736,511,3577,1022,4088,0.0019784523,594
16,7,1277,255,206.7951940649229,49.40264489268972,1022,0,1533,511,684.7042,1
17,7,1277,766,206.81634795479982,49.39567189259073,1022,511,1533,1022,0.0020256485,594
18,7,1277,1277,206.83749584519893,49.388695031838544,1022,1022,1533,1533,0.0019780758,4492
19,7,1277,1788,206.8586377329123,49.381714313488146,1022,1533,1533,2044,0.0020009738,594
20,7,1277,2299,206.87977361474063,49.374729740596464,1022,2044,1533,2555,0.0020337556,594
21,7,1277,2810,206.90090348749277,49.36774131622246,1022,2555,1533,3066,0.0019780393,4492
22,7,1277,3321,206.922027347986,49.36074904342699,1022,3066,1533,3577,0.001947988,4492
23,7,1277,3832,206.9431451930459,49.3537529252729,1022,3577,1533,4088,0.0019413932,594
24,7,1788,255,206.8064165100752,49.41627327001664,1533,0,2044,511,0.002023637,4492
25,7,1788,766,206.82757468162694,49.40929822452714,1533,511,2044,1022,0.0019737976,4492
26,7,1788,1277,206.8487268477602,49.40231931713039,1533,1022,2044,1533,0.002049763,594
27,7,1788,1788,206.86987300526806,49.395336550883535,1533,1533,2044,2044,0.0020275328,4492
28,7,1788,2299,206.89101315095226,49.38834992884574,1533,2044,2044,2555,0.0019805008,4492
29,7,1788,2810,206.91214728162274,49.381359454078165,1533,2555,2044,3066,0.001971868,4492
30,7,1788,3321,206.93327539409785,49.37436512964387,1533,3066,2044,3577,0.0020793236,594
31,7,1788,3832,206.95439748520425,49.36736695860794,1533,3577,2044,4088,0.0020517285,594
32,7,2299,255,206.8176451900596,49.4299005618636,2044,0,2555,511,0.001962534,4492
33,7,2299,766,206.83880764315424,49.42292347006754,2044,511,2555,1022,0.001985688,4492
34,7,2299,1277,206.8599640848839,49.415942515110956,2044,1022,2555,1533,0.0019699552,4492
35,7,2299,1788,206.8811145120428,49.40895770005322,2044,1533,2555,2044,0.0020236222,594
36,7,2299,2299,206.90225892143374,49.40196902795575,2044,2044,2555,2555,0.0019984008,4492
37,7,2299,2810,206.92339730986765,49.394976501881835,2044,2555,2555,3066,0.002039284,4492
38,7,2299,3321,206.94452967416404,49.38798012489679,2044,3066,2555,3577,0.0020160063,4492
39,7,2299,3832,206.96565601115066,49.38097990006793,2044,3577,2555,4088,0.0020013147,4492
40,7,2810,255,206.82888010921008,49.443526765118655,2555,0,3066,511,0.0020122866,594
41,7,2810,766,206.85004684371248,49.43654762609968,2555,511,3066,1022,0.0020353214,594
42,7,2810,1277,206.87120756089763,49.42956462266778,2555,1022,3066,1533,0.0020664171,594
43,7,2810,1788,206.892362257561,49.42257775788454,2555,1533,3066,2044,0.0020379708,4492
44,7,2810,2299,206.91351093050625,49.415587034813505,2555,2044,3066,2555,0.0020425676,594
45,7,2810,2810,206.9346535765455,49.408592456520246,2555,2555,3066,3066,0.0019785156,4492
46,7,2810,3321,206.95579019249936,49.40159402607232,2555,3066,3066,3577,0.0019755221,4492
47,7,2810,3832,206.97692077519667,49.394591746539156,2555,3577,3066,4088,0.0020102349,594
48,7,3321,255,206.84012127186358,49.4571518766691,3066,0,3577,511,0.0020213223,4492
49,7,3321,766,206.86129228763534,49.45017068951066,3066,511,3577,1022,0.0019973698,594
50,7,3321,1277,206.88245728013194,49.44318563668766,3066,1022,3577,1533,0.0020442356,4492
51,7,3321,1788,206.90361624614985,49.43619672126393,3066,1533,3577,2044,0.002007794,4492
52,7,3321,2299,206.92476918249386,49.429203946305286,3066,2044,3577,2555,0.0019571176,4492
53,7,3321,2810,206.94591608597722,49.422207314879444,3066,2555,3577,3066,0.0019765159,4492
54,7,3321,3321,206.96705695342152,49.41520683005618,3066,3066,3577,3577,0.0019317882,4492
55,7,3321,3832,206.9881917816568,49.408202494907165,3066,3577,3577,4088,0.0019679004,4492
56,7,3832,255,206.8513686823599,49.47077589340145,3577,0,4088,511,0.0020236364,594
57,7,3832,766,206.87254397925946,49.46379265718667,3577,511,4088,1022,0.0020800678,594
58,7,3832,1277,206.89371324692019,49.456805554056565,3577,1022,4088,1533,0.0019755396,4492
59,7,3832,1788,206.91487648213962,49.44981458707721,3577,1533,4088,2044,0.0020139639,594
60,7,3832,2299,206.93603368172361,49.442819759316585,3577,2044,4088,2555,0.0019988222,594
61,7,3832,2810,206.9571848424865,49.43582107384466,3577,2555,4088,3066,6843.7695,1
62,7,3832,3321,206.978329961251,49.42881853373341,3577,3066,4088,3577,0.002033039,594
63,7,3832,3832,206.99946903484826,49.42181214205673,3577,3577,4088,4088,0.0019755557,594
0,8,255,255,206.57357371559084,49.44256055282583,0,0,511,511,0.0019168163,4492
1,8,255,766,206.59447102043865,49.435848648460016,0,511,511,1022,0.0019125545,594
2,8,255,1277,206.61536261258476,49.429132977355984,0,1022,511,1533,0.0019239384,4492
3,8,255,1788,206.6362484888185,49.42241354237353,0,1533,511,2044,0.0019563613,4492
4,8,255,2299,206.65712864593692,49.41569034637435,0,2044,511,2555,0.0020167737,594
5,8,255,2810,206.67800308074501,49.408963392222084,0,2555,511,3066,0.002001449,594
6,8,255,3321,206.69887179005553,49.40223268278225,0,3066,511,3577,0.0018878217,4492
7,8,255,3832,206.71973477068912,49.39549822092237,0,3577,511,4088,0.0019196541,4492
8,8,766,255,206.584723552967,49.456110937258785,511,0,1022,511,0.0018944092,4492
9,8,766,766,206.60562511366777,49.44939702486288,511,511,1022,1022,0.002000617,594
10,8,766,1277,206.62652095595573,49.44267934450483,511,1022,1022,1533,0.0019375338,4492
11,8,766,1788,206.64741107662095,49.4359578990465,511,1533,1022,2044,0.001969346,594
12,8,766,2299,206.6682954724615,49.429232691351736,511,2044,1022,2555,0.0020068996,594
13,8,766,2810,206.68917414028303,49.42250372428627,511,2555,1022,3066,0.0020109243,594
14,8,766,3321,206.7100470768993,49.41577100071777,511,3066,1022,3577,0.0019173214,594
15,8,766,3832,206.73091427913164,49.409034523515786,511,3577,1022,4088,0.001950829,594
16,8,1277,255,206.5958795613099,49.46966025440204,1022,0,1533,511,0.0020432146,594
17,8,1277,766,206.61678537778945,49.462944333054864,1022,511,1533,1022,0.0018998802,4492
18,8,1277,1277,206.63768547013956,49.45622464252237,1022,1022,1533,1533,0.0019668038,594
19,8,1277,1788,206.65857983515107,49.449501185668574,1022,1533,1533,2044,0.0019208833,4492
20,8,1277,2299,206.67946846962286,49.44277396535939,1022,2044,1533,2555,0.0019434092,594
21,8,1277,2810,206.70035137036155,49.43604298446268,1022,2555,1533,3066,0.0019577043,594
22,8,1277,3321,206.7212285341816,49.42930824584822,1022,3066,1533,3577,0.0019282991,594
23,8,1277,3832,206.7420999579053,49.42256975238764,1022,3577,1533,4088,0.00195863,594
24,8,1788,255,206.6070417448975,49.48320850119815,1533,0,2044,511,0.0019706024,594
25,8,1788,766,206.62795181707858,49.47649056997826,1533,511,2044,1022,0.001952112,594
26,8,1788,1277,206.648856159408,49.4697688683507,1533,1022,2044,1533,0.00196973,594
27,8,1788,1788,206.6697547686775,49.46304339918153,1533,1533,2044,2044,0.0019556019,594
28,8,1788,2299,206.6906476416867,49.45631416533887,1533,2044,2044,2555,0.0019085453,4492
29,8,1788,2810,206.7115347752431,49.44958116969259,1533,2555,2044,3066,0.001997448,594
30,8,1788,3321,206.732416166162,49.44284441511464,1533,3066,2044,3577,0.0019184332,4492
31,8,1788,3832,206.75329181126662,49.43610390447878,1533,3577,2044,4088,0.0019272248,594
32,8,2299,255,206.61821010801046,49.49675567458895,2044,0,2555,511,0.0020808256,594
33,8,2299,766,206.63912443581287,49.49003573257463,2044,511,2555,1022,0.0019481212,594
34,8,2299,1277,206.6600330280358,49.48331201893104,2044,1022,2555,1533,0.001943088,4492
35,8,2299,1788,206.68093588147187,49.47658453652639,2044,1533,2555,2044,0.0019510335,594
36,8,2299,2299,206.70183299292154,49.46985328823087,2044,2044,2555,2555,0.001978425,4492
37,8,2299,2810,206.72272435919314,49.4631182769165,2044,2555,2555,3066,0.0019946555,594
38,8,2299,3321,206.7436099771029,49.45637950545729,2044,3066,2555,3577,0.0019247402,594
39,8,2299,3832,206.76448984347485,49.44963697672917,2044,3577,2555,4088,0.00196132,594
40,8,2810,255,206.6293846549324,49.510301771515444,2555,0,3066,511,0.0019757932,594
41,8,2810,766,206.6503032382728,49.503579817784725,2555,511,3066,1022,0.0019595907,594
42,8,2810,1277,206.67121608030038,49.49685409120396,2555,1022,3066,1533,0.0019829676,594
43,8,2810,1788,206.69212317780855,49.49012459464345,2555,1533,3066,2044,0.0019466949,594
44,8,2810,2299,206.71302452759866,49.48339133097545,2555,2044,3066,2555,0.0019264387,4492
45,8,2810,2810,206.73392012647992,49.47665430307418,2555,2555,3066,3066,0.001917956,4492
46,8,2810,3321,206.75480997126942,49.46991351381573,2555,3066,3066,3577,0.0019385181,594
47,8,2810,3832,206.77569405879208,49.4631689660781,2555,3577,3066,4088,0.001957269,594
48,8,3321,255,206.64056538994987,49.52384678891789,3066,0,3577,511,0.0019445522,594
49,8,3321,766,206.66148822874186,49.517122822548586,3066,511,3577,1022,0.0020244229,594
50,8,3321,1277,206.68240532048208,49.51039508210919,3066,1022,3577,1533,0.0019581742,594
51,8,3321,1788,206.70331666196483,49.503663570472156,3066,1533,3577,2044,0.0019690034,594
52,8,3321,2299,206.72422224999235,49.496928290511875,3066,2044,3577,2555,0.001973749,594
53,8,3321,2810,206.74512208137457,49.49018924510464,3066,2555,3577,3066,0.0019784323,594
54,8,3321,3321,206.7660161529296,49.483446437128656,3066,3066,3577,3577,0.0019536698,594
55,8,3321,3832,206.78690446148323,49.47669986946408,3066,3577,3577,4088,0.00203579,594
56,8,3832,255,206.65175231735213,49.53739072373581,3577,0,4088,511,0.001958245,4492
57,8,3832,766,206.67267941150624,49.530664743805445,3577,511,4088,1022,0.0019814754,594
58,8,3832,1277,206.69360075286409,49.52393498858574,3577,1022,4088,1533,0.0019639242,4492
59,8,3832,1788,206.71451633822082,49.517201460951284,3577,1533,4088,2044,0.0019509192,4492
60,8,3832,2299,206.73542616437948,49.51046416377861,3577,2044,4088,2555,0.0019745405,594
61,8,3832,2810,206.756330228151,49.503723099946086,3577,2555,4088,3066,0.001983832,594
62,8,3832,3321,206.7772285263543,49.49697827233409,3577,3066,4088,3577,0.002123794,594
63,8,3832,3832,206.798121055816,49.49022968382483,3577,3577,4088,4088,0.002020788,594
0,9,255,255,206.39850940937575,49.50230148034488,0,0,511,511,0.001977021,594
1,9,255,766,206.41905284279508,49.49581037702943,0,511,511,1022,0.0020136298,594
2,9,255,1277,206.43959083346485,49.48931563470134,0,1022,511,1533,0.0020107527,594
3,9,255,1788,206.4601233782721,49.482817256027985,0,1533,511,2044,0.0019682765,594
4,9,255,2299,206.48065047411097,49.47631524367844,0,2044,511,2555,0.0019888082,594
5,9,255,2810,206.5011721178829,49.469809600323664,0,2555,511,3066,0.0019646534,594
6,9,255,3321,206.52168830649654,49.463300328636365,0,3066,511,3577,0.0020293584,594
7,9,255,3832,206.5421990368678,49.4567874312911,0,3577,511,4088,0.0019830558,594
8,9,766,255,206.4096445181627,49.515738729298306,511,0,1022,511,0.0019194656,594
9,9,766,766,206.43019212300783,49.50924565518422,511,511,1022,1022,0.0020129269,594
10,9,766,1277,206.4507342796381,49.50274894088763,511,1022,1022,1533,0.0019536745,594
11,9,766,1788,206.47127098494116,49.496248589077766,511,1533,1022,2044,0.0020015223,594
12,9,766,2299,206.4918022358119,49.48974460242573,511,2044,1022,2555,0.0019616515,594
13,9,766,2810,206.51232802915246,49.483236983604506,511,2555,1022,3066,0.0019830274,594
14,9,766,3321,206.53284836187217,49.47672573528879,511,3066,1022,3577,0.0019945095,594
15,9,766,3832,206.55336323088773,49.47021086015508,511,3577,1022,4088,0.0019442699,594
16,9,1277,255,206.42078575119942,49.52917491408651,1022,0,1533,511,0.0019028145,594
17,9,1277,766,206.44133752739828,49.522679868257796,1022,511,1533,1022,0.001985248,594
18,9,1277,1277,206.4618838499116,49.516181181077336,1022,1022,1533,1533,0.0019888736,594
19,9,1277,1788,206.48242471562773,49.50967885521641,1022,1533,1533,2044,0.001987481,594
20,9,1277,2299,206.50296012144233,49.50317289334814,1022,2044,1533,2555,0.0020832187,594
21,9,1277,2810,206.52349006425817,49.49666329814738,1022,2555,1533,3066,0.0019758511,594
22,9,1277,3321,206.54401454098536,49.49015007229092,1022,3066,1533,3577,0.0020635386,594
23,9,1277,3832,206.56453354854136,49.4836332184572,1022,3577,1533,4088,0.0019814551,594
24,9,1788,255,206.4319331126965,49.54261003170662,1533,0,2044,511,0.0018938886,4492
25,9,1788,766,206.452489060174,49.536113013246954,1533,511,2044,1022,0.0019333248,594
26,9,1788,1277,206.47303954849002,49.5296123522671,1533,1022,2044,1533,0.0019575066,594
27,9,1788,1788,206.49358457453357,49.523108051440325,1533,1533,2044,2044,0.0019757117,594
28,9,1788,2299,206.51412413520097,49.51660011344172,1533,2044,2044,2555,0.0019746239,594
29,9,1788,2810,206.53465822739582,49.51008854094816,1533,2555,2044,3066,0.0019709805,594
30,9,1788,3321,206.55518684802894,49.50357333663838,1533,3066,2044,3577,0.0020205912,594
31,9,1788,3832,206.57570999401847,49.49705450319289,1533,3577,2044,4088,0.001988576,594
32,9,2299,255,206.4430866068674,49.556044079155015,2044,0,2555,511,0.001933919,594
33,9,2299,766,206.46364672554554,49.54954508714786,2044,511,2555,1022,0.0019378263,594
34,9,2299,1277,206.48420137958087,49.5430424514528,2044,1022,2555,1533,0.0019571206,594
35,9,2299,1788,206.50475056586313,49.53653617474511,2044,1533,2555,2044,0.001943639,594
36,9,2299,2299,206.5252942812894,49.530026259701884,2044,2044,2555,2555,0.0019403242,594
37,9,2299,2810,206.54583252276396,49.52351270900198,2044,2555,2555,3066,0.002002299,594
38,9,2299,3321,206.5663652871984,49.516995525326124,2044,3066,2555,3577,0.0019279105,4492
39,9,2299,3832,206.58689257151164,49.51047471135682,2044,3577,2555,4088,0.0019894224,594
40,9,2810,255,206.45424623792826,49.569477053427335,2555,0,3066,511,0.0020025254,594
41,9,2810,766,206.47481052772602,49.56297608695585,2555,511,3066,1022,0.0019360967,594
42,9,2810,1277,206.49536934739433,49.556471475629564,2555,1022,3066,1533,0.001991318,594
43,9,2810,1788,206.51592269382368,49.54996322212564,2555,1533,3066,2044,0.0020062078,594
44,9,2810,2299,206.53647056391188,49.543451329123265,2555,2044,3066,2555,0.0019077377,4492
45,9,2810,2810,206.55701295456387,49.536935799303244,2555,2555,3066,3066,0.0019558275,594
46,9,2810,3321,206.57754986269205,49.53041663534828,2555,3066,3066,3577,0.0019861078,594
47,9,2810,3832,206.59808128521607,49.523893839942886,2555,3577,3066,4088,0.0019751256,594
48,9,3321,255,206.46541201009808,49.58290895151841,3066,0,3577,511,0.0019410225,594
49,9,3321,766,206.48598047093145,49.576406009665575,3066,511,3577,1022,0.0019596461,594
50,9,3321,1277,206.50654345614345,49.56989942179174,3066,1022,3577,1533,0.0019598273,594
51,9,3321,1788,206.52710096262524,49.563389190576096,3066,1533,3577,2044,0.0019597916,594
52,9,3321,2299,206.54765298727534,49.556875318699745,3066,2044,3577,2555,0.0019531504,594
53,9,3321,2810,206.56819952699956,49.55035780884556,3066,2555,3577,3066,0.0020296387,594
54,9,3321,3321,206.58874057871094,49.54383666369824,3066,3066,3577,3577,0.0019495934,594
55,9,3321,3832,206.6092761393299,49.53731188594428,3066,3577,3577,4088,0.0019924052,594
56,9,3832,255,206.4765839275985,49.59633977042241,3577,0,4088,511,0.001953099,594
57,9,3832,766,206.49715655938056,49.589834852270904,3577,511,4088,1022,0.0019057501,594
58,9,3832,1277,206.51772371004392,49.583326286932966,3577,1022,4088,1533,0.0019855541,594
59,9,3832,1788,206.53828537648053,49.5768140770898,3577,1533,4088,2044,0.0019233304,594
60,9,3832,2299,206.55884155558965,49.57029822542447,3577,2044,4088,2555,0.0019357709,594
61,9,3832,2810,206.5793922442778,49.56377873462189,3577,2555,4088,3066,0.0020102889,594
62,9,3832,3321,206.59993743945878,49.5572556073687,3577,3066,4088,3577,0.00204938,594
63,9,3832,3832,206.62047713805387,49.55072884635341,3577,3577,4088,4088,0.0019943113,594
0,10,255,255,206.36438524262135,49.05571110472011,0,0,511,511,0.002234065,594
1,10,255,766,206.38520683105583,49.04868908675853,0,511,511,1022,0.0021260276,4492
2,10,255,1277,206.40602254495957,49.04166332173787,0,1022,511,1533,0.0021225405,4492
3,10,255,1788,206.42683238132574,49.034633812648195,0,1533,511,2044,0.0022264018,4492
4,10,255,2299,206.44763633715553,49.027600562481425,0,2044,511,2555,0.0022615157,594
5,10,255,2810,206.46843440945793,49.02056357423136,0,2555,511,3066,0.0022034661,4492
6,10,255,3321,206.48922659524982,49.01352285089359,0,3066,511,3577,0.0022546733,594
7,10,255,3832,206.51001289155604,49.00647839546562,0,3577,511,4088,0.0021495419,4492
8,10,766,255,206.37517880201568,49.06966485923317,511,0,1022,511,0.0021494327,4492
9,10,766,766,206.39600471770228,49.062640900539925,511,511,1022,1022,0.002143185,4492
10,10,766,1277,206.41682475313473,49.05561319348491,511,1022,1022,1533,0.0021187316,4492
11,10,766,1788,206.43763890530713,49.04858174106023,511,1533,1022,2044,0.0021734515,4492
12,10,766,2299,206.45844717122148,49.041546546259944,511,2044,1022,2555,0.0021934882,4492
13,10,766,2810,206.47924954788778,49.03450761207988,511,2555,1022,3066,0.0022379311,4492
14,10,766,3321,206.50004603232387,49.02746494151779,511,3066,1022,3577,0.0021864465,4492
15,10,766,3832,206.52083662155547,49.020418537573235,511,3577,1022,4088,6143.8164,1
16,10,1277,255,206.38597842959652,49.083617611916644,1022,0,1533,511,0.0021405458,4492
17,10,1277,766,206.4068086726309,49.076591711660754,1022,511,1533,1022,3489.832,1
18,10,1277,1277,206.42763302968206,49.0695620617411,1022,1022,1533,1533,0.0021050302,4492
19,10,1277,1788,206.44845149774503,49.06252866515192,1022,1533,1533,2044,0.0022131528,4492
20,10,1277,2299,206.46926407382279,49.05549152488932,1022,2044,1533,2555,0.0021403749,4492
21,10,1277,2810,206.49007075492622,49.04845064395123,1022,2555,1533,3066,0.0021526637,4492
22,10,1277,3321,206.5108715380741,49.04140602533747,1022,3066,1533,3577,0.0022470825,594
23,10,1277,3832,206.53166642029313,49.0343576720497,1022,3577,1533,4088,0.0021635098,4492
24,10,1788,255,206.3967841297146,49.09756935962763,1533,0,2044,511,0.0021548094,4492
25,10,1788,766,206.41761870018956,49.09054151697783,1533,511,2044,1022,0.0020904276,4492
26,10,1788,1277,206.43844737894665,49.083509923363,1533,1022,2044,1533,0.0021668128,4492
27,10,1788,1788,206.4592701629818,49.076474581779486,1533,1533,2044,2044,0.0021413674,4492
28,10,1788,2299,206.48008704929893,49.06943549522544,1533,2044,2044,2555,0.0021334714,4492
29,10,1788,2810,206.50089803490985,49.06239266670096,1533,2555,2044,3066,0.0022095686,594
30,10,1788,3321,206.52170311683435,49.0553460992079,1533,3066,2044,3577,0.0021458687,4492
31,10,1788,3832,206.54250229209998,49.04829579575005,1533,3577,2044,4088,0.00212891,4492
32,10,2299,255,206.40759590672383,49.11152009922247,2044,0,2555,511,0.0020695825,4492
33,10,2299,766,206.42843480472936,49.10449031334718,2044,511,2555,1022,0.0021299336,4492
34,10,2299,1277,206.44926780527675,49.09745677520632,2044,1022,2555,1533,0.0021487197,4492
35,10,2299,1788,206.47009490536283,49.09041948779833,2044,1533,2555,2044,0.0020888753,4492
36,10,2299,2299,206.4909161019925,49.083378454123505,2044,2044,2555,2555,0.002151688,4492
37,10,2299,2810,206.51173139217846,49.07633367718395,2044,2555,2555,3066,0.0021093327,4492
38,10,2299,3321,206.53254077294147,49.069285159983686,2044,3066,2555,3577,0.0021706005,4492
39,10,2299,3832,206.5533442413101,49.06223290552855,2044,3577,2555,4088,0.0021141928,4492
40,10,2810,255,206.41841376498132,49.125469827556735,2555,0,3066,511,0.0021431027,4492
41,10,2810,766,206.43925699060458,49.118438097624065,2555,511,3066,1022,0.0020918339,4492
42,10,2810,1277,206.4600943130238,49.11140261412604,2555,1022,3066,1533,0.0020816415,4492
43,10,2810,1788,206.48092572923676,49.10436338006318,2555,1533,3066,2044,0.0021091306,4492
44,10,2810,2299,206.50175123624925,49.09732039843787,2555,2044,3066,2555,0.0021050863,4492
45,10,2810,2810,206.52257083107497,49.09027367225433,2555,2555,3066,3066,0.0021527132,4492
46,10,2810,3321,206.5433845107356,49.083223204518646,2555,3066,3066,3577,0.0021176431,4492
47,10,2810,3832,206.5641922722607,49.076168998238785,2555,3577,3066,4088,0.0021591869,4492
48,10,3321,255,206.4292377088473,49.139418541485256,3066,0,3577,511,0.0020902727,4492
49,10,3321,766,206.45008526217265,49.13238486666304,3066,511,3577,1022,0.0021281054,4492
50,10,3321,1277,206.4709269065424,49.12534743697642,3066,1022,3577,1533,0.0021332812,4492
51,10,3321,1788,206.4917626389553,49.11830625542796,3066,1533,3577,2044,0.0020885183,4492
52,10,3321,2299,206.51259245641805,49.11126132502219,3066,2044,3577,2555,0.0021061143,4492
53,10,3321,2810,206.53341635594535,49.10421264876544,3066,2555,3577,3066,0.002136962,4492
54,10,3321,3321,206.55423433455985,49.09716022966587,3066,3066,3577,3577,0.0021927464,4492
55,10,3321,3832,206.57504638929205,49.09010407073349,3066,3577,3577,4088,0.00210978,4492
56,10,3832,255,206.4400677426852,49.15336623786206,3577,0,4088,511,0.002101189,4492
57,10,3832,766,206.46091962379413,49.146330617317844,3577,511,4088,1022,0.002133916,4492
58,10,3832,1277,206.48176559019026,49.13929124061085,3577,1022,4088,1533,0.002143051,4492
59,10,3832,1788,206.50260563887335,49.13224811074586,3577,1533,4088,2044,0.0021113323,4492
60,10,3832,2299,206.523439766851,49.12520123072939,3577,2044,4088,2555,0.00208152,4492
61,10,3832,2810,206.54426797113888,49.11815060356987,3577,2555,4088,3066,0.002083756,4492
62,10,3832,3321,206.56509024876058,49.11109623227762,3577,3066,4088,3577,0.0020995815,4492
63,10,3832,3832,206.58590659674766,49.1040381198647,3577,3577,4088,4088,0.0021306237,4492
0,11,255,255,206.16784471742108,49.12168376251942,0,0,511,511,0.0020858918,4492
1,11,255,766,206.1882553697531,49.11483040433112,0,511,511,1022,0.0020848708,4492
2,11,255,1277,206.20866038851685,49.10797344677186,0,1022,511,1533,0.0020863912,4492
3,11,255,1788,206.22905977087052,49.101112892644174,0,1533,511,2044,0.0021234248,594
4,11,255,2299,206.2494535139796,49.09424874475233,0,2044,511,2555,0.002120255,4492
5,11,255,2810,206.2698416150169,49.08738100590229,0,2555,511,3066,0.002133087,4492
6,11,255,3321,206.2902240711624,49.08050967890176,0,3066,511,3577,0.0021230392,594
7,11,255,3832,206.31060087960347,49.07363476656008,0,3577,511,4088,0.0021232585,4492
8,11,766,255,206.17850603958013,49.135557717035745,511,0,1022,511,0.0020994863,4492
9,11,766,766,206.19892093547068,49.12870248030892,511,511,1022,1022,0.0020887956,4492
10,11,766,1277,206.21933019233728,49.12184364296,511,1022,1022,1533,0.002223953,594
11,11,766,1788,206.23973380733892,49.114981207793505,511,1533,1022,2044,0.0021001906,4492
12,11,766,2299,206.26013177764187,49.10811517761558,511,2044,1022,2555,0.0021521754,4492
13,11,766,2810,206.28052410041977,49.10124555523418,511,2555,1022,3066,0.0021105327,4492
14,11,766,3321,206.30091077285348,49.094372343458936,511,3066,1022,3577,0.0020983177,4492
15,11,766,3832,206.32129179213118,49.08749554510117,511,3577,1022,4088,0.0021309068,594
16,11,1277,255,206.18917333511305,49.1494306944561,1022,0,1533,511,0.0020736938,4492
17,11,1277,766,206.20959247469884,49.14257357838998,1022,511,1533,1022,0.0020509067,4492
18,11,1277,1277,206.23000596979963,49.13571286045127,1022,1022,1533,1533,0.0020963934,4492
19,11,1277,1788,206.2504138175752,49.128848543446445,1022,1533,1533,2044,0.0020648648,4492
20,11,1277,2299,206.27081601519276,49.12198063018367,1022,2044,1533,2555,0.002125252,4492
21,11,1277,2810,206.29121255982665,49.115109123472806,1022,2555,1533,3066,0.0021634405,4492
22,11,1277,3321,206.3116034486586,49.10823402612542,1022,3066,1533,3577,0.0020956115,594
23,11,1277,3832,206.33198867887765,49.10135534095479,1022,3577,1533,4088,0.0021454485,594
24,11,1788,255,206.1998466083013,49.16330269171042,1533,0,2044,511,0.002090135,4492
25,11,1788,766,206.22026999171644,49.15644369550383,1533,511,2044,1022,0.0020772566,4492
26,11,1788,1277,206.24068772518007,49.14958109617491,1533,1022,2044,1533,0.0020868522,4492
27,11,1788,1788,206.261099805853,49.14271489653203,1533,1533,2044,2044,0.0021537687,594
28,11,1788,2299,206.28150623090312,49.135845099385314,1533,2044,2044,2555,0.0021016262,4492
29,11,1788,2810,206.30190699750563,49.12897170754656,1533,2555,2044,3066,96.68094,1
30,11,1788,3321,206.3223021028432,49.12209472382933,1533,3066,2044,3577,704.51306,1
31,11,1788,3832,206.34269154410563,49.11521415104878,1533,3577,2044,4088,0.002028192,4492
32,11,2299,255,206.2105258634295,49.17717370572779,2044,0,2555,511,0.0020833502,594
33,11,2299,766,206.2309534908053,49.17031282857935,2044,511,2555,1022,0.0020808121,594
34,11,2299,1277,206.25137546275792,49.163448347059465,2044,1022,2555,1533,0.0021123067,4492
35,11,2299,1788,206.27179177644882,49.156580263978505,2044,1533,2555,2044,0.002114703,4492
36,11,2299,2299,206.29220242904682,49.14970858214845,2044,2044,2555,2555,0.0020997007,4492
37,11,2299,2810,206.31260741772806,49.14283330438314,2044,2555,2555,3066,95.45254,1
38,11,2299,3321,206.33300673967582,49.13595443349803,2044,3066,2555,3577,0.0021184846,594
39,11,2299,3832,206.35340039208103,49.12907197231028,2044,3577,2555,4088,0.0020493662,4492
40,11,2810,255,206.22121110478537,49.191043733436615,2555,0,3066,511,0.0020386851,4492
41,11,2810,766,206.24164297625057,49.18418097454462,2555,511,3066,1022,0.0021133453,594
42,11,2810,1277,206.2620691868155,49.17731461003277,2555,1022,3066,1533,0.0020970097,4492
43,11,2810,1788,206.28248973364242,49.17044464271332,2555,1533,3066,2044,0.0020318301,4492
44,11,2810,2299,206.302904613901,49.16357107540031,2555,2044,3066,2555,0.0021206653,594
45,11,2810,2810,206.32331382476818,49.15669391090945,2555,2555,3066,3066,0.00212646,4492
46,11,2810,3321,206.34371736342825,49.14981315205818,2555,3066,3066,3577,0.0020273596,4492
47,11,2810,3832,206.36411522707283,49.14292880166559,2555,3577,3066,4088,0.002064189,4492
48,11,3321,255,206.2319023366598,49.204912771764555,3066,0,3577,511,0.0021121912,594
49,11,3321,766,206.25233845234047,49.198048130327024,3066,511,3577,1022,0.00210468,594
50,11,3321,1277,206.27276890163836,49.19117988202186,3066,1022,3577,1533,0.0021655832,594
51,11,3321,1788,206.29319368171662,49.18430802966333,3066,1533,3577,2044,0.0021211966,4492
52,11,3321,2299,206.31361278974575,49.177432576067375,3066,2044,3577,2555,0.002067201,4492
53,11,3321,2810,206.33402622290356,49.17055352405171,3066,2555,3577,3066,0.002077618,4492
54,11,3321,3321,206.35443397837523,49.16367087643569,3066,3066,3577,3577,0.0020833553,4492
55,11,3321,3832,206.37483605335314,49.15678463604038,3066,3577,3577,4088,0.0020350602,4492
56,11,3832,255,206.2425995633468,49.21878081763854,3577,0,4088,511,0.0020545765,4492
57,11,3832,766,206.26303992336628,49.211914292853145,3577,511,4088,1022,0.0021010372,4492
58,11,3832,1277,206.28347461151517,49.20504415995309,3577,1022,4088,1533,0.0020946593,4492
59,11,3832,1788,206.30390362495743,49.198170421754554,3577,1533,4088,2044,0.002073173,4492
60,11,3832,2299,206.3243269608644,49.19129308107542,3577,2044,4088,2555,1644.0504,1
61,11,3832,2810,206.34474461641477,49.18441214073538,3577,2555,4088,3066,0.0021070756,4492
62,11,3832,3321,206.36515658879458,49.17752760355574,3577,3066,4088,3577,0.0020665063,4492
63,11,3832,3832,206.38556287519717,49.17063947235955,3577,3577,4088,4088,0.0020724481,594
0,12,255,255,205.9917087611004,49.18062290820239,0,0,511,511,0.0020975233,594
1,12,255,766,206.01165204930535,49.173950334003734,0,511,511,1022,0.0019834628,4492
2,12,255,1277,206.03158996678488,49.167274324464984,0,1022,511,1533,0.0021212245,594
3,12,255,1788,206.0515225108816,49.16059488219007,0,1533,511,2044,0.0020887065,594
4,12,255,2299,206.0714496789446,49.15391200978431,0,2044,511,2555,0.002166621,594
5,12,255,2810,206.0913714683297,49.14722570985478,0,2555,511,3066,0.002048986,4492
6,12,255,3321,206.11128787639936,49.14053598500998,0,3066,511,3577,0.0021367741,4492
7,12,255,3832,206.13119890052258,49.13384283786002,0,3577,511,4088,0.0022072184,4492
8,12,766,255,206.0022376210911,49.19439880663024,511,0,1022,511,0.0020616804,4492
9,12,766,766,206.02218504764681,49.18772442021495,511,511,1022,1022,0.0021699572,199
10,12,766,1277,206.04212709831407,49.18104659726857,511,1022,1022,1533,0.002238755,199
11,12,766,1788,206.062063770436,49.17436534039671,511,1533,1022,2044,0.0021449695,594
12,12,766,2299,206.0819950613626,49.167680652206634,511,2044,1022,2555,0.0021153954,4492
13,12,766,2810,206.10192096845034,49.160992535307116,511,2555,1022,3066,0.002115421,4492
14,12,766,3321,206.12184148906246,49.154300992308485,511,3066,1022,3577,0.002161591,594
15,12,766,3832,206.14175662056869,49.14760602582264,511,3577,1022,4088,0.0022228514,594
16,12,1277,255,206.0127723506608,49.208173752377014,1022,0,1533,511,0.0020662493,4492
17,12,1277,766,206.0327239157341,49.20149755297724,1022,511,1533,1022,0.002132015,594
18,12,1277,1277,206.0526700997507,49.19481791585593,1022,1022,1533,1533,0.002053464,594
19,12,1277,1788,206.07261090005466,49.18813484362057,1022,1533,1533,2044,0.0021387173,594
20,12,1277,2299,206.09254631399648,49.18144833888011,1022,2044,1533,2555,0.002171879,594
21,12,1277,2810,206.11247633893353,49.174758404245225,1022,2555,1533,3066,0.0020845882,4492
22,12,1277,3321,206.13240097222968,49.16806504232801,1022,3066,1533,3577,0.002231233,594
23,12,1277,3832,206.15232021125556,49.16136825574212,1022,3577,1533,4088,0.002103725,594
24,12,1788,255,206.0233129540062,49.22194774245248,1533,0,2044,511,0.0020731972,4492
25,12,1788,766,206.04326865776133,49.21526972930003,1533,511,2044,1022,0.0020184629,4492
26,12,1788,1277,206.0632189752866,49.208588277236274,1533,1022,2044,1533,0.002110972,594
27,12,1788,1788,206.08316390392667,49.20190338887043,1533,1533,2044,2044,0.0021494033,594
28,12,1788,2299,206.10310344103297,49.195215066813354,1533,2044,2044,2555,0.0020962926,4492
29,12,1788,2810,206.12303758396342,49.18852331367741,1533,2555,2044,3066,0.0021573764,4492
30,12,1788,3321,206.14296633008277,49.18182813207655,1533,3066,2044,3577,0.0022134823,594
31,12,1788,3832,206.16288967676235,49.17512952462625,1533,3577,2044,4088,0.0021598549,594
32,12,2299,255,206.0338594353271,49.23572077386564,2044,0,2555,511,0.0020339708,4492
33,12,2299,766,206.0538192779259,49.22904094619205,2044,511,2555,1022,0.002046344,4492
34,12,2299,1277,206.07377372911654,49.222357678417985,2044,1022,2555,1533,0.0020987035,4492
35,12,2299,1788,206.09372278624446,49.2156709731545,2044,1533,2555,2044,0.00217841,4492
36,12,2299,2299,206.11366644666182,49.20898083301418,2044,2044,2555,2555,0.002061872,4492
37,12,2299,2810,206.13360470772733,49.202287260611236,2044,2555,2555,3066,0.002067865,4492
38,12,2299,3321,206.15353756680645,49.19559025856142,2044,3066,2555,3577,0.0022532549,594
39,12,2299,3832,206.17346502127128,49.188889829481994,2044,3577,2555,4088,0.0021793132,594
40,12,2810,255,206.04441179882636,49.24949284362477,2555,0,3066,511,231.08481,1
41,12,2810,766,206.0643757804281,49.242811200661315,2555,511,3066,1022,0.0021522613,594
42,12,2810,1277,206.08433436543834,49.236126116408805,2555,1022,3066,1533,0.0020935687,594
43,12,2810,1788,206.10428755120333,49.22943759348018,2555,1533,3066,2044,0.0021541205,594
44,12,2810,2299,206.12423533507587,49.222745634489726,2555,2044,3066,2555,0.0021503475,594
45,12,2810,2810,206.14417771441555,49.21605024205359,2555,2555,3066,3066,0.002142043,4492
46,12,2810,3321,206.16411468658853,49.2093514187892,2555,3066,3066,3577,0.0021388708,4492
47,12,2810,3832,206.1840462489677,49.20264916731568,2555,3577,3066,4088,0.0021624642,594
48,12,3321,255,206.05497004871,49.26326394873744,3066,0,3577,511,0.0019855613,4492
49,12,3321,766,206.07493816947144,49.25658048971506,3066,511,3577,1022,0.0020585058,4492
50,12,3321,1277,206.09490088845303,49.24989358821575,3066,1022,3577,1533,0.0021974628,594
51,12,3321,1788,206.1148582030017,49.24320324685415,3066,1533,3577,2044,0.00221732,594
52,12,3321,2299,206.13481011047108,49.23650946824649,3066,2044,3577,2555,0.0022182001,594
53,12,3321,2810,206.15475660822148,49.229812255010565,3066,2555,3577,3066,0.0021247638,594
54,12,3321,3321,206.17469769361986,49.223111609765745,3066,3066,3577,3577,0.0022345402,594
55,12,3321,3832,206.19463336403987,49.21640753513288,3066,3577,3577,4088,0.0022452886,594
56,12,3832,255,206.06553418918708,49.277034086210534,3577,0,4088,511,0.0020936124,594
57,12,3832,766,206.08550644926248,49.270348810359906,3577,511,4088,1022,0.0020196303,4492
58,12,3832,1277,206.1054733023646,49.263660090845065,3577,1022,4088,1533,0.0021642467,594
59,12,3832,1788,206.12543474584112,49.25696793028247,3577,1533,4088,2044,0.0021445868,4492
60,12,3832,2299,206.14539077704643,49.25027233129013,3577,2044,4088,2555,0.0022396955,4492
61,12,3832,2810,206.16534139334163,49.243573296487696,3577,2555,4088,3066,0.0022355216,594
62,12,3832,3321,206.1852865920944,49.236870828496215,3577,3066,4088,3577,0.0022338298,594
63,12,3832,3832,206.20522637067918,49.230164929938496,3577,3577,4088,4088,0.0021338328,4492
0,13,255,255,206.3078742248377,48.92304174482619,0,0,511,511,0.0021899755,4492
1,13,255,766,206.32860692171337,48.91591955395917,0,511,511,1022,0.0022554712,4492
2,13,255,1277,206.34933371327648,48.90879364553358,0,1022,511,1533,0.0021961755,4492
3,13,255,1788,206.37005459662726,48.90166402256428,0,1533,511,2044,0.0022531732,4492
4,13,255,2299,206.3907695688737,48.894530688068016,0,2044,511,2555,0.002250176,4492
5,13,255,2810,206.41147862713177,48.887393645063284,0,2555,511,3066,0.0022697877,4492
6,13,255,3321,206.43218176852514,48.880252896570425,0,3066,511,3577,72.61298,1
7,13,255,3832,206.45287899018535,48.87310844561156,0,3577,511,4088,2595.9873,1
8,13,766,255,206.31850508586905,48.93696741509362,511,0,1022,511,0.0022424278,4492
9,13,766,766,206.33924205473303,48.92984331967855,511,511,1022,1022,0.0022022782,4492
10,13,766,1277,206.35997311263452,48.922715505405385,511,1022,1022,1533,0.0022433896,4492
11,13,766,1788,206.38069825667463,48.91558397529104,511,1533,1022,2044,0.0022748748,4492
12,13,766,2299,206.40141748396243,48.90844873235428,511,2044,1022,2555,0.0021828052,4492
13,13,766,2810,206.42213079161476,48.90130977961568,511,2555,1022,3066,0.0021953117,4492
14,13,766,3321,206.44283817675634,48.89416712009764,511,3066,1022,3577,0.0022255236,4492
15,13,766,3832,206.4635396365197,48.88702075682427,511,3577,1022,4088,0.0022913218,4492
16,13,1277,255,206.32914188368298,48.95089211289859,1022,0,1533,511,2650.2605,1
17,13,1277,766,206.34988312464475,48.94376611214967,1022,511,1533,1022,0.0022108424,4492
18,13,1277,1277,206.3706184489886,48.9366363912438,1022,1022,1533,1533,0.0022577378,4492
19,13,1277,1788,206.39134785381663,48.9295029532,1022,1533,1533,2044,0.0021473132,4492
20,13,1277,2299,206.41207133623882,48.92236580103906,1022,2044,1533,2555,0.0022136108,4492
21,13,1277,2810,206.43278889337307,48.9152249377836,1022,2555,1533,3066,0.0021932854,4492
22,13,1277,3321,206.453500522345,48.908080366458066,1022,3066,1533,3577,3414.2358,1
23,13,1277,3832,206.4742062202882,48.900932090088624,1022,3577,1533,4088,1366.8568,1
24,13,1788,255,206.33978462252006,48.96481583515562,1533,0,2044,511,0.0022328862,4492
25,13,1788,766,206.3605301356865,48.95768792828674,1533,511,2044,1022,0.002146444,4492
26,13,1788,1277,206.381269726574,48.950556299962784,1533,1022,2044,1533,0.0022381446,4492
27,13,1788,1788,206.4020033922858,48.94342095320482,1533,1533,2044,2044,0.0022118688,4492
28,13,1788,2299,206.42273112993274,48.936281891035684,1533,2044,2044,2555,0.0022299301,4492
29,13,1788,2810,206.44345293663375,48.92913911648009,1533,2555,2044,3066,0.0022335695,4492
30,13,1788,3321,206.46416880951554,48.92199263256447,1533,3066,2044,3577,0.0021933252,4492
31,13,1788,3832,206.48487874571256,48.91484244231712,1533,3577,2044,4088,0.002194553,4492
32,13,2299,255,206.35043330662415,48.978738578778504,2044,0,2555,511,0.0021886788,4492
33,13,2299,766,206.37118309209927,48.97160876500324,2044,511,2555,1022,0.0021417437,4492
34,13,2299,1277,206.3919269496291,48.96447522847549,2044,1022,2555,1533,0.0021732608,4492
35,13,2299,1788,206.4126648763177,48.95733797221838,2044,1533,2555,2044,0.0022041725,4492
36,13,2299,2299,206.43339686927706,48.95019699925681,2044,2044,2555,2555,82.81315,1
37,13,2299,2810,206.45412292562708,48.94305231261748,2044,2555,2555,3066,0.0022366932,594
38,13,2299,3321,206.4748430424953,48.935903915328964,2044,3066,2555,3577,0.0022493314,4492
39,13,2299,3832,206.49555721701745,48.92875181042152,2044,3577,2555,4088,0.0022040035,4492
40,13,2810,255,206.36108794024204,48.99266034068027,2555,0,3066,511,0.0021083932,4492
41,13,2810,766,206.38184199812724,48.98552861921192,2555,511,3066,1022,0.0022248721,4492
42,13,2810,1277,206.40259012239525,48.97839317369443,2555,1022,3066,1533,0.0022250735,4492
43,13,2810,1788,206.4233323101511,48.97125400715291,2555,1533,3066,2044,0.0022198486,4492
44,13,2810,2299,206.4440685585078,48.9641111226143,2555,2044,3066,2555,0.0021317597,4492
45,13,2810,2810,206.4647988645862,48.95696452310741,2555,2555,3066,3066,0.0021901901,4492
46,13,2810,3321,206.48552322551495,48.94981421166283,2555,3066,3066,3577,0.002328693,594
47,13,2810,3832,206.50624163843065,48.94266019131292,2555,3577,3066,4088,0.002246918,4492
48,13,3321,255,206.37174852762368,49.00658111777326,3066,0,3577,511,0.0021835882,4492
49,13,3321,766,206.39250685801767,48.99944748782488,3066,511,3577,1022,0.0021522918,4492
50,13,3321,1277,206.413259249117,48.99231013253133,3066,1022,3577,1533,0.0021993795,4492
51,13,3321,1788,206.4340056980278,48.98516905491981,3066,1533,3577,2044,0.0021690305,4492
52,13,3321,2299,206.454746201864,48.978024258019346,3066,2044,3577,2555,0.0021440883,4492
53,13,3321,2810,206.47548075774748,48.97087574486075,3066,2555,3577,3066,0.002175404,4492
54,13,3321,3321,206.49620936280797,48.963723518476705,3066,3066,3577,3577,0.0022297227,4492
55,13,3321,3832,206.51693201418306,48.9565675819016,3066,3577,3577,4088,0.0022276926,4492
56,13,3832,255,206.3824150730222,49.02050090696908,3577,0,4088,511,0.0021128354,4492
57,13,3832,766,206.40317767602085,49.01336536775338,3577,511,4088,1022,0.0022097256,4492
58,13,3832,1277,206.42393433404195,49.00622610189721,3577,1022,4088,1533,0.0021972153,4492
59,13,3832,1788,206.44468504419262,48.99908311242984,3577,1533,4088,2044,0.0022168765,4492
60,13,3832,2299,206.46542980358777,48.99193640238237,3577,2044,4088,2555,0.0021702573,4492
61,13,3832,2810,206.48616860935033,48.98478597478768,3577,2555,4088,3066,0.002171786,4492
62,13,3832,3321,206.506901458611,48.97763183268043,3577,3066,4088,3577,694.24677,1
63,13,3832,3832,206.52762834850847,48.97047397909715,3577,3577,4088,4088,0.002248886,4492
0,14,255,255,206.11172491699614,48.989015089426275,0,0,511,511,0.0023051612,4492
1,14,255,766,206.13208238332666,48.98207123499185,0,511,511,1022,0.0024180273,4492
2,14,255,1277,206.15243418302953,48.97512379756171,0,1022,511,1533,0.0022229997,4492
3,14,255,1788,206.17278031333692,48.968172779966984,0,1533,511,2044,0.0024992323,199
4,14,255,2299,206.19312077148828,48.961218185040515,0,2044,511,2555,261.68643,1
5,14,255,2810,206.21345555473036,48.954260015616825,0,2555,511,3066,0.0022968003,4492
6,14,255,3321,206.23378466031716,48.947298274532145,0,3066,511,3577,0.0021907291,4492
7,14,255,3832,206.25410808550984,48.940332964624325,0,3577,511,4088,0.0022593662,4492
8,14,766,255,206.12213167429755,49.00289996332862,511,0,1022,511,0.0022886074,4492
9,14,766,766,206.14249337001218,48.99595427879527,511,511,1022,1022,0.002322994,4492
10,14,766,1277,206.16284939371275,48.98900500999971,511,1022,1022,1533,0.002181056,4492
11,14,766,1788,206.18319974263224,48.982052159775,511,1533,1022,2044,0.0023445352,4492
12,14,766,2299,206.20354441401093,48.9750957309559,511,2044,1022,2555,0.0024423474,199
13,14,766,2810,206.22388340509642,48.96813572637886,511,2555,1022,3066,0.0022323166,4492
14,14,766,3321,206.24421671314346,48.961172148881936,511,3066,1022,3577,0.002201701,4492
15,14,766,3832,206.26454433541417,48.95420500130498,511,3577,1022,4088,64.47685,1
16,14,1277,255,206.13254423961766,49.016783905728154,1022,0,1533,511,0.002282874,594
17,14,1277,766,206.15291016492225,49.00983639034601,1022,511,1533,1022,0.0024135392,4492
18,14,1277,1277,206.17327041282113,49.00288528943581,1022,1022,1533,1533,0.0024613629,4492
19,14,1277,1788,206.19362498054807,48.99593060583253,1022,1533,1533,2044,0.0023310143,4492
20,14,1277,2299,206.21397386534423,48.98897234237284,1022,2044,1533,2555,0.0022398871,4492
21,14,1277,2810,206.23431706445797,48.98201050189512,1022,2555,1533,3066,0.0021926584,4492
22,14,1277,3321,206.25465457514497,48.9750450872393,1022,3066,1533,3577,0.002184566,4492
23,14,1277,3832,206.27498639466816,48.96807610124716,1022,3577,1533,4088,0.0022482153,4492
24,14,1788,255,206.14296261713162,49.03066691361791,1533,0,2044,511,0.0021468408,4492
25,14,1788,766,206.16333277222952,49.0237175666368,1533,511,2044,1022,0.0023333537,594
26,14,1788,1277,206.1836972445248,49.01676463286245,1533,1022,2044,1533,0.0022749554,4492
27,14,1788,1788,206.20405603125212,49.00980811513173,1533,1533,2044,2044,0.0022091176,4492
28,14,1788,2299,206.22440912965337,49.002848016283224,1533,2044,2044,2555,0.0022542814,4492
29,14,1788,2810,206.2447565369778,48.99588433915718,1533,2555,2044,3066,0.0022706012,4492
30,14,1788,3321,206.26509825048194,48.98891708659555,1533,3066,2044,3577,0.002367692,594
31,14,1788,3832,206.2854342674295,48.98194626144195,1533,3577,2044,4088,0.0023320934,4492
32,14,2299,255,206.1533868110177,49.04454898399024,2044,0,2555,511,0.0021443248,4492
33,14,2299,766,206.17376119610987,49.03759780465975,2044,511,2555,1022,0.002337692,4492
34,14,2299,1277,206.19412989299724,49.0306430372714,2044,1022,2555,1533,0.00224953,4492
35,14,2299,1788,206.2144928989153,49.023684684664055,2044,1533,2555,2044,0.0022046394,4492
36,14,2299,2299,206.2348502111068,49.0167227496782,2044,2044,2555,2555,0.002142777,4492
37,14,2299,2810,206.25520182682183,49.00975723515598,2044,2555,2555,3066,0.0022295758,4492
38,14,2299,3321,206.27554774331773,49.002788143941245,2044,3066,2555,3577,0.0023644052,4492
39,14,2299,3832,206.29588795785918,48.99581547887957,2044,3577,2555,4088,0.0022725663,594
40,14,2810,255,206.16381682545736,49.05843011383684,2555,0,3066,511,0.0023179862,594
41,14,2810,766,206.1841954407422,49.05147710140617,2555,511,3066,1022,0.0022325674,4492
42,14,2810,1277,206.20456836241482,49.044520499653736,2555,1022,3066,1533,0.002161913,4492
43,14,2810,1788,206.2249355877115,49.03756031142031,2555,1533,3066,2044,0.0021753057,4492
44,14,2810,2299,206.24529711387592,49.030596539548235,2555,2044,3066,2555,106.30486,1
45,14,2810,2810,206.26565293815895,49.023629186881635,2555,2555,3066,3066,0.002195654,4492
46,14,2810,3321,206.28600305781885,49.01665825626629,2555,3066,3066,3577,0.0021509342,4492
47,14,2810,3832,206.3063474701211,49.00968375054963,2555,3577,3066,4088,0.0022135929,4492
48,14,3321,255,206.17425266463522,49.07231030014861,3066,0,3577,511,0.0022047977,4492
49,14,3321,766,206.19463551030864,49.06535545386672,3066,511,3577,1022,0.0022104806,4492
50,14,3321,1277,206.21501265695716,49.0583970169998,3066,1022,3577,1533,0.002214288,4492
51,14,3321,1788,206.23538410181789,49.05143499239049,3066,1533,3577,2044,0.002229072,4492
52,14,3321,2299,206.25574984213537,49.04446938288309,3066,2044,3577,2555,0.0021695755,4492
53,14,3321,2810,206.27610987516132,49.037500191323645,3066,2555,3577,3066,0.0022101223,4492
54,14,3321,3321,206.29646419815487,49.03052742055985,3066,3066,3577,3577,0.0022263485,4492
55,14,3321,3832,206.31681280838234,49.023551073441006,3066,3577,3577,4088,0.0021913345,4492
56,14,3832,255,206.1846943327389,49.086189539915836,3577,0,4088,511,84.22179,1
57,14,3832,766,206.20508140899432,49.0792328590314,3577,511,4088,1022,0.0021024137,4492
58,14,3832,1277,206.2254627808069,49.07227258629925,3577,1022,4088,1533,0.0021792024,4492
59,14,3832,1788,206.24583844541462,49.06530872456399,3577,1533,4088,2044,0.0021722112,4492
60,14,3832,2299,206.26620840006277,49.05834127667184,3577,2044,4088,2555,0.0022674461,4492
61,14,3832,2810,206.28657264200405,49.05137024547078,3577,2555,4088,3066,0.0021224562,4492
62,14,3832,3321,206.30693116849835,49.04439563381036,3577,3066,4088,3577,0.0021935876,4492
63,14,3832,3832,206.32728397681296,49.03741744454189,3577,3577,4088,4088,0.0021830376,4492
0,15,255,255,205.9363920131802,49.04783278941664,0,0,511,511,0.0020891053,184
1,15,255,766,205.95627424523948,49.041023914864134,0,511,511,1022,0.0021184173,184
2,15,255,1277,205.97615103902785,49.034211623685,0,1022,511,1533,0.0022733184,184
3,15,255,1788,205.99602239199376,49.02739591852883,0,1533,511,2044,0.0021862816,184
4,15,255,2299,206.01588830159247,49.0205768020468,0,2044,511,2555,0.0021699343,184
5,15,255,2810,206.03574876528577,49.01375427689154,0,2555,511,3066,0.0022486125,184
6,15,255,3321,206.05560378054207,49.00692834571727,0,3066,511,3577,0.0024922886,199
7,15,255,3832,206.07545334483646,49.0000990111797,0,3577,511,4088,0.0023788097,184
8,15,766,255,205.94666405866397,49.06162672144568,511,0,1022,511,0.0021272292,184
9,15,766,766,205.9665504061875,49.05481608311534,511,511,1022,1022,0.0019973733,184
10,15,766,1277,205.9864313103295,49.04800202695306,511,1022,1022,1533,0.0019876559,4492
11,15,766,1788,206.00630676853933,49.04118455561026,511,1533,1022,2044,0.002303074,199
12,15,766,2299,206.02617677827288,49.03436367173981,511,2044,1022,2555,0.0022679674,184
13,15,766,2810,206.04604133699283,49.0275393779962,511,2555,1022,3066,0.0021973741,184
14,15,766,3321,206.06590044216833,49.02071167703534,511,3066,1022,3577,0.00231617,184
15,15,766,3832,206.08575409127525,49.013880571514726,511,3577,1022,4088,0.0021336693,184
16,15,1277,255,205.95694181117034,49.07541974618346,1022,0,1533,511,0.0021462026,594
17,15,1277,766,205.9768322743831,49.06860734336482,1022,511,1533,1022,0.0020808598,594
18,15,1277,1277,205.99671728909885,49.06179152150956,1022,1022,1533,1533,0.0021440608,199
19,15,1277,1788,206.0165968527677,49.05497228327083,1022,1533,1533,2044,0.002160094,594
20,15,1277,2299,206.03647096284632,49.048149631303346,1022,2044,1533,2555,0.0020777467,4492
21,15,1277,2810,206.05633961679817,49.04132356826327,1022,2555,1533,3066,0.0021585342,594
22,15,1277,3321,206.0762028120932,49.034494096808366,1022,3066,1533,3577,0.0021143698,184
23,15,1277,3832,206.09606054620807,49.027661219597796,1022,3577,1533,4088,0.0022691314,199
24,15,1788,255,205.96722527479477,49.08921186069905,1533,0,2044,511,0.0020543092,594
25,15,1788,766,205.9871198539195,49.082397692681376,1533,511,2044,1022,0.0020412363,4492
26,15,1788,1277,206.00700897942673,49.07558010442299,1533,1022,2044,1533,0.0022761952,594
27,15,1788,1788,206.02689264876736,49.068759098578816,1533,1533,2044,2044,0.002288331,184
28,15,1788,2299,206.04677085939895,49.0619346778053,1533,2044,2044,2555,0.0021051934,4492
29,15,1788,2810,206.0666436087856,49.05510684476041,1533,2555,2044,3066,0.0021766566,184
30,15,1788,3321,206.08651089439812,49.04827560210365,1533,3066,2044,3577,0.0023205862,594
31,15,1788,3832,206.10637271371402,49.041440952495975,1533,3577,2044,4088,0.0021794497,184
32,15,2299,255,205.97751445363582,49.10300306206089,2044,0,2555,511,0.002099572,594
33,15,2299,766,205.99741314889286,49.09618712813315,2044,511,2555,1022,60.074535,1
34,15,2299,1277,206.01730638540698,49.089367772761214,2044,1022,2555,1533,0.0020065282,4492
35,15,2299,1788,206.03719416062992,49.08254499860175,2044,1533,2555,2044,0.0021061366,4492
36,15,2299,2299,206.05707647201993,49.07571880831294,2044,2044,2555,2555,2145.0332,1
37,15,2299,2810,206.07695331704195,49.06888920455459,2044,2555,2555,3066,0.002080835,594
38,15,2299,3321,206.0968246931676,49.0620561899879,2044,3066,2555,3577,0.0021634742,594
39,15,2299,3832,206.11669059787525,49.055219767275666,2044,3577,2555,4088,0.0022110927,594
40,15,2810,255,205.98780935179514,49.116793347336674,2555,0,3066,511,0.0019254086,4492
41,15,2810,766,206.00771216340254,49.10997564678755,2555,511,3066,1022,0.0019461281,4492
42,15,2810,1277,206.02760951113663,49.10315452359133,2555,1022,3066,1533,0.0021440156,594
43,15,2810,1788,206.04750139244993,49.096329980406416,2555,1533,3066,2044,0.0020474398,594
44,15,2810,2299,206.0673878048015,49.089502019892834,2555,2044,3066,2555,1776.3247,1
45,15,2810,2810,206.08726874565716,49.08267064471206,2555,2555,3066,3066,0.002244097,594
46,15,2810,3321,206.10714421248923,49.07583585752713,2555,3066,3066,3577,0.002210737,594
47,15,2810,3832,206.12701420277693,49.06899766100258,2555,3577,3066,4088,509.11908,1
48,15,3321,255,205.99810997337747,49.130582713593455,3066,0,3577,511,0.0018410953,4492
49,15,3321,766,206.01801690155085,49.12376324571137,3066,511,3577,1022,0.001977433,594
50,15,3321,1277,206.03791836071568,49.11694035397982,3066,1022,3577,1533,0.0020387508,594
51,15,3321,1788,206.0578143483251,49.110114041059056,3066,1533,3577,2044,2328.0632,1
52,15,3321,2299,206.0777048618391,49.10328430961084,3066,2044,3577,2555,0.0020414041,4492
53,15,3321,2810,206.09758989872418,49.09645116229843,3066,2555,3577,3066,0.0021415623,594
54,15,3321,3321,206.1174694564536,49.08961460178663,3066,3066,3577,3577,0.0020831134,594
55,15,3321,3832,206.1373435325073,49.082774630741724,3066,3577,3577,4088,0.0020762123,4492
56,15,3832,255,206.00841632249055,49.14437115789761,3577,0,4088,511,0.0019718173,4492
57,15,3832,766,206.02832736744332,49.13754992197064,3577,511,4088,1022,0.0018586419,4492
58,15,3832,1277,206.0482329382472,49.130725260992484,3577,1022,4088,1533,0.0021441435,594
59,15,3832,1788,206.0681330323562,49.12389717762514,3577,1533,4088,2044,0.002181088,199
60,15,3832,2299,206.088027647231,49.11706567453217,3577,2044,4088,2555,0.002116161,594
61,15,3832,2810,206.10791678033902,49.110230754378605,3577,2555,4088,3066,0.0021767563,199
62,15,3832,3321,206.12780042915432,49.10339241983102,3577,3066,4088,3577,0.0020344355,4492
63,15,3832,3832,206.14767859115761,49.09655067355745,3577,3577,4088,4088,0.0020542115,4492
0,16,255,255,206.30404571311686,48.773527323885126,0,0,511,511,0.003017142,184
1,16,255,766,206.32475695306587,48.76632099348357,0,511,511,1022,0.0026768495,184
2,16,255,1277,206.34546225546075,48.759110950577245,0,1022,511,1533,0.00265726,184
3,16,255,1788,206.3661616174488,48.751897198216085,0,1533,511,2044,0.0026395782,184
4,16,255,2299,206.38685503618524,48.74467973945192,0,2044,511,2555,0.0025289648,184
5,16,255,2810,206.4075425088331,48.737458577338316,0,2555,511,3066,0.0025565512,184
6,16,255,3321,206.4282240325632,48.730233714930584,0,3066,511,3577,0.002511817,184
7,16,255,3832,206.4488996045542,48.72300515528595,0,3577,511,4088,0.0025512949,184
8,16,766,255,206.3145051127156,48.7873618777126,511,0,1022,511,0.0025415514,184
9,16,766,766,206.3352205653486,48.78015367412427,511,511,1022,1022,0.0025873932,184
10,16,766,1277,206.3559300748477,48.7729417567347,511,1022,1022,1533,0.0025244134,184
11,16,766,1788,206.37663363836128,48.76572612859594,511,1533,1022,2044,0.0024351035,184
12,16,766,2299,206.39733125304542,48.75850679276171,511,2044,1022,2555,0.0025747109,184
13,16,766,2810,206.41802291606425,48.751283752287684,511,2555,1022,3066,0.0023835062,184
14,16,766,3321,206.43870862458957,48.74405701023122,511,3066,1022,3577,0.0025455498,184
15,16,766,3832,206.45938837580107,48.73682656965149,511,3577,1022,4088,0.0024497297,184
16,16,1277,255,206.3249702845602,48.80119548953038,1022,0,1533,511,0.0026723612,184
17,16,1277,766,206.34568994999123,48.79398541200744,1022,511,1533,1022,0.002507781,184
18,16,1277,1277,206.3664036667032,48.7867716193875,1022,1022,1533,1533,0.0024572932,184
19,16,1277,1788,206.38711143184557,48.77955411472462,1022,1533,1533,2044,0.00259649,184
20,16,1277,2299,206.4078132425755,48.772332901074584,1022,2044,1533,2555,0.0024968584,184
21,16,1277,2810,206.42850909605795,48.765107981495035,1022,2555,1533,3066,0.002491671,184
22,16,1277,3321,206.44919898946586,48.757879359045376,1022,3066,1533,3577,0.0023706334,184
23,16,1277,3832,206.46988291997994,48.75064703678682,1022,3577,1533,4088,0.0024713106,184
24,16,1788,255,206.3354412327315,48.815028156340354,1533,0,2044,511,0.002455025,184
25,16,1788,766,206.35616511107185,48.80781620413465,1533,511,2044,1022,0.0024454393,184
26,16,1788,1277,206.37688303510285,48.80060053553689,1533,1022,2044,1533,615.1046,1
27,16,1788,1788,206.39759500197476,48.79338115360313,1533,1533,2044,2044,0.0024374588,184
28,16,1788,2299,206.4183010088458,48.78615806139121,1533,2044,2044,2555,0.0023346215,184
29,16,1788,2810,206.439001052882,48.77893126196076,1533,2555,2044,3066,0.0024195279,184
30,16,1788,3321,206.4596951312573,48.771700758373235,1533,3066,2044,3577,0.0024266022,184
31,16,1788,3832,206.4803832411534,48.764466553691825,1533,3577,2044,4088,0.002387618,184
32,16,2299,255,206.34591796131318,48.82885987514362,2044,0,2555,511,0.002413622,184
33,16,2299,766,206.36664605267177,48.82164604750677,2044,511,2555,1022,0.0023089952,594
34,16,2299,1277,206.3873681841252,48.814428502183446,2044,1022,2555,1533,0.0023362562,184
35,16,2299,1788,206.4080843528248,48.80720724223177,2044,1533,2555,2044,0.0023731985,184
36,16,2299,2299,206.42879455592978,48.79998227071161,2044,2044,2555,2555,0.0023232582,4492
37,16,2299,2810,206.4494987906072,48.79275359068461,2044,2555,2555,3066,0.0023674932,184
38,16,2299,3321,206.470197054032,48.78552120521422,2044,3066,2555,3577,0.0023606175,4492
39,16,2299,3832,206.49088934338698,48.77828511736574,2044,3577,2555,4088,0.0024144077,594
40,16,2810,255,206.35640047439196,48.842690642940646,2555,0,3066,511,0.0023724912,184
41,16,2810,766,206.37713277887497,48.83547493912394,2555,511,3066,1022,0.0023389747,184
42,16,2810,1277,206.39785911785174,48.82825551632706,2555,1022,3066,1533,0.0023810742,184
43,16,2810,1788,206.4185794884746,48.82103237761017,2555,1533,3066,2044,0.0024101492,184
44,16,2810,2299,206.43929388790372,48.813805526035125,2555,2044,3066,2555,0.0023313677,4492
45,16,2810,2810,206.46000231330723,48.806574964665636,2555,2555,3066,3066,0.0023874526,184
46,16,2810,3321,206.4807047618611,48.79934069656719,2555,3066,3066,3577,0.0023345838,4492
47,16,2810,3832,206.50140123074922,48.79210272480706,2555,3577,3066,4088,0.0022862763,4492
48,16,3321,255,206.36688877605752,48.85652045673118,3066,0,3577,511,0.0023289204,184
49,16,3321,766,206.38762529376862,48.84930287598565,3066,511,3577,1022,0.0022182784,4492
50,16,3321,1277,206.408355840367,48.84208157496694,3066,1022,3577,1533,0.0022937085,4492
51,16,3321,1788,206.429080413006,48.83485655673723,3066,1533,3577,2044,0.0023063053,4492
52,16,3321,2299,206.44979900884687,48.8276278243604,3066,2044,3577,2555,0.002327914,594
53,16,3321,2810,206.47051162505875,48.82039538090222,3066,2555,3577,3066,0.0023385757,184
54,16,3321,3321,206.4912182588186,48.813159229430184,3066,3066,3577,3577,0.0023484244,4492
55,16,3321,3832,206.5119189073114,48.80591937301359,3066,3577,3577,4088,0.002392765,594
56,16,3832,255,206.3773828704025,48.8703493135143,3577,0,4088,511,9323.727,1
57,16,3832,766,206.39812360144268,48.863129855090676,3577,511,4088,1022,0.0023445075,4492
58,16,3832,1277,206.41885835575832,48.855906675101565,3577,1022,4088,1533,0.0022885085,4492
59,16,3832,1788,206.4395871305038,48.848679776611164,3577,1533,4088,2044,0.002292133,4492
60,16,3832,2299,206.46030992284142,48.84144916268542,3577,2044,4088,2555,0.0022394643,4492
61,16,3832,2810,206.48102672994128,48.834214836392036,3577,2555,4088,3066,0.0023018727,594
62,16,3832,3321,206.50173754898148,48.82697680080064,3577,3066,4088,3577,0.00232502,4492
63,16,3832,3832,206.52244237714797,48.81973505898249,3577,3577,4088,4088,0.002291617,4492
0,17,255,255,206.10701899449424,48.83942753121057,0,0,511,511,0.003255301,184
1,17,255,766,206.127390171665,48.83235977121317,0,511,511,1022,0.0032237242,184
2,17,255,1277,206.1477556075081,48.82528842079844,0,1022,511,1533,0.0032353208,184
3,17,255,1788,206.16811529930646,48.818213482859115,0,1533,511,2044,0.0032002784,184
4,17,255,2299,206.18846924435056,48.8111349602897,0,2044,511,2555,1739.1139,1
5,17,255,2810,206.20881743993803,48.80405285598631,0,2555,511,3066,0.0027654914,184
6,17,255,3321,206.229159883374,48.79696717284679,0,3066,511,3577,0.0028592846,184
7,17,255,3832,206.24949657197075,48.78987791377055,0,3577,511,4088,0.0028343024,184
8,17,766,255,206.11721934307965,48.85324894160944,511,0,1022,511,0.0030485226,184
9,17,766,766,206.1375947086524,48.84617938534019,511,511,1022,1022,0.002911957,184
10,17,766,1277,206.15796432755138,48.83910623737856,511,1022,1022,1533,0.0032211966,184
11,17,766,1788,206.17832819706055,48.832029500619235,511,1533,1022,2044,0.0030166714,184
12,17,766,2299,206.19868631447113,48.824949177958565,511,2044,1022,2555,0.0030836137,184
13,17,766,2810,206.21903867708173,48.81786527229462,511,2555,1022,3066,0.0029094599,184
14,17,766,3321,206.2393852821982,48.81077778652706,511,3066,1022,3577,0.0029553997,184
15,17,766,3832,206.25972612713386,48.80368672355726,511,3577,1022,4088,0.0027354853,184
16,17,1277,255,206.12742532858346,48.86706945647367,1022,0,1533,511,0.0030413247,184
17,17,1277,766,206.14780488278413,48.85999810322708,1022,511,1533,1022,43.870174,1
18,17,1277,1277,206.16817868495994,48.8529231570137,1022,1022,1533,1533,0.0030761138,184
19,17,1277,1788,206.18854673239568,48.845844620730155,1022,1533,1533,2044,0.0026633977,184
20,17,1277,2299,206.20890902238335,48.83876249727462,1022,2044,1533,2555,0.002905512,184
21,17,1277,2810,206.22926555222253,48.83167678954708,1022,2555,1533,3066,0.0028979843,184
22,17,1277,3321,206.24961631921994,48.82458750044911,1022,3066,1533,3577,0.0027916858,184
23,17,1277,3832,206.26996132068976,48.81749463288399,1022,3577,1533,4088,0.0029533203,184
24,17,1788,255,206.13763695503124,48.880889072878674,1533,0,2044,511,0.0028359161,184
25,17,1788,766,206.15802069808356,48.873815921949,1533,511,2044,1022,0.0029135386,184
26,17,1788,1277,206.17839868375478,48.866739176778744,1533,1022,2044,1533,0.0027276324,184
27,17,1788,1788,206.19877090933042,48.85965884026641,1533,1533,2044,2044,0.0025749316,184
28,17,1788,2299,206.21913737210352,48.85257491531212,1533,2044,2044,2555,0.0028074463,184
29,17,1788,2810,206.2394980693744,48.84548740481771,1533,2555,2044,3066,3446.364,1
30,17,1788,3321,206.25985299845078,48.83839631168669,1533,3066,2044,3577,0.002708709,184
31,17,1788,3832,206.28020215664768,48.83130163882418,1533,3577,2044,4088,0.002684524,184
32,17,2299,255,206.14785422645184,48.89470778789924,2044,0,2555,511,0.002799126,184
33,17,2299,766,206.16824215857716,48.88763283858042,2044,511,2555,1022,0.0027716418,184
34,17,2299,1277,206.18862432795987,48.88055429374786,2044,1022,2555,1533,0.002739725,184
35,17,2299,1788,206.2090007318865,48.873472156301936,2044,1533,2555,2044,0.0025837761,184
36,17,2299,2299,206.22937136765088,48.86638642914468,2044,2044,2555,2555,0.0027466717,184
37,17,2299,2810,206.24973623255428,48.85929711517981,2044,2555,2555,3066,0.0026798444,184
38,17,2299,3321,206.27009532390528,48.85220421731277,2044,3066,2555,3577,0.0026468877,184
39,17,2299,3832,206.2904486390198,48.84510773845058,2044,3577,2555,4088,0.00241141,184
40,17,2810,255,206.15807714687696,48.90852559860947,2555,0,3066,511,0.0027665135,184
41,17,2810,766,206.1784692682942,48.90144885019518,2555,511,3066,1022,0.0027605472,184
42,17,2810,1277,206.1988556216023,48.89436850499457,2555,1022,3066,1533,0.002621718,184
43,17,2810,1788,206.2192362040886,48.88728456590995,2555,1533,3066,2044,2810.6743,1
44,17,2810,2299,206.2396110130478,48.880197035845235,2555,2044,3066,2555,0.002603627,184
45,17,2810,2810,206.25998004578213,48.873105917706084,2555,2555,3066,3066,0.0025581007,184
46,17,2810,3321,206.28034329960096,48.86601121439978,2555,3066,3066,3577,0.0025189877,184
47,17,2810,3832,206.3007007718212,48.85891292883527,2555,3577,3066,4088,0.0024749627,184
48,17,3321,255,206.16830572034132,48.92234250208282,3066,0,3577,511,0.0026571986,184
49,17,3321,766,206.18870203126716,48.91526395386639,3066,511,3577,1022,0.0026936275,184
50,17,3321,1277,206.20909256871207,48.90818180759174,3066,1022,3577,1533,0.0024361727,184
51,17,3321,1788,206.22947732996434,48.901096066163014,3066,1533,3577,2044,0.0024609277,184
52,17,3321,2299,206.24985631231957,48.89400673248609,3066,2044,3577,2555,0.0025854493,184
53,17,3321,2810,206.2702295130808,48.88691380946848,3066,2555,3577,3066,0.0024743807,184
54,17,3321,3321,206.2905969295584,48.87981730001937,3066,3066,3577,3577,0.0024621435,184
55,17,3321,3832,206.3109585590702,48.87271720704963,3066,3577,3577,4088,0.0024930201,184
56,17,3832,255,206.17853995088277,48.936158495392064,3577,0,4088,511,0.002623579,184
57,17,3832,766,206.1989404515314,48.929078146666555,3577,511,4088,1022,0.002545787,184
58,17,3832,1277,206.21933517332224,48.921994198611564,3577,1022,4088,1533,0.0026415486,184
59,17,3832,1788,206.2397241135444,48.91490665413305,3577,1533,4088,2044,0.0024118433,184
60,17,3832,2299,206.26010726949443,48.90781551613882,3577,2044,4088,2555,0.0023670138,4492
61,17,3832,2810,206.28048463847625,48.9007207875383,3577,2555,4088,3066,0.0024707415,184
62,17,3832,3321,206.30085621780114,48.89362247124258,3577,3066,4088,3577,0.002523494,184
63,17,3832,3832,206.3212220047878,48.88652057016446,3577,3577,4088,4088,218.16136,1
0,18,255,255,205.93298576644068,48.89709180846834,0,0,511,511,0.000205858,4492
1,18,255,766,205.9529021591387,48.89009979158048,0,511,511,1022,0.0030796647,184
2,18,255,1277,205.972812987274,48.883104343772686,0,1022,511,1533,0.003402753,184
3,18,255,1788,205.99271824837146,48.87610546778536,0,1533,511,2044,0.003060656,184
4,18,255,2299,206.0126179399626,48.869103166360354,0,2044,511,2555,0.003370593,184
5,18,255,2810,206.03251205958574,48.86209744224111,0,2555,511,3066,0.003627851,184
6,18,255,3321,206.05240060478593,48.85508829817247,0,3066,511,3577,0.0031171725,184
7,18,255,3832,206.07228357311496,48.848075736900874,0,3577,511,4088,0.003583731,184
8,18,766,255,205.94305959207844,48.91083354393142,511,0,1022,511,0.0034024175,184
9,18,766,766,205.9629800570345,48.903839793076635,511,511,1022,1022,0.0031361326,184
10,18,766,1277,205.9828949523237,48.896842610085095,511,1022,1022,1533,0.0028861659,184
11,18,766,1788,206.00280427547168,48.88984199769892,511,1533,1022,2044,3709.5784,1
12,18,766,2299,206.0227080240108,48.88283795866175,511,2044,1022,2555,0.0032408608,184
13,18,766,2810,206.0426061954803,48.87583049571875,511,2555,1022,3066,0.003164321,184
14,18,766,3321,206.06249878742605,48.86881961161653,511,3066,1022,3577,407.81256,1
15,18,766,3832,206.08238579740078,48.86180530910331,511,3577,1022,4088,0.0036093036,184
16,18,1277,255,205.95313896378562,48.924574406149056,1022,0,1533,511,0.0029449214,184
17,18,1277,766,205.97306350123287,48.91757892066604,1022,511,1533,1022,0.003207815,184
18,18,1277,1277,205.99298246390416,48.91058000182998,1022,1022,1533,1533,0.0032600102,184
19,18,1277,1788,206.0128958493259,48.903577652384755,1022,1533,1533,2044,0.0030876955,184
20,18,1277,2299,206.03280365503147,48.89657187507577,1022,2044,1533,2555,0.0034813085,184
21,18,1277,2810,206.0527058785609,48.889562672649944,1022,2555,1533,3066,0.0030602613,184
22,18,1277,3321,206.07260251746098,48.88255004785572,1022,3066,1533,3577,0.0029356605,184
23,18,1277,3832,206.0924935692853,48.875534003443,1022,3577,1533,4088,0.0031835758,184
24,18,1788,255,205.96322388551923,48.93831439226423,1533,0,2044,511,0.0030396176,184
25,18,1788,766,205.98315249568844,48.93131717149135,1533,511,2044,1022,495.2125,1
26,18,1788,1277,206.0030755259677,48.92431651614969,1533,1022,2044,1533,0.0031957075,184
27,18,1788,1788,206.02299297388436,48.91731242898494,1533,1533,2044,2044,0.0031354318,184
28,18,1788,2299,206.04290483697258,48.91030491274426,1533,2044,2044,2555,0.0031461816,184
29,18,1788,2810,206.0628111127733,48.9032939701763,1533,2555,2044,3066,0.0033102168,184
30,18,1788,3321,206.08271179883423,48.896279604031285,1533,3066,2044,3577,976.03937,1
31,18,1788,3832,206.10260689270984,48.889261817060884,1533,3577,2044,4088,0.0030866023,184
32,18,2299,255,205.97331436123915,48.952053499419236,2044,0,2555,511,0.0027620997,184
33,18,2299,766,205.9932470443589,48.94505454269456,2044,511,2555,1022,0.0029553326,184
34,18,2299,1277,206.01317414246984,48.93805215018599,2044,1022,2555,1533,0.0029000905,184
35,18,2299,1788,206.03309565310022,48.93104632464093,2044,1533,2555,2044,0.003010387,184
36,18,2299,2299,206.05301157378506,48.92403706880835,2044,2044,2555,2555,0.0030148102,184
37,18,2299,2810,206.0729219020662,48.91702438543869,2044,2555,2555,3066,0.0027866478,184
38,18,2299,3321,206.09282663549226,48.91000827728385,2044,3066,2555,3577,0.0028929769,184
39,18,2299,3832,206.11272577161859,48.90298874709731,2044,3577,2555,4088,0.0031985422,184
40,18,2810,255,205.98341039490816,48.96579172475579,2555,0,3066,511,0.0029940226,184
41,18,2810,766,206.00334715120482,48.95879103141711,2555,511,3066,1022,0.0029498467,184
42,18,2810,1277,206.02327831736895,48.95178690107998,2555,1022,3066,1533,0.0029230658,184
43,18,2810,1788,206.04320389092968,48.94477933649357,2555,1533,3066,2044,0.0027247055,184
44,18,2810,2299,206.0631238694229,48.93776834040863,2555,2044,3066,2555,0.0029428012,184
45,18,2810,2810,206.0830382503913,48.93075391557733,2555,2555,3066,3066,0.002769742,184
46,18,2810,3321,206.10294703138447,48.92373606475338,2555,3066,3066,3577,0.0029540544,184
47,18,2810,3832,206.12285020995867,48.916714790692,2555,3577,3066,4088,0.00317472,184
48,18,3321,255,205.99351199049224,48.97952906541488,3066,0,3577,511,0.002710009,184
49,18,3321,766,206.0134528201899,48.97252663479969,3066,511,3577,1022,0.002589594,184
50,18,3321,1277,206.03338805462644,48.96552076597207,3066,1022,3577,1533,0.0025916067,184
51,18,3321,1788,206.0533176913318,48.95851146168302,3066,1533,3577,2044,0.0029249056,184
52,18,3321,2299,206.07324172784288,48.95149872468495,3066,2044,3577,2555,0.0028917952,184
53,18,3321,2810,206.09316016170322,48.94448255773187,3066,2555,3577,3066,0.0027696912,184
54,18,3321,3321,206.11307299046325,48.9374629635792,3066,3066,3577,3577,0.002797522,184
55,18,3321,3832,206.13298021168018,48.930439944983966,3066,3577,3577,4088,0.002748693,184
56,18,3832,255,206.00361915196018,48.99326551853686,3577,0,4088,511,0.002682841,184
57,18,3832,766,206.02356405528073,48.9862613499824,3577,511,4088,1022,0.0028309957,184
58,18,3832,1277,206.04350335820664,48.979253742002115,3577,1022,4088,1533,0.0025366857,184
59,18,3832,1788,206.0634370582688,48.97224269734876,3577,1533,4088,2044,0.0027161054,184
60,18,3832,2299,206.0833651530049,48.965228218776545,3577,2044,4088,2555,0.0028867745,199
61,18,3832,2810,206.1032876399595,48.9582103090412,3577,2555,4088,3066,0.002755001,184
62,18,3832,3321,206.12320451668387,48.951188970899985,3577,3066,4088,3577,71.715355,1
63,18,3832,3832,206.14311578073622,48.94416420711164,3577,3577,4088,4088,0.002871851,184
